Platform,URL,Product_Name,SKU_Identifier,True_SKU_Identifier,Price,Limit_Price,Price_Status,Scrape_Date,Main_Image_URL
京东,https://item.jd.com/10101734415932.html,蓝调烟机+power5.0（液）,S2411211436001,10101734415932,Not Found,1199,抓取失败,2026-04-22 10:16:02,d:\WorkSpace\03_Dev_自动化开发\001全新开发价格爬虫架构\error_screenshots\fail_JD_10101734415932.png
京东,https://item.jd.com/10101734415932.html,蓝调烟机+power5.0（液）,S2411211436001,10101734415932,Not Found,1199,抓取失败,2026-04-22 10:16:51,d:\WorkSpace\03_Dev_自动化开发\001全新开发价格爬虫架构\error_screenshots\fail_JD_10101734415932.png
拼多多,https://mobile.yangkeduo.com/goods.html?goods_id=912927521784,小京龙2Pro净矿,6923185656791,912927521784,1273,2499,破价警报 | 百亿补贴,2026-04-22 10:17:21,d:\WorkSpace\03_Dev_自动化开发\001全新开发价格爬虫架构\price_screenshots\2026-04-22_PDD_912927521784.jpg
拼多多,https://mobile.yangkeduo.com/goods.html?goods_id=908884844099,管线机2S,6923185652526,908884844099,709,1699,破价警报,2026-04-22 10:17:21,d:\WorkSpace\03_Dev_自动化开发\001全新开发价格爬虫架构\price_screenshots\2026-04-22_PDD_908884844099.jpg
拼多多,https://mobile.yangkeduo.com/goods.html?goods_id=908879495872,smart 前置过滤器 （VF4-A）,6923185621058,908879495872,289,499,破价警报,2026-04-22 10:17:22,d:\WorkSpace\03_Dev_自动化开发\001全新开发价格爬虫架构\price_screenshots\2026-04-22_PDD_908879495872.jpg
拼多多,https://mobile.yangkeduo.com/goods.html?goods_id=907974025123,小海豚1000G,6923185654865,907974025123,899,899,正常,2026-04-22 10:17:22,d:\WorkSpace\03_Dev_自动化开发\001全新开发价格爬虫架构\price_screenshots\2026-04-22_PDD_907974025123.jpg
拼多多,https://mobile.yangkeduo.com/goods.html?goods_id=907033710117,云米昆仑3矿泉净水器2S Pro,6923185656593,907033710117,2998,2899,高价待调整,2026-04-22 10:17:22,d:\WorkSpace\03_Dev_自动化开发\001全新开发价格爬虫架构\price_screenshots\2026-04-22_PDD_907033710117.jpg
拼多多,https://mobile.yangkeduo.com/goods.html?goods_id=873065157674,小海豚600G适用滤芯,6923185618379,873065157674,239,299,破价警报,2026-04-22 10:17:22,d:\WorkSpace\03_Dev_自动化开发\001全新开发价格爬虫架构\price_screenshots\2026-04-22_PDD_873065157674.jpg
拼多多,https://mobile.yangkeduo.com/goods.html?goods_id=872941778883,1000G复合滤芯,6923185653998,872941778883,288,298,破价警报,2026-04-22 10:17:22,d:\WorkSpace\03_Dev_自动化开发\001全新开发价格爬虫架构\price_screenshots\2026-04-22_PDD_872941778883.jpg
拼多多,https://mobile.yangkeduo.com/goods.html?goods_id=870799733097,油烟机 smart2,6923185653110,870799733097,1599,,正常,2026-04-22 10:17:22,d:\WorkSpace\03_Dev_自动化开发\001全新开发价格爬虫架构\price_screenshots\2026-04-22_PDD_870799733097.jpg
拼多多,https://mobile.yangkeduo.com/goods.html?goods_id=868834124642,云米AI油烟机Super升级,6923185605829,868834124642,1279,,正常,2026-04-22 10:17:23,d:\WorkSpace\03_Dev_自动化开发\001全新开发价格爬虫架构\price_screenshots\2026-04-22_PDD_868834124642.jpg
拼多多,https://mobile.yangkeduo.com/goods.html?goods_id=868851073714,小海豚3,6923185605867,868851073714,499,499,百亿补贴,2026-04-22 10:17:23,d:\WorkSpace\03_Dev_自动化开发\001全新开发价格爬虫架构\price_screenshots\2026-04-22_PDD_868851073714.jpg
拼多多,https://mobile.yangkeduo.com/goods.html?goods_id=862873034610,小海豚3,6923185605867,862873034610,618.8,499,高价待调整 | 百亿补贴,2026-04-22 10:17:27,d:\WorkSpace\03_Dev_自动化开发\001全新开发价格爬虫架构\price_screenshots\2026-04-22_PDD_862873034610.jpg
拼多多,https://mobile.yangkeduo.com/goods.html?goods_id=862584688956,门锁门禁卡,6923185654230,862584688956,25,19,高价待调整,2026-04-22 10:17:27,d:\WorkSpace\03_Dev_自动化开发\001全新开发价格爬虫架构\price_screenshots\2026-04-22_PDD_862584688956.jpg
拼多多,https://mobile.yangkeduo.com/goods.html?goods_id=861508688697,管线机2E,6923185650966,861508688697,989,1599,破价警报,2026-04-22 10:17:27,d:\WorkSpace\03_Dev_自动化开发\001全新开发价格爬虫架构\price_screenshots\2026-04-22_PDD_861508688697.jpg
拼多多,https://mobile.yangkeduo.com/goods.html?goods_id=852932116812,小海豚600G+滤芯套餐,S2508151538001,852932116812,772,,百亿补贴,2026-04-22 10:17:28,d:\WorkSpace\03_Dev_自动化开发\001全新开发价格爬虫架构\price_screenshots\2026-04-22_PDD_852932116812.jpg
拼多多,https://mobile.yangkeduo.com/goods.html?goods_id=852614628903,云米厨余垃圾处理器  PowerBox 尊享版,6923185610250,852614628903,889,,百亿补贴,2026-04-22 10:17:29,d:\WorkSpace\03_Dev_自动化开发\001全新开发价格爬虫架构\price_screenshots\2026-04-22_PDD_852614628903.jpg
拼多多,https://mobile.yangkeduo.com/goods.html?goods_id=852161740747,小海豚600G+,6923185653684,852161740747,899,559,高价待调整,2026-04-22 10:17:29,d:\WorkSpace\03_Dev_自动化开发\001全新开发价格爬虫架构\price_screenshots\2026-04-22_PDD_852161740747.jpg
拼多多,https://mobile.yangkeduo.com/goods.html?goods_id=852010588191,蓝调2Pro-JSQ30-VGW1641,6923185656869,852010588191,934.15,,正常,2026-04-22 10:17:30,d:\WorkSpace\03_Dev_自动化开发\001全新开发价格爬虫架构\price_screenshots\2026-04-22_PDD_852010588191.jpg
拼多多,https://mobile.yangkeduo.com/goods.html?goods_id=850883552953,云米·泉先AI净水器蓝调600G+,6923185653592,850883552953,649,999,破价警报,2026-04-22 10:17:30,d:\WorkSpace\03_Dev_自动化开发\001全新开发价格爬虫架构\price_screenshots\2026-04-22_PDD_850883552953.jpg
拼多多,https://mobile.yangkeduo.com/goods.html?goods_id=850344043841,云米AI净饮机Super 2,6923185615415,850344043841,1009,1699,破价警报,2026-04-22 10:17:30,d:\WorkSpace\03_Dev_自动化开发\001全新开发价格爬虫架构\price_screenshots\2026-04-22_PDD_850344043841.jpg
拼多多,https://mobile.yangkeduo.com/goods.html?goods_id=849648457333,云米AI昆仑矿泉净水机 Super 2E 2500,6923185654254,849648457333,1459,2499,破价警报,2026-04-22 10:17:30,d:\WorkSpace\03_Dev_自动化开发\001全新开发价格爬虫架构\price_screenshots\2026-04-22_PDD_849648457333.jpg
拼多多,https://mobile.yangkeduo.com/goods.html?goods_id=849000374681,云米AI净水器Super 2Y 1200G,6923185653981,849000374681,1189,1899,破价警报,2026-04-22 10:17:41,d:\WorkSpace\03_Dev_自动化开发\001全新开发价格爬虫架构\price_screenshots\2026-04-22_PDD_849000374681.jpg
拼多多,https://mobile.yangkeduo.com/goods.html?goods_id=837301408995,云米AI冷热管线机Super2 Pro,6923185655794,837301408995,1449,1999,破价警报,2026-04-22 10:17:42,d:\WorkSpace\03_Dev_自动化开发\001全新开发价格爬虫架构\price_screenshots\2026-04-22_PDD_837301408995.jpg
拼多多,https://mobile.yangkeduo.com/goods.html?goods_id=832431516907,门锁普通版E30,6923185656074,832431516907,499,,正常,2026-04-22 10:17:42,d:\WorkSpace\03_Dev_自动化开发\001全新开发价格爬虫架构\price_screenshots\2026-04-22_PDD_832431516907.jpg
拼多多,https://mobile.yangkeduo.com/goods.html?goods_id=823432069145,手持吸尘器,6923185611844,823432069145,999,602,高价待调整,2026-04-22 10:17:42,d:\WorkSpace\03_Dev_自动化开发\001全新开发价格爬虫架构\price_screenshots\2026-04-22_PDD_823432069145.jpg
拼多多,https://mobile.yangkeduo.com/goods.html?goods_id=774960777953,蓝调2燃气热水器13L,6923185655688,774960777953,999,,正常,2026-04-22 10:17:42,d:\WorkSpace\03_Dev_自动化开发\001全新开发价格爬虫架构\price_screenshots\2026-04-22_PDD_774960777953.jpg
拼多多,https://mobile.yangkeduo.com/goods.html?goods_id=767193647325,门锁掌静脉,6923185655398,767193647325,1104,,正常,2026-04-22 10:17:42,d:\WorkSpace\03_Dev_自动化开发\001全新开发价格爬虫架构\price_screenshots\2026-04-22_PDD_767193647325.jpg
拼多多,https://mobile.yangkeduo.com/goods.html?goods_id=765112154467,小鲸鱼 马桶盖,6923185654537,765112154467,698.4,,正常,2026-04-22 10:17:42,d:\WorkSpace\03_Dev_自动化开发\001全新开发价格爬虫架构\price_screenshots\2026-04-22_PDD_765112154467.jpg
拼多多,https://mobile.yangkeduo.com/goods.html?goods_id=763759392708,云米AI油烟机 鲲鹏Pro,6923185605379,763759392708,2115.65,,正常,2026-04-22 10:17:43,d:\WorkSpace\03_Dev_自动化开发\001全新开发价格爬虫架构\price_screenshots\2026-04-22_PDD_763759392708.jpg
拼多多,https://mobile.yangkeduo.com/goods.html?goods_id=761822913595,云米智能马桶 小鲸鱼 2 Pro,6923185654575,761822913595,2399,,正常,2026-04-22 10:17:43,d:\WorkSpace\03_Dev_自动化开发\001全新开发价格爬虫架构\price_screenshots\2026-04-22_PDD_761822913595.jpg
拼多多,https://mobile.yangkeduo.com/goods.html?goods_id=743885774552,云米蓝调智能门锁（基础版）,6923185655381,743885774552,539,,正常,2026-04-22 10:17:43,d:\WorkSpace\03_Dev_自动化开发\001全新开发价格爬虫架构\price_screenshots\2026-04-22_PDD_743885774552.jpg
拼多多,https://mobile.yangkeduo.com/goods.html?goods_id=739863611562,云米AI油烟机 Smart 2 Pro,6923185653516,739863611562,1359,,正常,2026-04-22 10:17:54,d:\WorkSpace\03_Dev_自动化开发\001全新开发价格爬虫架构\price_screenshots\2026-04-22_PDD_739863611562.jpg
拼多多,https://mobile.yangkeduo.com/goods.html?goods_id=705715580268,智能门锁锂电池(5000mAh),6923185652953,705715580268,114,99,高价待调整,2026-04-22 10:17:54,d:\WorkSpace\03_Dev_自动化开发\001全新开发价格爬虫架构\price_screenshots\2026-04-22_PDD_705715580268.jpg
拼多多,https://mobile.yangkeduo.com/goods.html?goods_id=661859626284,小海豚-40L-2000w热水器,6923185681281,661859626284,599,,正常,2026-04-22 10:17:54,d:\WorkSpace\03_Dev_自动化开发\001全新开发价格爬虫架构\price_screenshots\2026-04-22_PDD_661859626284.jpg
拼多多,https://mobile.yangkeduo.com/goods.html?goods_id=657344402006,云米油烟机蓝调,6923185650973,657344402006,859,,正常,2026-04-22 10:17:54,d:\WorkSpace\03_Dev_自动化开发\001全新开发价格爬虫架构\price_screenshots\2026-04-22_PDD_657344402006.jpg
拼多多,https://mobile.yangkeduo.com/goods.html?goods_id=490426355421,500L十字门冰箱,6923185651123,490426355421,3199,,正常,2026-04-22 10:17:54,d:\WorkSpace\03_Dev_自动化开发\001全新开发价格爬虫架构\price_screenshots\2026-04-22_PDD_490426355421.jpg
拼多多,https://mobile.yangkeduo.com/goods.html?goods_id=484037745334,云米AI燃气灶power 5.0（天然气）,6923185654377,484037745334,1099,,正常,2026-04-22 10:17:55,d:\WorkSpace\03_Dev_自动化开发\001全新开发价格爬虫架构\price_screenshots\2026-04-22_PDD_484037745334.jpg
拼多多,https://mobile.yangkeduo.com/goods.html?goods_id=415597395169,电热3300W smart2,6923185651444,415597395169,979,,百亿补贴,2026-04-22 10:17:55,d:\WorkSpace\03_Dev_自动化开发\001全新开发价格爬虫架构\price_screenshots\2026-04-22_PDD_415597395169.jpg
拼多多,https://mobile.yangkeduo.com/goods.html?goods_id=413986425773,蓝调智能门锁（人脸猫眼版）,6923185654650,413986425773,999,,正常,2026-04-22 10:17:55,d:\WorkSpace\03_Dev_自动化开发\001全新开发价格爬虫架构\price_screenshots\2026-04-22_PDD_413986425773.jpg
拼多多,https://mobile.yangkeduo.com/goods.html?goods_id=364990106384,"即热1000G,MAIN84",6923185651116,364990106384,1359,1899,破价警报,2026-04-22 10:17:55,d:\WorkSpace\03_Dev_自动化开发\001全新开发价格爬虫架构\price_screenshots\2026-04-22_PDD_364990106384.jpg
拼多多,https://mobile.yangkeduo.com/goods.html?goods_id=325232192898,冰箱603,6923185650935,325232192898,2459,,正常,2026-04-22 10:17:58,d:\WorkSpace\03_Dev_自动化开发\001全新开发价格爬虫架构\price_screenshots\2026-04-22_PDD_325232192898.jpg
拼多多,https://mobile.yangkeduo.com/goods.html?goods_id=296957182528,复合滤芯,"6923185600138,6923185600145",296957182528,439,,正常,2026-04-22 10:18:09,d:\WorkSpace\03_Dev_自动化开发\001全新开发价格爬虫架构\price_screenshots\2026-04-22_PDD_296957182528.jpg
拼多多,https://mobile.yangkeduo.com/goods.html?goods_id=291141614396,F3-五合一,6923185614258,291141614396,269,298,破价警报,2026-04-22 10:18:10,d:\WorkSpace\03_Dev_自动化开发\001全新开发价格爬虫架构\price_screenshots\2026-04-22_PDD_291141614396.jpg
拼多多,https://mobile.yangkeduo.com/goods.html?goods_id=290543633215,复合滤芯,"6923185614258,6923185616177",290543633215,199,,正常,2026-04-22 10:18:11,d:\WorkSpace\03_Dev_自动化开发\001全新开发价格爬虫架构\price_screenshots\2026-04-22_PDD_290543633215.jpg
拼多多,https://mobile.yangkeduo.com/goods.html?goods_id=273348857003,云米蓝调智能门锁（基础版）,6923185655381,273348857003,538.77,,正常,2026-04-22 10:18:11,d:\WorkSpace\03_Dev_自动化开发\001全新开发价格爬虫架构\price_screenshots\2026-04-22_PDD_273348857003.jpg
拼多多,https://mobile.yangkeduo.com/goods.html?goods_id=264080849667,霸王锁体,6923185622154,264080849667,150,150,正常,2026-04-22 10:18:11,d:\WorkSpace\03_Dev_自动化开发\001全新开发价格爬虫架构\price_screenshots\2026-04-22_PDD_264080849667.jpg
拼多多,https://mobile.yangkeduo.com/goods.html?goods_id=259115850200,蓝调智能门锁（3D人脸版）,6923185654643,259115850200,699,,正常,2026-04-22 10:18:11,d:\WorkSpace\03_Dev_自动化开发\001全新开发价格爬虫架构\price_screenshots\2026-04-22_PDD_259115850200.jpg
拼多多,https://mobile.yangkeduo.com/goods.html?goods_id=231833573024,小烤箱6L,6923185603221,231833573024,199,174,高价待调整,2026-04-22 10:18:12,d:\WorkSpace\03_Dev_自动化开发\001全新开发价格爬虫架构\price_screenshots\2026-04-22_PDD_231833573024.jpg
拼多多,https://mobile.yangkeduo.com/goods.html?goods_id=225501370546,小海豚3,6923185605867,225501370546,895.5,499,高价待调整,2026-04-22 10:18:13,d:\WorkSpace\03_Dev_自动化开发\001全新开发价格爬虫架构\price_screenshots\2026-04-22_PDD_225501370546.jpg
拼多多,https://mobile.yangkeduo.com/goods.html?goods_id=224216987554,复合滤芯,"6923185614258,6923185615750,6923185614265",224216987554,199,,正常,2026-04-22 10:18:14,d:\WorkSpace\03_Dev_自动化开发\001全新开发价格爬虫架构\price_screenshots\2026-04-22_PDD_224216987554.jpg
拼多多,https://mobile.yangkeduo.com/goods.html?goods_id=220820325711,云米消毒柜（嵌入式）云米版,6923185604303,220820325711,764.15,,正常,2026-04-22 10:18:14,d:\WorkSpace\03_Dev_自动化开发\001全新开发价格爬虫架构\price_screenshots\2026-04-22_PDD_220820325711.jpg
拼多多,https://mobile.yangkeduo.com/goods.html?goods_id=219486126363,flash烟机,6923185613664,219486126363,899,,正常,2026-04-22 10:18:25,d:\WorkSpace\03_Dev_自动化开发\001全新开发价格爬虫架构\price_screenshots\2026-04-22_PDD_219486126363.jpg
拼多多,https://mobile.yangkeduo.com/goods.html?goods_id=209406625494,蓝调智能门锁（大屏猫眼版）,6923185654667,209406625494,999,,正常,2026-04-22 10:18:26,d:\WorkSpace\03_Dev_自动化开发\001全新开发价格爬虫架构\price_screenshots\2026-04-22_PDD_209406625494.jpg
拼多多,https://mobile.yangkeduo.com/goods.html?goods_id=205451808289,小厨宝,6923185611233,205451808289,282,,正常,2026-04-22 10:18:26,d:\WorkSpace\03_Dev_自动化开发\001全新开发价格爬虫架构\price_screenshots\2026-04-22_PDD_205451808289.jpg
拼多多,https://mobile.yangkeduo.com/goods.html?goods_id=205458105137,小海豚2 1000G,6923185654865,205458105137,899,899,正常,2026-04-22 10:18:27,d:\WorkSpace\03_Dev_自动化开发\001全新开发价格爬虫架构\price_screenshots\2026-04-22_PDD_205458105137.jpg
京东,https://item.jd.com/10101734415932.html,蓝调烟机+power5.0（液）,S2411211436001,10101734415932,Error,1199,脚本错误,2026-04-22 10:19:12,
京东,https://item.jd.com/10101734415932.html,蓝调烟机+power5.0（液）,S2411211436001,10101734415932,Not Found,1199,抓取失败,2026-04-22 10:41:33,d:\WorkSpace\03_Dev_自动化开发\001全新开发价格爬虫架构\error_screenshots\fail_JD_10101734415932.png
京东,https://item.jd.com/10101734415932.html,蓝调烟机+power5.0（液）,S2411211436001,10101734415932,Not Found,1199,抓取失败,2026-04-22 10:42:35,d:\WorkSpace\03_Dev_自动化开发\001全新开发价格爬虫架构\error_screenshots\fail_JD_10101734415932.png
京东,https://item.jd.com/10101734415932.html,蓝调烟机+power5.0（液）,S2411211436001,10101734415932,Not Found,1199,抓取失败,2026-04-22 10:49:22,d:\WorkSpace\03_Dev_自动化开发\001全新开发价格爬虫架构\error_screenshots\fail_JD_10101734415932.png
京东,https://item.jd.com/10101734415932.html,蓝调烟机+power5.0（液）,S2411211436001,10101734415932,Not Found,1199,抓取失败,2026-04-22 10:51:49,d:\WorkSpace\03_Dev_自动化开发\001全新开发价格爬虫架构\error_screenshots\fail_JD_10101734415932.png
京东,https://item.jd.com/10101734415932.html,蓝调烟机+power5.0（液）,S2411211436001,10101734415932,Not Found,1199,抓取失败,2026-04-22 11:01:56,d:\WorkSpace\03_Dev_自动化开发\001全新开发价格爬虫架构\error_screenshots\fail_JD_10101734415932.png
拼多多,https://mobile.yangkeduo.com/goods.html?goods_id=912927521784,小京龙2Pro净矿,6923185656791,912927521784,1273,2499,破价警报 | 百亿补贴,2026-04-22 11:02:13,d:\WorkSpace\03_Dev_自动化开发\001全新开发价格爬虫架构\price_screenshots\2026-04-22_PDD_912927521784.jpg
拼多多,https://mobile.yangkeduo.com/goods.html?goods_id=908884844099,管线机2S,6923185652526,908884844099,709,1699,破价警报,2026-04-22 11:02:14,d:\WorkSpace\03_Dev_自动化开发\001全新开发价格爬虫架构\price_screenshots\2026-04-22_PDD_908884844099.jpg
拼多多,https://mobile.yangkeduo.com/goods.html?goods_id=908879495872,smart 前置过滤器 （VF4-A）,6923185621058,908879495872,289,499,破价警报,2026-04-22 11:02:14,d:\WorkSpace\03_Dev_自动化开发\001全新开发价格爬虫架构\price_screenshots\2026-04-22_PDD_908879495872.jpg
拼多多,https://mobile.yangkeduo.com/goods.html?goods_id=907974025123,小海豚1000G,6923185654865,907974025123,899,899,正常,2026-04-22 11:02:14,d:\WorkSpace\03_Dev_自动化开发\001全新开发价格爬虫架构\price_screenshots\2026-04-22_PDD_907974025123.jpg
拼多多,https://mobile.yangkeduo.com/goods.html?goods_id=907033710117,云米昆仑3矿泉净水器2S Pro,6923185656593,907033710117,2998,2899,高价待调整,2026-04-22 11:02:14,d:\WorkSpace\03_Dev_自动化开发\001全新开发价格爬虫架构\price_screenshots\2026-04-22_PDD_907033710117.jpg
拼多多,https://mobile.yangkeduo.com/goods.html?goods_id=873065157674,小海豚600G适用滤芯,6923185618379,873065157674,239,299,破价警报,2026-04-22 11:02:14,d:\WorkSpace\03_Dev_自动化开发\001全新开发价格爬虫架构\price_screenshots\2026-04-22_PDD_873065157674.jpg
拼多多,https://mobile.yangkeduo.com/goods.html?goods_id=872941778883,1000G复合滤芯,6923185653998,872941778883,288,298,破价警报,2026-04-22 11:02:14,d:\WorkSpace\03_Dev_自动化开发\001全新开发价格爬虫架构\price_screenshots\2026-04-22_PDD_872941778883.jpg
拼多多,https://mobile.yangkeduo.com/goods.html?goods_id=870799733097,油烟机 smart2,6923185653110,870799733097,1599,,正常,2026-04-22 11:02:14,d:\WorkSpace\03_Dev_自动化开发\001全新开发价格爬虫架构\price_screenshots\2026-04-22_PDD_870799733097.jpg
拼多多,https://mobile.yangkeduo.com/goods.html?goods_id=868834124642,云米AI油烟机Super升级,6923185605829,868834124642,1279,,正常,2026-04-22 11:02:15,d:\WorkSpace\03_Dev_自动化开发\001全新开发价格爬虫架构\price_screenshots\2026-04-22_PDD_868834124642.jpg
拼多多,https://mobile.yangkeduo.com/goods.html?goods_id=868851073714,小海豚3,6923185605867,868851073714,499,499,百亿补贴,2026-04-22 11:02:15,d:\WorkSpace\03_Dev_自动化开发\001全新开发价格爬虫架构\price_screenshots\2026-04-22_PDD_868851073714.jpg
拼多多,https://mobile.yangkeduo.com/goods.html?goods_id=862873034610,小海豚3,6923185605867,862873034610,618.8,499,高价待调整 | 百亿补贴,2026-04-22 11:02:19,d:\WorkSpace\03_Dev_自动化开发\001全新开发价格爬虫架构\price_screenshots\2026-04-22_PDD_862873034610.jpg
拼多多,https://mobile.yangkeduo.com/goods.html?goods_id=862584688956,门锁门禁卡,6923185654230,862584688956,25,19,高价待调整,2026-04-22 11:02:20,d:\WorkSpace\03_Dev_自动化开发\001全新开发价格爬虫架构\price_screenshots\2026-04-22_PDD_862584688956.jpg
拼多多,https://mobile.yangkeduo.com/goods.html?goods_id=861508688697,管线机2E,6923185650966,861508688697,989,1599,破价警报,2026-04-22 11:02:20,d:\WorkSpace\03_Dev_自动化开发\001全新开发价格爬虫架构\price_screenshots\2026-04-22_PDD_861508688697.jpg
拼多多,https://mobile.yangkeduo.com/goods.html?goods_id=852932116812,小海豚600G+滤芯套餐,S2508151538001,852932116812,772,,百亿补贴,2026-04-22 11:02:20,d:\WorkSpace\03_Dev_自动化开发\001全新开发价格爬虫架构\price_screenshots\2026-04-22_PDD_852932116812.jpg
拼多多,https://mobile.yangkeduo.com/goods.html?goods_id=852614628903,云米厨余垃圾处理器  PowerBox 尊享版,6923185610250,852614628903,889,,百亿补贴,2026-04-22 11:02:20,d:\WorkSpace\03_Dev_自动化开发\001全新开发价格爬虫架构\price_screenshots\2026-04-22_PDD_852614628903.jpg
拼多多,https://mobile.yangkeduo.com/goods.html?goods_id=852161740747,小海豚600G+,6923185653684,852161740747,899,559,高价待调整,2026-04-22 11:02:20,d:\WorkSpace\03_Dev_自动化开发\001全新开发价格爬虫架构\price_screenshots\2026-04-22_PDD_852161740747.jpg
拼多多,https://mobile.yangkeduo.com/goods.html?goods_id=852010588191,蓝调2Pro-JSQ30-VGW1641,6923185656869,852010588191,934.15,,正常,2026-04-22 11:02:20,d:\WorkSpace\03_Dev_自动化开发\001全新开发价格爬虫架构\price_screenshots\2026-04-22_PDD_852010588191.jpg
拼多多,https://mobile.yangkeduo.com/goods.html?goods_id=850883552953,云米·泉先AI净水器蓝调600G+,6923185653592,850883552953,649,999,破价警报,2026-04-22 11:02:20,d:\WorkSpace\03_Dev_自动化开发\001全新开发价格爬虫架构\price_screenshots\2026-04-22_PDD_850883552953.jpg
拼多多,https://mobile.yangkeduo.com/goods.html?goods_id=850344043841,云米AI净饮机Super 2,6923185615415,850344043841,1009,1699,破价警报,2026-04-22 11:02:20,d:\WorkSpace\03_Dev_自动化开发\001全新开发价格爬虫架构\price_screenshots\2026-04-22_PDD_850344043841.jpg
拼多多,https://mobile.yangkeduo.com/goods.html?goods_id=849648457333,云米AI昆仑矿泉净水机 Super 2E 2500,6923185654254,849648457333,1459,2499,破价警报,2026-04-22 11:02:22,d:\WorkSpace\03_Dev_自动化开发\001全新开发价格爬虫架构\price_screenshots\2026-04-22_PDD_849648457333.jpg
拼多多,https://mobile.yangkeduo.com/goods.html?goods_id=849000374681,云米AI净水器Super 2Y 1200G,6923185653981,849000374681,1189,1899,破价警报,2026-04-22 11:02:32,d:\WorkSpace\03_Dev_自动化开发\001全新开发价格爬虫架构\price_screenshots\2026-04-22_PDD_849000374681.jpg
拼多多,https://mobile.yangkeduo.com/goods.html?goods_id=837301408995,云米AI冷热管线机Super2 Pro,6923185655794,837301408995,1449,1999,破价警报,2026-04-22 11:02:32,d:\WorkSpace\03_Dev_自动化开发\001全新开发价格爬虫架构\price_screenshots\2026-04-22_PDD_837301408995.jpg
拼多多,https://mobile.yangkeduo.com/goods.html?goods_id=832431516907,门锁普通版E30,6923185656074,832431516907,499,,正常,2026-04-22 11:02:32,d:\WorkSpace\03_Dev_自动化开发\001全新开发价格爬虫架构\price_screenshots\2026-04-22_PDD_832431516907.jpg
拼多多,https://mobile.yangkeduo.com/goods.html?goods_id=823432069145,手持吸尘器,6923185611844,823432069145,999,602,高价待调整,2026-04-22 11:02:32,d:\WorkSpace\03_Dev_自动化开发\001全新开发价格爬虫架构\price_screenshots\2026-04-22_PDD_823432069145.jpg
拼多多,https://mobile.yangkeduo.com/goods.html?goods_id=774960777953,蓝调2燃气热水器13L,6923185655688,774960777953,999,,正常,2026-04-22 11:02:32,d:\WorkSpace\03_Dev_自动化开发\001全新开发价格爬虫架构\price_screenshots\2026-04-22_PDD_774960777953.jpg
拼多多,https://mobile.yangkeduo.com/goods.html?goods_id=767193647325,门锁掌静脉,6923185655398,767193647325,1104,,正常,2026-04-22 11:02:32,d:\WorkSpace\03_Dev_自动化开发\001全新开发价格爬虫架构\price_screenshots\2026-04-22_PDD_767193647325.jpg
拼多多,https://mobile.yangkeduo.com/goods.html?goods_id=765112154467,小鲸鱼 马桶盖,6923185654537,765112154467,698.4,,正常,2026-04-22 11:02:33,d:\WorkSpace\03_Dev_自动化开发\001全新开发价格爬虫架构\price_screenshots\2026-04-22_PDD_765112154467.jpg
拼多多,https://mobile.yangkeduo.com/goods.html?goods_id=763759392708,云米AI油烟机 鲲鹏Pro,6923185605379,763759392708,2115.65,,正常,2026-04-22 11:02:33,d:\WorkSpace\03_Dev_自动化开发\001全新开发价格爬虫架构\price_screenshots\2026-04-22_PDD_763759392708.jpg
拼多多,https://mobile.yangkeduo.com/goods.html?goods_id=761822913595,云米智能马桶 小鲸鱼 2 Pro,6923185654575,761822913595,2399,,正常,2026-04-22 11:02:33,d:\WorkSpace\03_Dev_自动化开发\001全新开发价格爬虫架构\price_screenshots\2026-04-22_PDD_761822913595.jpg
拼多多,https://mobile.yangkeduo.com/goods.html?goods_id=743885774552,云米蓝调智能门锁（基础版）,6923185655381,743885774552,539,,正常,2026-04-22 11:02:33,d:\WorkSpace\03_Dev_自动化开发\001全新开发价格爬虫架构\price_screenshots\2026-04-22_PDD_743885774552.jpg
拼多多,https://mobile.yangkeduo.com/goods.html?goods_id=739863611562,云米AI油烟机 Smart 2 Pro,6923185653516,739863611562,1359,,正常,2026-04-22 11:02:44,d:\WorkSpace\03_Dev_自动化开发\001全新开发价格爬虫架构\price_screenshots\2026-04-22_PDD_739863611562.jpg
拼多多,https://mobile.yangkeduo.com/goods.html?goods_id=705715580268,智能门锁锂电池(5000mAh),6923185652953,705715580268,114,99,高价待调整,2026-04-22 11:02:45,d:\WorkSpace\03_Dev_自动化开发\001全新开发价格爬虫架构\price_screenshots\2026-04-22_PDD_705715580268.jpg
拼多多,https://mobile.yangkeduo.com/goods.html?goods_id=661859626284,小海豚-40L-2000w热水器,6923185681281,661859626284,599,,正常,2026-04-22 11:02:46,d:\WorkSpace\03_Dev_自动化开发\001全新开发价格爬虫架构\price_screenshots\2026-04-22_PDD_661859626284.jpg
拼多多,https://mobile.yangkeduo.com/goods.html?goods_id=657344402006,云米油烟机蓝调,6923185650973,657344402006,859,,正常,2026-04-22 11:02:46,d:\WorkSpace\03_Dev_自动化开发\001全新开发价格爬虫架构\price_screenshots\2026-04-22_PDD_657344402006.jpg
拼多多,https://mobile.yangkeduo.com/goods.html?goods_id=490426355421,500L十字门冰箱,6923185651123,490426355421,3199,,正常,2026-04-22 11:02:46,d:\WorkSpace\03_Dev_自动化开发\001全新开发价格爬虫架构\price_screenshots\2026-04-22_PDD_490426355421.jpg
拼多多,https://mobile.yangkeduo.com/goods.html?goods_id=484037745334,云米AI燃气灶power 5.0（天然气）,6923185654377,484037745334,1099,,正常,2026-04-22 11:02:46,d:\WorkSpace\03_Dev_自动化开发\001全新开发价格爬虫架构\price_screenshots\2026-04-22_PDD_484037745334.jpg
拼多多,https://mobile.yangkeduo.com/goods.html?goods_id=415597395169,电热3300W smart2,6923185651444,415597395169,979,,百亿补贴,2026-04-22 11:02:46,d:\WorkSpace\03_Dev_自动化开发\001全新开发价格爬虫架构\price_screenshots\2026-04-22_PDD_415597395169.jpg
拼多多,https://mobile.yangkeduo.com/goods.html?goods_id=413986425773,蓝调智能门锁（人脸猫眼版）,6923185654650,413986425773,999,,正常,2026-04-22 11:02:46,d:\WorkSpace\03_Dev_自动化开发\001全新开发价格爬虫架构\price_screenshots\2026-04-22_PDD_413986425773.jpg
拼多多,https://mobile.yangkeduo.com/goods.html?goods_id=364990106384,"即热1000G,MAIN84",6923185651116,364990106384,1359,1899,破价警报,2026-04-22 11:02:46,d:\WorkSpace\03_Dev_自动化开发\001全新开发价格爬虫架构\price_screenshots\2026-04-22_PDD_364990106384.jpg
拼多多,https://mobile.yangkeduo.com/goods.html?goods_id=325232192898,冰箱603,6923185650935,325232192898,2459,,正常,2026-04-22 11:02:47,d:\WorkSpace\03_Dev_自动化开发\001全新开发价格爬虫架构\price_screenshots\2026-04-22_PDD_325232192898.jpg
拼多多,https://mobile.yangkeduo.com/goods.html?goods_id=296957182528,复合滤芯,"6923185600138,6923185600145",296957182528,439,,正常,2026-04-22 11:02:57,d:\WorkSpace\03_Dev_自动化开发\001全新开发价格爬虫架构\price_screenshots\2026-04-22_PDD_296957182528.jpg
拼多多,https://mobile.yangkeduo.com/goods.html?goods_id=291141614396,F3-五合一,6923185614258,291141614396,269,298,破价警报,2026-04-22 11:02:58,d:\WorkSpace\03_Dev_自动化开发\001全新开发价格爬虫架构\price_screenshots\2026-04-22_PDD_291141614396.jpg
拼多多,https://mobile.yangkeduo.com/goods.html?goods_id=290543633215,复合滤芯,"6923185614258,6923185616177",290543633215,199,,正常,2026-04-22 11:02:58,d:\WorkSpace\03_Dev_自动化开发\001全新开发价格爬虫架构\price_screenshots\2026-04-22_PDD_290543633215.jpg
拼多多,https://mobile.yangkeduo.com/goods.html?goods_id=273348857003,云米蓝调智能门锁（基础版）,6923185655381,273348857003,538.77,,正常,2026-04-22 11:02:58,d:\WorkSpace\03_Dev_自动化开发\001全新开发价格爬虫架构\price_screenshots\2026-04-22_PDD_273348857003.jpg
拼多多,https://mobile.yangkeduo.com/goods.html?goods_id=264080849667,霸王锁体,6923185622154,264080849667,150,150,正常,2026-04-22 11:02:58,d:\WorkSpace\03_Dev_自动化开发\001全新开发价格爬虫架构\price_screenshots\2026-04-22_PDD_264080849667.jpg
拼多多,https://mobile.yangkeduo.com/goods.html?goods_id=259115850200,蓝调智能门锁（3D人脸版）,6923185654643,259115850200,699,,正常,2026-04-22 11:02:58,d:\WorkSpace\03_Dev_自动化开发\001全新开发价格爬虫架构\price_screenshots\2026-04-22_PDD_259115850200.jpg
拼多多,https://mobile.yangkeduo.com/goods.html?goods_id=231833573024,小烤箱6L,6923185603221,231833573024,199,174,高价待调整,2026-04-22 11:02:58,d:\WorkSpace\03_Dev_自动化开发\001全新开发价格爬虫架构\price_screenshots\2026-04-22_PDD_231833573024.jpg
拼多多,https://mobile.yangkeduo.com/goods.html?goods_id=225501370546,小海豚3,6923185605867,225501370546,895.5,499,高价待调整,2026-04-22 11:03:00,d:\WorkSpace\03_Dev_自动化开发\001全新开发价格爬虫架构\price_screenshots\2026-04-22_PDD_225501370546.jpg
拼多多,https://mobile.yangkeduo.com/goods.html?goods_id=224216987554,复合滤芯,"6923185614258,6923185615750,6923185614265",224216987554,199,,正常,2026-04-22 11:03:02,d:\WorkSpace\03_Dev_自动化开发\001全新开发价格爬虫架构\price_screenshots\2026-04-22_PDD_224216987554.jpg
拼多多,https://mobile.yangkeduo.com/goods.html?goods_id=220820325711,云米消毒柜（嵌入式）云米版,6923185604303,220820325711,764.15,,正常,2026-04-22 11:03:02,d:\WorkSpace\03_Dev_自动化开发\001全新开发价格爬虫架构\price_screenshots\2026-04-22_PDD_220820325711.jpg
拼多多,https://mobile.yangkeduo.com/goods.html?goods_id=219486126363,flash烟机,6923185613664,219486126363,899,,正常,2026-04-22 11:03:12,d:\WorkSpace\03_Dev_自动化开发\001全新开发价格爬虫架构\price_screenshots\2026-04-22_PDD_219486126363.jpg
拼多多,https://mobile.yangkeduo.com/goods.html?goods_id=209406625494,蓝调智能门锁（大屏猫眼版）,6923185654667,209406625494,999,,正常,2026-04-22 11:03:12,d:\WorkSpace\03_Dev_自动化开发\001全新开发价格爬虫架构\price_screenshots\2026-04-22_PDD_209406625494.jpg
拼多多,https://mobile.yangkeduo.com/goods.html?goods_id=205451808289,小厨宝,6923185611233,205451808289,282,,正常,2026-04-22 11:03:12,d:\WorkSpace\03_Dev_自动化开发\001全新开发价格爬虫架构\price_screenshots\2026-04-22_PDD_205451808289.jpg
拼多多,https://mobile.yangkeduo.com/goods.html?goods_id=205458105137,小海豚2 1000G,6923185654865,205458105137,899,899,正常,2026-04-22 11:03:12,d:\WorkSpace\03_Dev_自动化开发\001全新开发价格爬虫架构\price_screenshots\2026-04-22_PDD_205458105137.jpg
拼多多,https://mobile.yangkeduo.com/goods.html?goods_id=882919216767,小白龙 800G+,6923185653974,882919216767,1199,1299,破价警报,2026-04-22 11:03:26,d:\WorkSpace\03_Dev_自动化开发\001全新开发价格爬虫架构\price_screenshots\2026-04-22_PDD_882919216767.jpg
京东,https://item.jd.com/10101734415932.html,蓝调烟机+power5.0（液）,S2411211436001,10101734415932,Not Found,1199,抓取失败,2026-04-22 11:10:48,d:\WorkSpace\03_Dev_自动化开发\001全新开发价格爬虫架构\error_screenshots\fail_JD_10101734415932.png
拼多多,https://mobile.yangkeduo.com/goods.html?goods_id=912927521784,小京龙2Pro净矿,6923185656791,912927521784,1273,2499,破价警报 | 百亿补贴,2026-04-22 11:11:03,d:\WorkSpace\03_Dev_自动化开发\001全新开发价格爬虫架构\price_screenshots\2026-04-22_PDD_912927521784.jpg
拼多多,https://mobile.yangkeduo.com/goods.html?goods_id=908884844099,管线机2S,6923185652526,908884844099,709,1699,破价警报,2026-04-22 11:11:04,d:\WorkSpace\03_Dev_自动化开发\001全新开发价格爬虫架构\price_screenshots\2026-04-22_PDD_908884844099.jpg
拼多多,https://mobile.yangkeduo.com/goods.html?goods_id=908879495872,smart 前置过滤器 （VF4-A）,6923185621058,908879495872,289,499,破价警报,2026-04-22 11:11:04,d:\WorkSpace\03_Dev_自动化开发\001全新开发价格爬虫架构\price_screenshots\2026-04-22_PDD_908879495872.jpg
拼多多,https://mobile.yangkeduo.com/goods.html?goods_id=907974025123,小海豚1000G,6923185654865,907974025123,899,899,正常,2026-04-22 11:11:04,d:\WorkSpace\03_Dev_自动化开发\001全新开发价格爬虫架构\price_screenshots\2026-04-22_PDD_907974025123.jpg
拼多多,https://mobile.yangkeduo.com/goods.html?goods_id=907033710117,云米昆仑3矿泉净水器2S Pro,6923185656593,907033710117,2998,2899,高价待调整,2026-04-22 11:11:04,d:\WorkSpace\03_Dev_自动化开发\001全新开发价格爬虫架构\price_screenshots\2026-04-22_PDD_907033710117.jpg
拼多多,https://mobile.yangkeduo.com/goods.html?goods_id=873065157674,小海豚600G适用滤芯,6923185618379,873065157674,239,299,破价警报,2026-04-22 11:11:04,d:\WorkSpace\03_Dev_自动化开发\001全新开发价格爬虫架构\price_screenshots\2026-04-22_PDD_873065157674.jpg
拼多多,https://mobile.yangkeduo.com/goods.html?goods_id=872941778883,1000G复合滤芯,6923185653998,872941778883,288,298,破价警报,2026-04-22 11:11:04,d:\WorkSpace\03_Dev_自动化开发\001全新开发价格爬虫架构\price_screenshots\2026-04-22_PDD_872941778883.jpg
拼多多,https://mobile.yangkeduo.com/goods.html?goods_id=870799733097,油烟机 smart2,6923185653110,870799733097,1599,,正常,2026-04-22 11:11:04,d:\WorkSpace\03_Dev_自动化开发\001全新开发价格爬虫架构\price_screenshots\2026-04-22_PDD_870799733097.jpg
拼多多,https://mobile.yangkeduo.com/goods.html?goods_id=868834124642,云米AI油烟机Super升级,6923185605829,868834124642,1279,,正常,2026-04-22 11:11:05,d:\WorkSpace\03_Dev_自动化开发\001全新开发价格爬虫架构\price_screenshots\2026-04-22_PDD_868834124642.jpg
拼多多,https://mobile.yangkeduo.com/goods.html?goods_id=868851073714,小海豚3,6923185605867,868851073714,499,499,百亿补贴,2026-04-22 11:11:05,d:\WorkSpace\03_Dev_自动化开发\001全新开发价格爬虫架构\price_screenshots\2026-04-22_PDD_868851073714.jpg
拼多多,https://mobile.yangkeduo.com/goods.html?goods_id=862873034610,小海豚3,6923185605867,862873034610,618.8,499,高价待调整 | 百亿补贴,2026-04-22 11:11:16,d:\WorkSpace\03_Dev_自动化开发\001全新开发价格爬虫架构\price_screenshots\2026-04-22_PDD_862873034610.jpg
拼多多,https://mobile.yangkeduo.com/goods.html?goods_id=862584688956,门锁门禁卡,6923185654230,862584688956,25,19,高价待调整,2026-04-22 11:11:16,d:\WorkSpace\03_Dev_自动化开发\001全新开发价格爬虫架构\price_screenshots\2026-04-22_PDD_862584688956.jpg
拼多多,https://mobile.yangkeduo.com/goods.html?goods_id=861508688697,管线机2E,6923185650966,861508688697,989,1599,破价警报,2026-04-22 11:11:16,d:\WorkSpace\03_Dev_自动化开发\001全新开发价格爬虫架构\price_screenshots\2026-04-22_PDD_861508688697.jpg
拼多多,https://mobile.yangkeduo.com/goods.html?goods_id=852932116812,小海豚600G+滤芯套餐,S2508151538001,852932116812,772,,百亿补贴,2026-04-22 11:11:16,d:\WorkSpace\03_Dev_自动化开发\001全新开发价格爬虫架构\price_screenshots\2026-04-22_PDD_852932116812.jpg
拼多多,https://mobile.yangkeduo.com/goods.html?goods_id=852614628903,云米厨余垃圾处理器  PowerBox 尊享版,6923185610250,852614628903,889,,百亿补贴,2026-04-22 11:11:16,d:\WorkSpace\03_Dev_自动化开发\001全新开发价格爬虫架构\price_screenshots\2026-04-22_PDD_852614628903.jpg
拼多多,https://mobile.yangkeduo.com/goods.html?goods_id=852161740747,小海豚600G+,6923185653684,852161740747,899,559,高价待调整,2026-04-22 11:11:16,d:\WorkSpace\03_Dev_自动化开发\001全新开发价格爬虫架构\price_screenshots\2026-04-22_PDD_852161740747.jpg
拼多多,https://mobile.yangkeduo.com/goods.html?goods_id=852010588191,蓝调2Pro-JSQ30-VGW1641,6923185656869,852010588191,934.15,,正常,2026-04-22 11:11:17,d:\WorkSpace\03_Dev_自动化开发\001全新开发价格爬虫架构\price_screenshots\2026-04-22_PDD_852010588191.jpg
拼多多,https://mobile.yangkeduo.com/goods.html?goods_id=850883552953,云米·泉先AI净水器蓝调600G+,6923185653592,850883552953,649,999,破价警报,2026-04-22 11:11:17,d:\WorkSpace\03_Dev_自动化开发\001全新开发价格爬虫架构\price_screenshots\2026-04-22_PDD_850883552953.jpg
拼多多,https://mobile.yangkeduo.com/goods.html?goods_id=850344043841,云米AI净饮机Super 2,6923185615415,850344043841,1009,1699,破价警报,2026-04-22 11:11:17,d:\WorkSpace\03_Dev_自动化开发\001全新开发价格爬虫架构\price_screenshots\2026-04-22_PDD_850344043841.jpg
拼多多,https://mobile.yangkeduo.com/goods.html?goods_id=849648457333,云米AI昆仑矿泉净水机 Super 2E 2500,6923185654254,849648457333,1459,2499,破价警报,2026-04-22 11:11:17,d:\WorkSpace\03_Dev_自动化开发\001全新开发价格爬虫架构\price_screenshots\2026-04-22_PDD_849648457333.jpg
拼多多,https://mobile.yangkeduo.com/goods.html?goods_id=849000374681,云米AI净水器Super 2Y 1200G,6923185653981,849000374681,1189,1899,破价警报,2026-04-22 11:11:27,d:\WorkSpace\03_Dev_自动化开发\001全新开发价格爬虫架构\price_screenshots\2026-04-22_PDD_849000374681.jpg
拼多多,https://mobile.yangkeduo.com/goods.html?goods_id=837301408995,云米AI冷热管线机Super2 Pro,6923185655794,837301408995,1449,1999,破价警报,2026-04-22 11:11:27,d:\WorkSpace\03_Dev_自动化开发\001全新开发价格爬虫架构\price_screenshots\2026-04-22_PDD_837301408995.jpg
拼多多,https://mobile.yangkeduo.com/goods.html?goods_id=832431516907,门锁普通版E30,6923185656074,832431516907,499,,正常,2026-04-22 11:11:27,d:\WorkSpace\03_Dev_自动化开发\001全新开发价格爬虫架构\price_screenshots\2026-04-22_PDD_832431516907.jpg
拼多多,https://mobile.yangkeduo.com/goods.html?goods_id=823432069145,手持吸尘器,6923185611844,823432069145,999,602,高价待调整,2026-04-22 11:11:28,d:\WorkSpace\03_Dev_自动化开发\001全新开发价格爬虫架构\price_screenshots\2026-04-22_PDD_823432069145.jpg
拼多多,https://mobile.yangkeduo.com/goods.html?goods_id=774960777953,蓝调2燃气热水器13L,6923185655688,774960777953,999,,正常,2026-04-22 11:11:28,d:\WorkSpace\03_Dev_自动化开发\001全新开发价格爬虫架构\price_screenshots\2026-04-22_PDD_774960777953.jpg
拼多多,https://mobile.yangkeduo.com/goods.html?goods_id=767193647325,门锁掌静脉,6923185655398,767193647325,1104,,正常,2026-04-22 11:11:29,d:\WorkSpace\03_Dev_自动化开发\001全新开发价格爬虫架构\price_screenshots\2026-04-22_PDD_767193647325.jpg
拼多多,https://mobile.yangkeduo.com/goods.html?goods_id=765112154467,小鲸鱼 马桶盖,6923185654537,765112154467,698.4,,正常,2026-04-22 11:11:29,d:\WorkSpace\03_Dev_自动化开发\001全新开发价格爬虫架构\price_screenshots\2026-04-22_PDD_765112154467.jpg
拼多多,https://mobile.yangkeduo.com/goods.html?goods_id=763759392708,云米AI油烟机 鲲鹏Pro,6923185605379,763759392708,2115.65,,正常,2026-04-22 11:11:29,d:\WorkSpace\03_Dev_自动化开发\001全新开发价格爬虫架构\price_screenshots\2026-04-22_PDD_763759392708.jpg
拼多多,https://mobile.yangkeduo.com/goods.html?goods_id=761822913595,云米智能马桶 小鲸鱼 2 Pro,6923185654575,761822913595,2399,,正常,2026-04-22 11:11:30,d:\WorkSpace\03_Dev_自动化开发\001全新开发价格爬虫架构\price_screenshots\2026-04-22_PDD_761822913595.jpg
拼多多,https://mobile.yangkeduo.com/goods.html?goods_id=743885774552,云米蓝调智能门锁（基础版）,6923185655381,743885774552,539,,正常,2026-04-22 11:11:30,d:\WorkSpace\03_Dev_自动化开发\001全新开发价格爬虫架构\price_screenshots\2026-04-22_PDD_743885774552.jpg
拼多多,https://mobile.yangkeduo.com/goods.html?goods_id=739863611562,云米AI油烟机 Smart 2 Pro,6923185653516,739863611562,1359,,正常,2026-04-22 11:11:41,d:\WorkSpace\03_Dev_自动化开发\001全新开发价格爬虫架构\price_screenshots\2026-04-22_PDD_739863611562.jpg
拼多多,https://mobile.yangkeduo.com/goods.html?goods_id=705715580268,智能门锁锂电池(5000mAh),6923185652953,705715580268,114,99,高价待调整,2026-04-22 11:11:42,d:\WorkSpace\03_Dev_自动化开发\001全新开发价格爬虫架构\price_screenshots\2026-04-22_PDD_705715580268.jpg
拼多多,https://mobile.yangkeduo.com/goods.html?goods_id=661859626284,小海豚-40L-2000w热水器,6923185681281,661859626284,599,,正常,2026-04-22 11:11:42,d:\WorkSpace\03_Dev_自动化开发\001全新开发价格爬虫架构\price_screenshots\2026-04-22_PDD_661859626284.jpg
拼多多,https://mobile.yangkeduo.com/goods.html?goods_id=657344402006,云米油烟机蓝调,6923185650973,657344402006,859,,正常,2026-04-22 11:11:42,d:\WorkSpace\03_Dev_自动化开发\001全新开发价格爬虫架构\price_screenshots\2026-04-22_PDD_657344402006.jpg
拼多多,https://mobile.yangkeduo.com/goods.html?goods_id=490426355421,500L十字门冰箱,6923185651123,490426355421,3199,,正常,2026-04-22 11:11:42,d:\WorkSpace\03_Dev_自动化开发\001全新开发价格爬虫架构\price_screenshots\2026-04-22_PDD_490426355421.jpg
拼多多,https://mobile.yangkeduo.com/goods.html?goods_id=484037745334,云米AI燃气灶power 5.0（天然气）,6923185654377,484037745334,1099,,正常,2026-04-22 11:11:42,d:\WorkSpace\03_Dev_自动化开发\001全新开发价格爬虫架构\price_screenshots\2026-04-22_PDD_484037745334.jpg
拼多多,https://mobile.yangkeduo.com/goods.html?goods_id=415597395169,电热3300W smart2,6923185651444,415597395169,979,,百亿补贴,2026-04-22 11:11:42,d:\WorkSpace\03_Dev_自动化开发\001全新开发价格爬虫架构\price_screenshots\2026-04-22_PDD_415597395169.jpg
拼多多,https://mobile.yangkeduo.com/goods.html?goods_id=413986425773,蓝调智能门锁（人脸猫眼版）,6923185654650,413986425773,999,,正常,2026-04-22 11:11:43,d:\WorkSpace\03_Dev_自动化开发\001全新开发价格爬虫架构\price_screenshots\2026-04-22_PDD_413986425773.jpg
拼多多,https://mobile.yangkeduo.com/goods.html?goods_id=364990106384,"即热1000G,MAIN84",6923185651116,364990106384,1359,1899,破价警报,2026-04-22 11:11:43,d:\WorkSpace\03_Dev_自动化开发\001全新开发价格爬虫架构\price_screenshots\2026-04-22_PDD_364990106384.jpg
拼多多,https://mobile.yangkeduo.com/goods.html?goods_id=325232192898,冰箱603,6923185650935,325232192898,2459,,正常,2026-04-22 11:11:46,d:\WorkSpace\03_Dev_自动化开发\001全新开发价格爬虫架构\price_screenshots\2026-04-22_PDD_325232192898.jpg
拼多多,https://mobile.yangkeduo.com/goods.html?goods_id=296957182528,复合滤芯,"6923185600138,6923185600145",296957182528,439,,正常,2026-04-22 11:11:56,d:\WorkSpace\03_Dev_自动化开发\001全新开发价格爬虫架构\price_screenshots\2026-04-22_PDD_296957182528.jpg
拼多多,https://mobile.yangkeduo.com/goods.html?goods_id=291141614396,F3-五合一,6923185614258,291141614396,269,298,破价警报,2026-04-22 11:11:56,d:\WorkSpace\03_Dev_自动化开发\001全新开发价格爬虫架构\price_screenshots\2026-04-22_PDD_291141614396.jpg
拼多多,https://mobile.yangkeduo.com/goods.html?goods_id=290543633215,复合滤芯,"6923185614258,6923185616177",290543633215,199,,正常,2026-04-22 11:11:56,d:\WorkSpace\03_Dev_自动化开发\001全新开发价格爬虫架构\price_screenshots\2026-04-22_PDD_290543633215.jpg
拼多多,https://mobile.yangkeduo.com/goods.html?goods_id=273348857003,云米蓝调智能门锁（基础版）,6923185655381,273348857003,538.77,,正常,2026-04-22 11:11:56,d:\WorkSpace\03_Dev_自动化开发\001全新开发价格爬虫架构\price_screenshots\2026-04-22_PDD_273348857003.jpg
拼多多,https://mobile.yangkeduo.com/goods.html?goods_id=264080849667,霸王锁体,6923185622154,264080849667,150,150,正常,2026-04-22 11:11:57,d:\WorkSpace\03_Dev_自动化开发\001全新开发价格爬虫架构\price_screenshots\2026-04-22_PDD_264080849667.jpg
拼多多,https://mobile.yangkeduo.com/goods.html?goods_id=259115850200,蓝调智能门锁（3D人脸版）,6923185654643,259115850200,699,,正常,2026-04-22 11:11:57,d:\WorkSpace\03_Dev_自动化开发\001全新开发价格爬虫架构\price_screenshots\2026-04-22_PDD_259115850200.jpg
拼多多,https://mobile.yangkeduo.com/goods.html?goods_id=231833573024,小烤箱6L,6923185603221,231833573024,199,174,高价待调整,2026-04-22 11:11:58,d:\WorkSpace\03_Dev_自动化开发\001全新开发价格爬虫架构\price_screenshots\2026-04-22_PDD_231833573024.jpg
拼多多,https://mobile.yangkeduo.com/goods.html?goods_id=225501370546,小海豚3,6923185605867,225501370546,895.5,499,高价待调整,2026-04-22 11:11:59,d:\WorkSpace\03_Dev_自动化开发\001全新开发价格爬虫架构\price_screenshots\2026-04-22_PDD_225501370546.jpg
拼多多,https://mobile.yangkeduo.com/goods.html?goods_id=224216987554,复合滤芯,"6923185614258,6923185615750,6923185614265",224216987554,199,,正常,2026-04-22 11:12:00,d:\WorkSpace\03_Dev_自动化开发\001全新开发价格爬虫架构\price_screenshots\2026-04-22_PDD_224216987554.jpg
拼多多,https://mobile.yangkeduo.com/goods.html?goods_id=220820325711,云米消毒柜（嵌入式）云米版,6923185604303,220820325711,764.15,,正常,2026-04-22 11:12:00,d:\WorkSpace\03_Dev_自动化开发\001全新开发价格爬虫架构\price_screenshots\2026-04-22_PDD_220820325711.jpg
拼多多,https://mobile.yangkeduo.com/goods.html?goods_id=219486126363,flash烟机,6923185613664,219486126363,899,,正常,2026-04-22 11:12:11,d:\WorkSpace\03_Dev_自动化开发\001全新开发价格爬虫架构\price_screenshots\2026-04-22_PDD_219486126363.jpg
拼多多,https://mobile.yangkeduo.com/goods.html?goods_id=209406625494,蓝调智能门锁（大屏猫眼版）,6923185654667,209406625494,999,,正常,2026-04-22 11:12:12,d:\WorkSpace\03_Dev_自动化开发\001全新开发价格爬虫架构\price_screenshots\2026-04-22_PDD_209406625494.jpg
拼多多,https://mobile.yangkeduo.com/goods.html?goods_id=205451808289,小厨宝,6923185611233,205451808289,282,,正常,2026-04-22 11:12:12,d:\WorkSpace\03_Dev_自动化开发\001全新开发价格爬虫架构\price_screenshots\2026-04-22_PDD_205451808289.jpg
拼多多,https://mobile.yangkeduo.com/goods.html?goods_id=205458105137,小海豚2 1000G,6923185654865,205458105137,899,899,正常,2026-04-22 11:12:12,d:\WorkSpace\03_Dev_自动化开发\001全新开发价格爬虫架构\price_screenshots\2026-04-22_PDD_205458105137.jpg
拼多多,https://mobile.yangkeduo.com/goods.html?goods_id=926574119933,昆仑4弱碱 1400G,6923185655718,926574119933,3999,3599,高价待调整,2026-04-22 11:12:24,d:\WorkSpace\03_Dev_自动化开发\001全新开发价格爬虫架构\price_screenshots\2026-04-22_PDD_926574119933.jpg
拼多多,https://mobile.yangkeduo.com/goods.html?goods_id=925977908012,云米昆仑3矿泉净水器2S Pro,6923185656593,925977908012,2998,2899,高价待调整,2026-04-22 11:12:24,d:\WorkSpace\03_Dev_自动化开发\001全新开发价格爬虫架构\price_screenshots\2026-04-22_PDD_925977908012.jpg
拼多多,https://mobile.yangkeduo.com/goods.html?goods_id=925874862450,小京龙Pro1100G,6923185655220,925874862450,799,1099,破价警报 | 百亿补贴,2026-04-22 11:12:24,d:\WorkSpace\03_Dev_自动化开发\001全新开发价格爬虫架构\price_screenshots\2026-04-22_PDD_925874862450.jpg
拼多多,https://mobile.yangkeduo.com/goods.html?goods_id=925737084752,门锁普通版E30,6923185656074,925737084752,799,,正常,2026-04-22 11:12:25,d:\WorkSpace\03_Dev_自动化开发\001全新开发价格爬虫架构\price_screenshots\2026-04-22_PDD_925737084752.jpg
拼多多,https://mobile.yangkeduo.com/goods.html?goods_id=925730122772,蓝调智能门锁（大屏猫眼版）,6923185654667,925730122772,999,,正常,2026-04-22 11:12:25,d:\WorkSpace\03_Dev_自动化开发\001全新开发价格爬虫架构\price_screenshots\2026-04-22_PDD_925730122772.jpg
拼多多,https://mobile.yangkeduo.com/goods.html?goods_id=925730329478,云米蓝调智能门锁（基础版）,6923185655381,925730329478,729,,正常,2026-04-22 11:12:25,d:\WorkSpace\03_Dev_自动化开发\001全新开发价格爬虫架构\price_screenshots\2026-04-22_PDD_925730329478.jpg
拼多多,https://mobile.yangkeduo.com/goods.html?goods_id=925731404024,门锁掌静脉,6923185655398,925731404024,1499,,正常,2026-04-22 11:12:25,d:\WorkSpace\03_Dev_自动化开发\001全新开发价格爬虫架构\price_screenshots\2026-04-22_PDD_925731404024.jpg
拼多多,https://mobile.yangkeduo.com/goods.html?goods_id=925231209174,蓝调智能门锁（人脸猫眼版）,6923185654650,925231209174,999,,正常,2026-04-22 11:12:25,d:\WorkSpace\03_Dev_自动化开发\001全新开发价格爬虫架构\price_screenshots\2026-04-22_PDD_925231209174.jpg
拼多多,https://mobile.yangkeduo.com/goods.html?goods_id=925230364669,蓝调智能门锁（3D人脸版）,6923185654643,925230364669,1099,,正常,2026-04-22 11:12:25,d:\WorkSpace\03_Dev_自动化开发\001全新开发价格爬虫架构\price_screenshots\2026-04-22_PDD_925230364669.jpg
拼多多,https://mobile.yangkeduo.com/goods.html?goods_id=917038452382,小海豚+管线机,"S2405281401001,S2407170910001",917038452382,1349,,正常,2026-04-22 11:12:25,d:\WorkSpace\03_Dev_自动化开发\001全新开发价格爬虫架构\price_screenshots\2026-04-22_PDD_917038452382.jpg
拼多多,https://mobile.yangkeduo.com/goods.html?goods_id=917034829515,管线机2E,6923185650966,917034829515,869,1599,破价警报 | 百亿补贴,2026-04-22 11:12:30,d:\WorkSpace\03_Dev_自动化开发\001全新开发价格爬虫架构\price_screenshots\2026-04-22_PDD_917034829515.jpg
拼多多,https://mobile.yangkeduo.com/goods.html?goods_id=917032713009,管线机2S,6923185652526,917032713009,669,1699,破价警报 | 百亿补贴,2026-04-22 11:12:30,d:\WorkSpace\03_Dev_自动化开发\001全新开发价格爬虫架构\price_screenshots\2026-04-22_PDD_917032713009.jpg
拼多多,https://mobile.yangkeduo.com/goods.html?goods_id=917031150770,云米·泉先AI净水器蓝调600G+,6923185653592,917031150770,1299,999,高价待调整,2026-04-22 11:12:30,d:\WorkSpace\03_Dev_自动化开发\001全新开发价格爬虫架构\price_screenshots\2026-04-22_PDD_917031150770.jpg
拼多多,https://mobile.yangkeduo.com/goods.html?goods_id=916996455515,云米AI冷热管线机Super2 Pro,6923185655794,916996455515,1449,1999,破价警报,2026-04-22 11:12:30,d:\WorkSpace\03_Dev_自动化开发\001全新开发价格爬虫架构\price_screenshots\2026-04-22_PDD_916996455515.jpg
拼多多,https://mobile.yangkeduo.com/goods.html?goods_id=916452280972,900G,6923185654292,916452280972,749,1499,破价警报 | 百亿补贴,2026-04-22 11:12:30,d:\WorkSpace\03_Dev_自动化开发\001全新开发价格爬虫架构\price_screenshots\2026-04-22_PDD_916452280972.jpg
拼多多,https://mobile.yangkeduo.com/goods.html?goods_id=916398420768,复合滤芯,"6923185614258,6923185615750,6923185614265",916398420768,289,,正常,2026-04-22 11:12:31,d:\WorkSpace\03_Dev_自动化开发\001全新开发价格爬虫架构\price_screenshots\2026-04-22_PDD_916398420768.jpg
拼多多,https://mobile.yangkeduo.com/goods.html?goods_id=915797572693,600G滤芯套餐,S2412282008001,915797572693,904,,正常,2026-04-22 11:12:31,d:\WorkSpace\03_Dev_自动化开发\001全新开发价格爬虫架构\price_screenshots\2026-04-22_PDD_915797572693.jpg
拼多多,https://mobile.yangkeduo.com/goods.html?goods_id=885690465484,小海豚600G+,6923185653684,885690465484,559,559,百亿补贴,2026-04-22 11:12:31,d:\WorkSpace\03_Dev_自动化开发\001全新开发价格爬虫架构\price_screenshots\2026-04-22_PDD_885690465484.jpg
拼多多,https://mobile.yangkeduo.com/goods.html?goods_id=882919216767,小白龙 800G+,6923185653974,882919216767,1199,1299,破价警报,2026-04-22 11:12:31,d:\WorkSpace\03_Dev_自动化开发\001全新开发价格爬虫架构\price_screenshots\2026-04-22_PDD_882919216767.jpg
米家有品,https://m.xiaomiyoupin.com/detail?gid=169923,云米小厨宝6L,6923185611233,default,234,,价格正常,2026-04-22 11:34:58,d:\WorkSpace\03_Dev_自动化开发\001全新开发价格爬虫架构\price_screenshots\2026-04-22_YP_6923185611233_1776828897705.jpg
米家有品,https://m.xiaomiyoupin.com/detail?gid=169944,云米电热水器X1（50L）,6923185614920,default,449,,价格正常,2026-04-22 11:35:06,d:\WorkSpace\03_Dev_自动化开发\001全新开发价格爬虫架构\price_screenshots\2026-04-22_YP_6923185614920_1776828906052.jpg
米家有品,https://m.xiaomiyoupin.com/detail?gid=171451,云米AI燃气灶 Super   5.2（天然气）,6923185650348,default,535,,价格正常,2026-04-22 11:35:09,d:\WorkSpace\03_Dev_自动化开发\001全新开发价格爬虫架构\price_screenshots\2026-04-22_YP_6923185650348_1776828909732.jpg
米家有品,https://www.xiaomiyoupin.com/detail?gid=176105,蓝调2燃气热水器13L,6923185655688,default,Not Found,,未知,2026-04-22 11:35:12,
米家有品,https://m.xiaomiyoupin.com/detail?gid=169911,云米AI电热水器 小蓝调50L,6923185649076,default,529,,价格正常,2026-04-22 11:35:19,d:\WorkSpace\03_Dev_自动化开发\001全新开发价格爬虫架构\price_screenshots\2026-04-22_YP_6923185649076_1776828917767.jpg
米家有品,https://m.xiaomiyoupin.com/detail?gid=171512,云米油烟机蓝调,6923185650973,default,1729,,价格正常,2026-04-22 11:35:25,d:\WorkSpace\03_Dev_自动化开发\001全新开发价格爬虫架构\price_screenshots\2026-04-22_YP_6923185650973_1776828924209.jpg
米家有品,https://www.xiaomiyoupin.com/detail?gid=171444,云米互联网油烟机Flash,6923185613664,default,Not Found,,未知,2026-04-22 11:35:27,
米家有品,https://m.xiaomiyoupin.com/detail?gid=115279,云米厨余垃圾处理器  PowerBox 尊享版,6923185610250,default,1149,,价格正常,2026-04-22 11:35:34,d:\WorkSpace\03_Dev_自动化开发\001全新开发价格爬虫架构\price_screenshots\2026-04-22_YP_6923185610250_1776828933687.jpg
米家有品,https://m.xiaomiyoupin.com/detail?gid=103805,云米消毒柜（嵌入式）云米版,6923185604303,default,1729,,价格正常,2026-04-22 11:35:37,d:\WorkSpace\03_Dev_自动化开发\001全新开发价格爬虫架构\price_screenshots\2026-04-22_YP_6923185604303_1776828937934.jpg
米家有品,https://www.xiaomiyoupin.com/detail?gid=171459,云米AI油烟机Smart,6923185649229,default,Not Found,899,未知,2026-04-22 11:35:40,
米家有品,https://m.xiaomiyoupin.com/detail?gid=171425,云米AI油烟机 Super,6923185649762,default,Not Found,,未知,2026-04-22 11:35:42,
米家有品,https://www.xiaomiyoupin.com/detail?gid=178114,云米蓝调系列多功能冰沙机,6923185656135,default,Not Found,,未知,2026-04-22 11:35:44,
米家有品,https://www.xiaomiyoupin.com/detail?gid=176835,云米AI油烟机 Smart 2 Pro,6923185653516,default,Not Found,,未知,2026-04-22 11:35:46,
米家有品,https://m.xiaomiyoupin.com/detail?gid=176640,云米AI油烟机 鲲鹏Pro,6923185605379,default,1999,,价格正常,2026-04-22 11:35:53,d:\WorkSpace\03_Dev_自动化开发\001全新开发价格爬虫架构\price_screenshots\2026-04-22_YP_6923185605379_1776828952095.jpg
淘系,http://item.taobao.com/item.htm?id=608848370963,云米小厨宝6L,6923185611233,608848370963,299,,未知,2026-04-22 11:37:34,d:\WorkSpace\03_Dev_自动化开发\001全新开发价格爬虫架构\price_screenshots\2026-04-22_TB_6923185611233.jpg
淘系,https://detail.tmall.com/item.htm?&id=647537535684&skuId=6110590447166,门锁普通版E30,6923185656074,647537535684,599,,未知,2026-04-22 11:38:36,d:\WorkSpace\03_Dev_自动化开发\001全新开发价格爬虫架构\price_screenshots\2026-04-22_TB_6923185656074.jpg
淘系,https://detail.tmall.com/item.htm?id=828385611984,云米电热水器X1（50L）,6923185614920,828385611984,499,,未知,2026-04-22 11:39:45,d:\WorkSpace\03_Dev_自动化开发\001全新开发价格爬虫架构\price_screenshots\2026-04-22_TB_6923185614920.jpg
淘系,https://detail.tmall.com/item.htm?id=696518900162&skuId=4943187593982,云米电热水器X1（60L）,6923185614937,696518900162,599,,未知,2026-04-22 11:40:54,d:\WorkSpace\03_Dev_自动化开发\001全新开发价格爬虫架构\price_screenshots\2026-04-22_TB_6923185614937.jpg
淘系,http://item.taobao.com/item.htm?id=687328316706&skuId=5400657915501,云米AI燃气灶 Super   5.2（天然气）,6923185650348,687328316706,699,,未知,2026-04-22 11:42:11,d:\WorkSpace\03_Dev_自动化开发\001全新开发价格爬虫架构\price_screenshots\2026-04-22_TB_6923185650348.jpg
淘系,https://detail.tmall.com/item.htm?id=622906064684,蓝调2燃气热水器13L,6923185655688,622906064684,Error,,脚本错误,2026-04-22 11:43:35,
淘系,https://detail.tmall.com/item.htm?&id=839616605159,云米AI燃气灶power 5.0（天然气）,6923185654377,839616605159,Error,,脚本错误,2026-04-22 11:44:28,
淘系,https://detail.tmall.com/item.htm?id=709917241787&skuId=6114247283408,云米油烟机蓝调,6923185650973,709917241787,1623,,未知,2026-04-22 11:45:32,d:\WorkSpace\03_Dev_自动化开发\001全新开发价格爬虫架构\price_screenshots\2026-04-22_TB_6923185650973.jpg
淘系,https://detail.tmall.com/item.htm?id=616912623546&skuId=5129164913599,云米互联网油烟机Flash,6923185613664,616912623546,999,,未知,2026-04-22 11:46:42,d:\WorkSpace\03_Dev_自动化开发\001全新开发价格爬虫架构\price_screenshots\2026-04-22_TB_6923185613664.jpg
淘系,http://item.taobao.com/item.htm?id=604198801818,云米厨余垃圾处理器  PowerBox 尊享版,6923185610250,604198801818,899,,未知,2026-04-22 11:47:54,d:\WorkSpace\03_Dev_自动化开发\001全新开发价格爬虫架构\price_screenshots\2026-04-22_TB_6923185610250.jpg
淘系,http://item.taobao.com/item.htm?id=599809704990,云米消毒柜（嵌入式）云米版,6923185604303,599809704990,899,,未知,2026-04-22 11:49:10,d:\WorkSpace\03_Dev_自动化开发\001全新开发价格爬虫架构\price_screenshots\2026-04-22_TB_6923185604303.jpg
淘系,https://detail.tmall.com/item.htm?id=687391859258,云米AI油烟机Smart,6923185649229,687391859258,Error,899,脚本错误,2026-04-22 11:50:07,
淘系,https://detail.tmall.com/item.htm?&id=625597690034&skuId=5906318729498,云米·泉先AI净水器蓝调600G+,6923185653592,625597690034,699,999,未知,2026-04-22 11:51:25,d:\WorkSpace\03_Dev_自动化开发\001全新开发价格爬虫架构\price_screenshots\2026-04-22_TB_6923185653592.jpg
淘系,https://detail.tmall.com/item.htm?&id=975430836279&skuId=6127230887124,云米·泉先AI净水器蓝调600G+,6923185653592,975430836279,799,999,未知,2026-04-22 11:52:40,d:\WorkSpace\03_Dev_自动化开发\001全新开发价格爬虫架构\price_screenshots\2026-04-22_TB_6923185653592.jpg
淘系,https://detail.tmall.com/item.htm?&id=992850432460&skuId=6129744383760,蓝调2Pro-JSQ30-VGW1641,6923185656869,992850432460,1099,,未知,2026-04-22 11:53:23,d:\WorkSpace\03_Dev_自动化开发\001全新开发价格爬虫架构\price_screenshots\2026-04-22_TB_6923185656869.jpg
淘系,https://detail.tmall.com/item.htm?id=679863140859&skuId=6152274787711,云米AI油烟机 Super,6923185649762,679863140859,Error,,脚本错误,2026-04-22 11:54:32,
淘系,https://detail.tmall.com/item.htm?id=954285336663&skuId=6040682847898,云米蓝调系列多功能冰沙机,6923185656135,954285336663,Error,,脚本错误,2026-04-22 11:55:26,
淘系,https://detail.tmall.com/item.htm?id=825323478418&skuId=5714695607894,云米AI油烟机 Smart 2 Pro,6923185653516,825323478418,1699,,未知,2026-04-22 11:56:30,d:\WorkSpace\03_Dev_自动化开发\001全新开发价格爬虫架构\price_screenshots\2026-04-22_TB_6923185653516.jpg
淘系,https://detail.tmall.com/item.htm?&id=818563300013&skuId=5519445640124,管线机2E,6923185650966,818563300013,1199,1599,未知,2026-04-22 11:57:48,d:\WorkSpace\03_Dev_自动化开发\001全新开发价格爬虫架构\price_screenshots\2026-04-22_TB_6923185650966.jpg
淘系,https://detail.tmall.com/item.htm?&id=679863140859&skuId=6152274787711,云米AI油烟机Super升级,6923185605829,679863140859,Error,,脚本错误,2026-04-22 11:58:52,
淘系,https://detail.tmall.com/item.htm?&id=818443225222&skuId=5688219802644,管线机2S,6923185652526,818443225222,899,1699,未知,2026-04-22 12:00:14,d:\WorkSpace\03_Dev_自动化开发\001全新开发价格爬虫架构\price_screenshots\2026-04-22_TB_6923185652526.jpg
淘系,https://detail.tmall.com/item.htm?id=902116631708&skuId=5759705680450,云米AI净饮机Super 2,6923185615415,902116631708,1199,1699,未知,2026-04-22 12:01:24,d:\WorkSpace\03_Dev_自动化开发\001全新开发价格爬虫架构\price_screenshots\2026-04-22_TB_6923185615415.jpg
淘系,https://detail.tmall.com/item.htm?id=671890389960&skuId=6119280170872,云米AI净水器Super 2Y 1200G,6923185653981,671890389960,1340,1899,未知,2026-04-22 12:02:50,d:\WorkSpace\03_Dev_自动化开发\001全新开发价格爬虫架构\price_screenshots\2026-04-22_TB_6923185653981.jpg
淘系,https://detail.tmall.com/item.htm?id=928309516277&skuId=5914795609767,云米AI油烟机 鲲鹏Pro,6923185605379,928309516277,2499,,未知,2026-04-22 12:04:08,d:\WorkSpace\03_Dev_自动化开发\001全新开发价格爬虫架构\price_screenshots\2026-04-22_TB_6923185605379.jpg
淘系,https://detail.tmall.com/item.htm?&id=831641379841&skuId=5932143705073,云米AI昆仑矿泉净水机 Super 2E 2500,6923185654254,831641379841,1599,2499,未知,2026-04-22 12:05:30,d:\WorkSpace\03_Dev_自动化开发\001全新开发价格爬虫架构\price_screenshots\2026-04-22_TB_6923185654254.jpg
淘系,https://detail.tmall.com/item.htm?&id=980169298266&skuId=6103649806591,云米昆仑3矿泉净水器2S Pro,6923185656593,980169298266,1999,2899,未知,2026-04-22 12:06:53,d:\WorkSpace\03_Dev_自动化开发\001全新开发价格爬虫架构\price_screenshots\2026-04-22_TB_6923185656593.jpg
淘系,https://detail.tmall.com/item.htm?&id=839274619649&skuId=5932213893350,昆仑3 即热矿泉,6923185654445,839274619649,Error,2999,脚本错误,2026-04-22 12:07:58,
淘系,https://detail.tmall.com/item.htm?abbucket=13&id=962045858112&skuId=6163849907959,昆仑4白富镁,6923185656036,962045858112,Error,3499,脚本错误,2026-04-22 12:09:13,
淘系,https://detail.tmall.com/item.htm?&id=935542865349&skuId=5999562492773,昆仑4 弱碱Pro 1400G,6923185655718,935542865349,Error,3599,脚本错误,2026-04-22 12:10:14,
淘系,https://detail.tmall.com/item.htm?id=1008507536404&skuId=6004590737390,昆仑4 制冰台净,6923185655787,1008507536404,Error,4399,脚本错误,2026-04-22 12:11:29,
京东,https://item.jd.com/100124625239.html,云米小厨宝6L,6923185611233,100124625239,254.15,,未知,2026-04-23 10:35:07,d:\WorkSpace\01_自动化开发\App1_Price_Monitor品牌价格\price_screenshots\2026-04-23_JD_6923185611233_100124625239.jpg
京东,https://item.jd.com/10089201209435.html,云米小厨宝6L,6923185611233,10089201209435,299,,未知,2026-04-23 10:35:24,d:\WorkSpace\01_自动化开发\App1_Price_Monitor品牌价格\price_screenshots\2026-04-23_JD_6923185611233_10089201209435.jpg
京东,https://item.jd.com/10090535525714.html,云米小厨宝6L,6923185611233,10090535525714,Not Found,,抓取失败,2026-04-23 10:35:41,d:\WorkSpace\01_自动化开发\App1_Price_Monitor品牌价格\error_screenshots\fail_JD_10090535525714.png
京东,https://item.jd.com/10176847220471.html,门锁普通版E30,6923185656074,10176847220471,Not Found,,抓取失败,2026-04-23 10:35:57,d:\WorkSpace\01_自动化开发\App1_Price_Monitor品牌价格\error_screenshots\fail_JD_10176847220471.png
京东,https://item.jd.com/10192759343298.html,门锁普通版E30,6923185656074,10192759343298,519.39,,未知,2026-04-23 10:36:14,d:\WorkSpace\01_自动化开发\App1_Price_Monitor品牌价格\price_screenshots\2026-04-23_JD_6923185656074_10192759343298.jpg
京东,https://item.jd.com/10196375716835.html,门锁普通版E30,6923185656074,10196375716835,499,,未知,2026-04-23 10:36:31,d:\WorkSpace\01_自动化开发\App1_Price_Monitor品牌价格\price_screenshots\2026-04-23_JD_6923185656074_10196375716835.jpg
京东,https://item.jd.com/100013447067.html,smart 前置过滤器 （VF4-A）,6923185621058,100013447067,288.57,499,破价警报,2026-04-23 10:36:47,d:\WorkSpace\01_自动化开发\App1_Price_Monitor品牌价格\price_screenshots\2026-04-23_JD_6923185621058_100013447067.jpg
京东,https://item.jd.com/100147404880.html,smart 3,6923185654773,100147404880,509.15,,未知,2026-04-23 10:37:05,d:\WorkSpace\01_自动化开发\App1_Price_Monitor品牌价格\price_screenshots\2026-04-23_JD_6923185654773_100147404880.jpg
京东,https://item.jd.com/10095813745701.html,云米电热水器X1（50L）,6923185614920,10095813745701,539,,未知,2026-04-23 10:37:22,d:\WorkSpace\01_自动化开发\App1_Price_Monitor品牌价格\price_screenshots\2026-04-23_JD_6923185614920_10095813745701.jpg
京东,https://item.jd.com/10095813745702.html,云米电热水器X1（60L）,6923185614937,10095813745702,569,,未知,2026-04-23 10:37:42,d:\WorkSpace\01_自动化开发\App1_Price_Monitor品牌价格\price_screenshots\2026-04-23_JD_6923185614937_10095813745702.jpg
京东,https://item.jd.com/10097111681728.html,云米电热水器X1（60L）,6923185614937,10097111681728,569,,未知,2026-04-23 10:37:59,d:\WorkSpace\01_自动化开发\App1_Price_Monitor品牌价格\price_screenshots\2026-04-23_JD_6923185614937_10097111681728.jpg
京东,https://item.jd.com/10154100555262.html,云米蓝调智能门锁（基础版）,6923185655381,10154100555262,538.77,,未知,2026-04-23 10:38:16,d:\WorkSpace\01_自动化开发\App1_Price_Monitor品牌价格\price_screenshots\2026-04-23_JD_6923185655381_10154100555262.jpg
京东,https://item.jd.com/100070514318.html,云米AI燃气灶 Super   5.2（天然气）,6923185650348,100070514318,679.15,,未知,2026-04-23 10:38:34,d:\WorkSpace\01_自动化开发\App1_Price_Monitor品牌价格\price_screenshots\2026-04-23_JD_6923185650348_100070514318.jpg
京东,https://item.jd.com/100167111601.html,蓝调2燃气热水器13L,6923185655688,100167111601,679.15,,未知,2026-04-23 10:38:51,d:\WorkSpace\01_自动化开发\App1_Price_Monitor品牌价格\price_screenshots\2026-04-23_JD_6923185655688_100167111601.jpg
京东,https://item.jd.com/10176913186809.html,蓝调2燃气热水器13L,6923185655688,10176913186809,699,,未知,2026-04-23 10:39:07,d:\WorkSpace\01_自动化开发\App1_Price_Monitor品牌价格\price_screenshots\2026-04-23_JD_6923185655688_10176913186809.jpg
京东,https://item.jd.com/10092678440219.html,super5.0灶具（天然气）,6923185649656,10092678440219,679.15,,未知,2026-04-23 10:39:23,d:\WorkSpace\01_自动化开发\App1_Price_Monitor品牌价格\price_screenshots\2026-04-23_JD_6923185649656_10092678440219.jpg
京东,https://item.jd.com/100118324669.html,云米·泉先前置过滤器 Super,6923185649885,100118324669,547.57,699,破价警报,2026-04-23 10:39:42,d:\WorkSpace\01_自动化开发\App1_Price_Monitor品牌价格\price_screenshots\2026-04-23_JD_6923185649885_100118324669.jpg
京东,https://item.jd.com/10143724381196.html,云米·泉先前置过滤器 Super,6923185649885,10143724381196,599,699,破价警报,2026-04-23 10:40:00,d:\WorkSpace\01_自动化开发\App1_Price_Monitor品牌价格\price_screenshots\2026-04-23_JD_6923185649885_10143724381196.jpg
京东,https://item.jd.com/100028611839.html,云米AI电热水器 小蓝调50L,6923185649076,100028611839,636.65,,未知,2026-04-23 10:40:18,d:\WorkSpace\01_自动化开发\App1_Price_Monitor品牌价格\price_screenshots\2026-04-23_JD_6923185649076_100028611839.jpg
京东,https://item.jd.com/10114364850989.html,小鲸鱼 马桶盖,6923185654537,10114364850989,698.4,,未知,2026-04-23 10:40:39,d:\WorkSpace\01_自动化开发\App1_Price_Monitor品牌价格\price_screenshots\2026-04-23_JD_6923185654537_10114364850989.jpg
京东,https://item.jd.com/10168369255857.html,蓝调智能门锁（大屏猫眼版）,6923185654667,10168369255857,649.4,,未知,2026-04-23 10:41:12,d:\WorkSpace\01_自动化开发\App1_Price_Monitor品牌价格\price_screenshots\2026-04-23_JD_6923185654667_10168369255857.jpg
京东,https://item.jd.com/10152123375420.html,蓝调智能门锁（3D人脸版）,6923185654643,10152123375420,698.73,,未知,2026-04-23 10:41:46,d:\WorkSpace\01_自动化开发\App1_Price_Monitor品牌价格\price_screenshots\2026-04-23_JD_6923185654643_10152123375420.jpg
京东,https://item.jd.com/10075265423716.html,5.0KW聚能猛火灶,6923185650331,10075265423716,699,,未知,2026-04-23 10:42:18,d:\WorkSpace\01_自动化开发\App1_Price_Monitor品牌价格\price_screenshots\2026-04-23_JD_6923185650331_10075265423716.jpg
京东,https://item.jd.com/10152130264576.html,蓝调智能门锁（人脸猫眼版）,6923185654650,10152130264576,781.18,,未知,2026-04-23 10:42:51,d:\WorkSpace\01_自动化开发\App1_Price_Monitor品牌价格\price_screenshots\2026-04-23_JD_6923185654650_10152130264576.jpg
京东,https://item.jd.com/10101734415931.html,云米油烟机蓝调,6923185650973,10101734415931,859,,未知,2026-04-23 10:43:23,d:\WorkSpace\01_自动化开发\App1_Price_Monitor品牌价格\price_screenshots\2026-04-23_JD_6923185650973_10101734415931.jpg
京东,https://item.jd.com/10089284956258.html,flash烟机,6923185613664,10089284956258,899,,未知,2026-04-23 10:44:00,d:\WorkSpace\01_自动化开发\App1_Price_Monitor品牌价格\price_screenshots\2026-04-23_JD_6923185613664_10089284956258.jpg
京东,https://item.jd.com/10110061303564.html,云米互联网油烟机Flash,6923185613664,10110061303564,899,,未知,2026-04-23 10:44:30,d:\WorkSpace\01_自动化开发\App1_Price_Monitor品牌价格\price_screenshots\2026-04-23_JD_6923185613664_10110061303564.jpg
京东,https://item.jd.com/10110061303564.html,flash烟机,6923185613664,10110061303564,899,,未知,2026-04-23 10:44:52,d:\WorkSpace\01_自动化开发\App1_Price_Monitor品牌价格\price_screenshots\2026-04-23_JD_6923185613664_10110061303564.jpg
京东,https://item.jd.com/10090594806936.html,flash烟机,6923185613664,10090594806936,899,,未知,2026-04-23 10:45:25,d:\WorkSpace\01_自动化开发\App1_Price_Monitor品牌价格\price_screenshots\2026-04-23_JD_6923185613664_10090594806936.jpg
京东,https://item.jd.com/10089198115504.html,免镁棒-60L-3000w热水器,6923185611899,10089198115504,899,,未知,2026-04-23 10:45:57,d:\WorkSpace\01_自动化开发\App1_Price_Monitor品牌价格\price_screenshots\2026-04-23_JD_6923185611899_10089198115504.jpg
京东,https://item.jd.com/10093429580106.html,云米厨余垃圾处理器  PowerBox 尊享版,6923185610250,10093429580106,806.65,,未知,2026-04-23 10:46:30,d:\WorkSpace\01_自动化开发\App1_Price_Monitor品牌价格\price_screenshots\2026-04-23_JD_6923185610250_10093429580106.jpg
京东,https://item.jd.com/10168128067583.html,云米厨余垃圾处理器  PowerBox 尊享版,6923185610250,10168128067583,899,,未知,2026-04-23 10:47:03,d:\WorkSpace\01_自动化开发\App1_Price_Monitor品牌价格\price_screenshots\2026-04-23_JD_6923185610250_10168128067583.jpg
京东,https://item.jd.com/10091941834784.html,云米消毒柜（嵌入式）云米版,6923185604303,10091941834784,899,,未知,2026-04-23 10:47:35,d:\WorkSpace\01_自动化开发\App1_Price_Monitor品牌价格\price_screenshots\2026-04-23_JD_6923185604303_10091941834784.jpg
京东,https://item.jd.com/10103268736846.html,云米消毒柜（嵌入式）云米版,6923185604303,10103268736846,899,,未知,2026-04-23 10:48:12,d:\WorkSpace\01_自动化开发\App1_Price_Monitor品牌价格\price_screenshots\2026-04-23_JD_6923185604303_10103268736846.jpg
京东,https://item.jd.com/10105870187513.html,云米·泉先AI净水器蓝调600G+,6923185653592,10105870187513,698.4,999,破价警报,2026-04-23 10:48:46,d:\WorkSpace\01_自动化开发\App1_Price_Monitor品牌价格\price_screenshots\2026-04-23_JD_6923185653592_10105870187513.jpg
京东,https://item.jd.com/100220432807.html,蓝调2Pro-JSQ30-VGW1641,6923185656869,100220432807,934.15,,未知,2026-04-23 10:49:18,d:\WorkSpace\01_自动化开发\App1_Price_Monitor品牌价格\price_screenshots\2026-04-23_JD_6923185656869_100220432807.jpg
京东,https://item.jd.com/100020870125.html,云米空调1匹两用挂机iCool 2T,S1648526111232,100020870125,1349,1099,高价待调整,2026-04-23 10:49:51,d:\WorkSpace\01_自动化开发\App1_Price_Monitor品牌价格\price_screenshots\2026-04-23_JD_S1648526111232_100020870125.jpg
京东,https://item.jd.com/10192764613659.html,门锁掌静脉,6923185655398,10192764613659,1090.03,,未知,2026-04-23 10:50:22,d:\WorkSpace\01_自动化开发\App1_Price_Monitor品牌价格\price_screenshots\2026-04-23_JD_6923185655398_10192764613659.jpg
京东,https://item.jd.com/10101734415932.html,蓝调烟机+power5.0（液）,S2411211436001,10101734415932,Not Found,1199,抓取失败,2026-04-23 10:50:51,d:\WorkSpace\01_自动化开发\App1_Price_Monitor品牌价格\error_screenshots\fail_JD_10101734415932.png
京东,https://item.jd.com/100193851271.html,云米蓝调系列多功能冰沙机,6923185656135,100193851271,2787.8,,未知,2026-04-23 10:51:20,d:\WorkSpace\01_自动化开发\App1_Price_Monitor品牌价格\price_screenshots\2026-04-23_JD_6923185656135_100193851271.jpg
京东,https://item.jd.com/100147404904.html,云米AI油烟机 Smart 2 Pro,6923185653516,100147404904,1359.15,,未知,2026-04-23 10:51:52,d:\WorkSpace\01_自动化开发\App1_Price_Monitor品牌价格\price_screenshots\2026-04-23_JD_6923185653516_100147404904.jpg
京东,https://item.jd.com/10089254213735.html,flash烟机+power5.0（天然气）,S2409261034001,10089254213735,1299,1399,破价警报,2026-04-23 10:52:28,d:\WorkSpace\01_自动化开发\App1_Price_Monitor品牌价格\price_screenshots\2026-04-23_JD_S2409261034001_10089254213735.jpg
京东,https://item.jd.com/100223552856.html,小京龙900G,6923185654292,100223552856,898.87,1499,破价警报,2026-04-23 10:52:59,d:\WorkSpace\01_自动化开发\App1_Price_Monitor品牌价格\price_screenshots\2026-04-23_JD_6923185654292_100223552856.jpg
京东,https://item.jd.com/10143719582452.html,云米·泉先 AI冷热管线机 Super 2E,6923185650966,10143719582452,989.1,1599,破价警报,2026-04-23 10:53:32,d:\WorkSpace\01_自动化开发\App1_Price_Monitor品牌价格\price_screenshots\2026-04-23_JD_6923185650966_10143719582452.jpg
京东,https://item.jd.com/100309470648.html,云米AI油烟机Super升级,6923185605829,100309470648,1274.15,,未知,2026-04-23 10:54:04,d:\WorkSpace\01_自动化开发\App1_Price_Monitor品牌价格\price_screenshots\2026-04-23_JD_6923185605829_100309470648.jpg
京东,https://item.jd.com/100094220985.html,云米·泉先AI管线机Master2S,6923185652526,100094220985,705.48,1699,破价警报,2026-04-23 10:54:28,d:\WorkSpace\01_自动化开发\App1_Price_Monitor品牌价格\price_screenshots\2026-04-23_JD_6923185652526_100094220985.jpg
京东,https://item.jd.com/10111293867587.html,云米·泉先AI管线机Master2S,6923185652526,10111293867587,858.99,1699,破价警报,2026-04-23 10:55:00,d:\WorkSpace\01_自动化开发\App1_Price_Monitor品牌价格\price_screenshots\2026-04-23_JD_6923185652526_10111293867587.jpg
京东,https://item.jd.com/100141797446.html,鲜活泉系列 Smart 1000G(小竹泉）,6923185654247,100141797446,932.59,1699,破价警报,2026-04-23 10:55:32,d:\WorkSpace\01_自动化开发\App1_Price_Monitor品牌价格\price_screenshots\2026-04-23_JD_6923185654247_100141797446.jpg
京东,https://item.jd.com/100193748406.html,云米AI净饮机Super 2,6923185615415,100193748406,1062.36,1699,破价警报,2026-04-23 10:56:05,d:\WorkSpace\01_自动化开发\App1_Price_Monitor品牌价格\price_screenshots\2026-04-23_JD_6923185615415_100193748406.jpg
京东,https://item.jd.com/10190216497508.html,云米AI净饮机Super 2,6923185615415,10190216497508,1002.76,1699,破价警报,2026-04-23 10:56:40,d:\WorkSpace\01_自动化开发\App1_Price_Monitor品牌价格\price_screenshots\2026-04-23_JD_6923185615415_10190216497508.jpg
京东,https://item.jd.com/100113886253.html,云米AI净水器Super 2Y 1200G,6923185653981,100113886253,1185.42,1899,破价警报,2026-04-23 10:57:12,d:\WorkSpace\01_自动化开发\App1_Price_Monitor品牌价格\price_screenshots\2026-04-23_JD_6923185653981_100113886253.jpg
京东,https://item.jd.com/100152351404.html,云米AI净水器Super 2Y 1200G,6923185653981,100152351404,3511.27,1899,高价待调整,2026-04-23 10:57:44,d:\WorkSpace\01_自动化开发\App1_Price_Monitor品牌价格\price_screenshots\2026-04-23_JD_6923185653981_100152351404.jpg
京东,https://item.jd.com/10109665694149.html,云米AI净水器Super 2Y 1200G,6923185653981,10109665694149,1189.75,1899,破价警报,2026-04-23 10:58:18,d:\WorkSpace\01_自动化开发\App1_Price_Monitor品牌价格\price_screenshots\2026-04-23_JD_6923185653981_10109665694149.jpg
京东,https://item.jd.com/10137116625841.html,"即热1000G,MAIN84",6923185651116,10137116625841,1359.15,1899,破价警报,2026-04-23 10:58:49,d:\WorkSpace\01_自动化开发\App1_Price_Monitor品牌价格\price_screenshots\2026-04-23_JD_6923185651116_10137116625841.jpg
京东,https://item.jd.com/100216835595.html,云米AI冷热管线机Super2 Pro,6923185655794,100216835595,1448.68,1999,破价警报,2026-04-23 10:59:22,d:\WorkSpace\01_自动化开发\App1_Price_Monitor品牌价格\price_screenshots\2026-04-23_JD_6923185655794_100216835595.jpg
京东,https://item.jd.com/10190163229722.html,云米AI冷热管线机Super2 Pro,6923185655794,10190163229722,1598.99,1999,破价警报,2026-04-23 10:59:56,d:\WorkSpace\01_自动化开发\App1_Price_Monitor品牌价格\price_screenshots\2026-04-23_JD_6923185655794_10190163229722.jpg
京东,https://item.jd.com/10190186867694.html,云米AI冷热管线机Super2 Pro,6923185655794,10190186867694,1699,1999,破价警报,2026-04-23 11:00:36,d:\WorkSpace\01_自动化开发\App1_Price_Monitor品牌价格\price_screenshots\2026-04-23_JD_6923185655794_10190186867694.jpg
京东,https://item.jd.com/10130854696036.html,云米智能马桶 小鲸鱼 2 Pro,6923185654575,10130854696036,2398.7,,未知,2026-04-23 11:01:01,d:\WorkSpace\01_自动化开发\App1_Price_Monitor品牌价格\price_screenshots\2026-04-23_JD_6923185654575_10130854696036.jpg
京东,https://item.jd.com/100167111617.html,云米AI油烟机 鲲鹏Pro,6923185605379,100167111617,2115.65,,未知,2026-04-23 11:01:33,d:\WorkSpace\01_自动化开发\App1_Price_Monitor品牌价格\price_screenshots\2026-04-23_JD_6923185605379_100167111617.jpg
京东,https://item.jd.com/10114588738475.html,云米AI昆仑矿泉净水机 Super 2E 2500,6923185654254,10114588738475,1551.02,2499,破价警报,2026-04-23 11:02:06,d:\WorkSpace\01_自动化开发\App1_Price_Monitor品牌价格\price_screenshots\2026-04-23_JD_6923185654254_10114588738475.jpg
京东,https://item.jd.com/10116378745406.html,云米AI昆仑矿泉净水机 Super 2E 2500,6923185654254,10116378745406,1699,2499,破价警报,2026-04-23 11:02:38,d:\WorkSpace\01_自动化开发\App1_Price_Monitor品牌价格\price_screenshots\2026-04-23_JD_6923185654254_10116378745406.jpg
京东,https://item.jd.com/100135346870.html,云米AI昆仑矿泉净水机 Super 2E 2500,6923185654254,100135346870,1456.73,2499,破价警报,2026-04-23 11:03:10,d:\WorkSpace\01_自动化开发\App1_Price_Monitor品牌价格\price_screenshots\2026-04-23_JD_6923185654254_100135346870.jpg
京东,https://item.jd.com/100210261709.html,小京龙2Pro净矿,6923185656791,100210261709,1990.06,2499,破价警报,2026-04-23 11:03:40,d:\WorkSpace\01_自动化开发\App1_Price_Monitor品牌价格\price_screenshots\2026-04-23_JD_6923185656791_100210261709.jpg
京东,https://item.jd.com/100105676026.html,云米AI净水器昆仑 Super 2S 1200G,6923185653585,100105676026,1638.65,2699,破价警报,2026-04-23 11:04:12,d:\WorkSpace\01_自动化开发\App1_Price_Monitor品牌价格\price_screenshots\2026-04-23_JD_6923185653585_100105676026.jpg
京东,https://item.jd.com/10103267064546.html,蒸烤一体机FaceA1,6923185620136,10103267064546,2799,,未知,2026-04-23 11:04:45,d:\WorkSpace\01_自动化开发\App1_Price_Monitor品牌价格\price_screenshots\2026-04-23_JD_6923185620136_10103267064546.jpg
京东,https://item.jd.com/10206797283677.html,昆仑3 即热矿泉,6923185654445,10206797283677,2327.03,2999,破价警报,2026-04-23 11:05:20,d:\WorkSpace\01_自动化开发\App1_Price_Monitor品牌价格\price_screenshots\2026-04-23_JD_6923185654445_10206797283677.jpg
京东,https://item.jd.com/10202290093822.html,昆仑4 弱碱Pro 1400G,6923185655718,10202290093822,2999,3599,破价警报,2026-04-23 11:05:55,d:\WorkSpace\01_自动化开发\App1_Price_Monitor品牌价格\price_screenshots\2026-04-23_JD_6923185655718_10202290093822.jpg
京东,https://item.jd.com/100200100603.html,鲲鹏净热（热魔方）,6923185656098,100200100603,Not Found,3999,抓取失败,2026-04-23 11:06:22,d:\WorkSpace\01_自动化开发\App1_Price_Monitor品牌价格\error_screenshots\fail_JD_100200100603.png
京东,https://item.jd.com/100215523232.html,昆仑4 制冰台净,6923185655787,100215523232,3365.41,4399,破价警报,2026-04-23 11:06:55,d:\WorkSpace\01_自动化开发\App1_Price_Monitor品牌价格\price_screenshots\2026-04-23_JD_6923185655787_100215523232.jpg
拼多多,https://mobile.yangkeduo.com/goods.html?goods_id=912927521784,小京龙2Pro净矿,6923185656791,912927521784,1273,2499,破价警报 | 百亿补贴,2026-04-23 11:07:15,d:\WorkSpace\01_自动化开发\App1_Price_Monitor品牌价格\price_screenshots\2026-04-23_PDD_912927521784.jpg
拼多多,https://mobile.yangkeduo.com/goods.html?goods_id=908884844099,管线机2S,6923185652526,908884844099,709,1699,破价警报,2026-04-23 11:07:15,d:\WorkSpace\01_自动化开发\App1_Price_Monitor品牌价格\price_screenshots\2026-04-23_PDD_908884844099.jpg
拼多多,https://mobile.yangkeduo.com/goods.html?goods_id=908879495872,smart 前置过滤器 （VF4-A）,6923185621058,908879495872,289,499,破价警报,2026-04-23 11:07:15,d:\WorkSpace\01_自动化开发\App1_Price_Monitor品牌价格\price_screenshots\2026-04-23_PDD_908879495872.jpg
拼多多,https://mobile.yangkeduo.com/goods.html?goods_id=907974025123,小海豚1000G,6923185654865,907974025123,899,899,正常,2026-04-23 11:07:15,d:\WorkSpace\01_自动化开发\App1_Price_Monitor品牌价格\price_screenshots\2026-04-23_PDD_907974025123.jpg
拼多多,https://mobile.yangkeduo.com/goods.html?goods_id=907033710117,云米昆仑3矿泉净水器2S Pro,6923185656593,907033710117,2998,2899,高价待调整,2026-04-23 11:07:15,d:\WorkSpace\01_自动化开发\App1_Price_Monitor品牌价格\price_screenshots\2026-04-23_PDD_907033710117.jpg
拼多多,https://mobile.yangkeduo.com/goods.html?goods_id=873065157674,小海豚600G适用滤芯,6923185618379,873065157674,239,299,破价警报,2026-04-23 11:07:15,d:\WorkSpace\01_自动化开发\App1_Price_Monitor品牌价格\price_screenshots\2026-04-23_PDD_873065157674.jpg
拼多多,https://mobile.yangkeduo.com/goods.html?goods_id=872941778883,1000G复合滤芯,6923185653998,872941778883,288,298,破价警报,2026-04-23 11:07:16,d:\WorkSpace\01_自动化开发\App1_Price_Monitor品牌价格\price_screenshots\2026-04-23_PDD_872941778883.jpg
拼多多,https://mobile.yangkeduo.com/goods.html?goods_id=870799733097,油烟机 smart2,6923185653110,870799733097,1599,,正常,2026-04-23 11:07:16,d:\WorkSpace\01_自动化开发\App1_Price_Monitor品牌价格\price_screenshots\2026-04-23_PDD_870799733097.jpg
拼多多,https://mobile.yangkeduo.com/goods.html?goods_id=868834124642,云米AI油烟机Super升级,6923185605829,868834124642,1279,,正常,2026-04-23 11:07:16,d:\WorkSpace\01_自动化开发\App1_Price_Monitor品牌价格\price_screenshots\2026-04-23_PDD_868834124642.jpg
拼多多,https://mobile.yangkeduo.com/goods.html?goods_id=868851073714,小海豚3,6923185605867,868851073714,499,499,百亿补贴,2026-04-23 11:07:16,d:\WorkSpace\01_自动化开发\App1_Price_Monitor品牌价格\price_screenshots\2026-04-23_PDD_868851073714.jpg
拼多多,https://mobile.yangkeduo.com/goods.html?goods_id=862873034610,小海豚3,6923185605867,862873034610,618.8,499,高价待调整 | 百亿补贴,2026-04-23 11:07:20,d:\WorkSpace\01_自动化开发\App1_Price_Monitor品牌价格\price_screenshots\2026-04-23_PDD_862873034610.jpg
拼多多,https://mobile.yangkeduo.com/goods.html?goods_id=862584688956,门锁门禁卡,6923185654230,862584688956,25,19,高价待调整,2026-04-23 11:07:20,d:\WorkSpace\01_自动化开发\App1_Price_Monitor品牌价格\price_screenshots\2026-04-23_PDD_862584688956.jpg
拼多多,https://mobile.yangkeduo.com/goods.html?goods_id=861508688697,管线机2E,6923185650966,861508688697,989,1599,破价警报,2026-04-23 11:07:20,d:\WorkSpace\01_自动化开发\App1_Price_Monitor品牌价格\price_screenshots\2026-04-23_PDD_861508688697.jpg
拼多多,https://mobile.yangkeduo.com/goods.html?goods_id=852932116812,小海豚600G+滤芯套餐,S2508151538001,852932116812,772,,百亿补贴,2026-04-23 11:07:20,d:\WorkSpace\01_自动化开发\App1_Price_Monitor品牌价格\price_screenshots\2026-04-23_PDD_852932116812.jpg
拼多多,https://mobile.yangkeduo.com/goods.html?goods_id=852614628903,云米厨余垃圾处理器  PowerBox 尊享版,6923185610250,852614628903,889,,百亿补贴,2026-04-23 11:07:21,d:\WorkSpace\01_自动化开发\App1_Price_Monitor品牌价格\price_screenshots\2026-04-23_PDD_852614628903.jpg
拼多多,https://mobile.yangkeduo.com/goods.html?goods_id=852161740747,小海豚600G+,6923185653684,852161740747,899,559,高价待调整,2026-04-23 11:07:21,d:\WorkSpace\01_自动化开发\App1_Price_Monitor品牌价格\price_screenshots\2026-04-23_PDD_852161740747.jpg
拼多多,https://mobile.yangkeduo.com/goods.html?goods_id=852010588191,蓝调2Pro-JSQ30-VGW1641,6923185656869,852010588191,1099,,正常,2026-04-23 11:07:21,d:\WorkSpace\01_自动化开发\App1_Price_Monitor品牌价格\price_screenshots\2026-04-23_PDD_852010588191.jpg
拼多多,https://mobile.yangkeduo.com/goods.html?goods_id=850883552953,云米·泉先AI净水器蓝调600G+,6923185653592,850883552953,1299,999,高价待调整,2026-04-23 11:07:21,d:\WorkSpace\01_自动化开发\App1_Price_Monitor品牌价格\price_screenshots\2026-04-23_PDD_850883552953.jpg
拼多多,https://mobile.yangkeduo.com/goods.html?goods_id=850344043841,云米AI净饮机Super 2,6923185615415,850344043841,1009,1699,破价警报,2026-04-23 11:07:21,d:\WorkSpace\01_自动化开发\App1_Price_Monitor品牌价格\price_screenshots\2026-04-23_PDD_850344043841.jpg
拼多多,https://mobile.yangkeduo.com/goods.html?goods_id=849648457333,云米AI昆仑矿泉净水机 Super 2E 2500,6923185654254,849648457333,1459,2499,破价警报,2026-04-23 11:07:21,d:\WorkSpace\01_自动化开发\App1_Price_Monitor品牌价格\price_screenshots\2026-04-23_PDD_849648457333.jpg
拼多多,https://mobile.yangkeduo.com/goods.html?goods_id=849000374681,云米AI净水器Super 2Y 1200G,6923185653981,849000374681,1189,1899,破价警报,2026-04-23 11:07:26,d:\WorkSpace\01_自动化开发\App1_Price_Monitor品牌价格\price_screenshots\2026-04-23_PDD_849000374681.jpg
拼多多,https://mobile.yangkeduo.com/goods.html?goods_id=837301408995,云米AI冷热管线机Super2 Pro,6923185655794,837301408995,1449,1999,破价警报,2026-04-23 11:07:26,d:\WorkSpace\01_自动化开发\App1_Price_Monitor品牌价格\price_screenshots\2026-04-23_PDD_837301408995.jpg
拼多多,https://mobile.yangkeduo.com/goods.html?goods_id=832431516907,门锁普通版E30,6923185656074,832431516907,499,,正常,2026-04-23 11:07:26,d:\WorkSpace\01_自动化开发\App1_Price_Monitor品牌价格\price_screenshots\2026-04-23_PDD_832431516907.jpg
拼多多,https://mobile.yangkeduo.com/goods.html?goods_id=823432069145,手持吸尘器,6923185611844,823432069145,999,602,高价待调整,2026-04-23 11:07:26,d:\WorkSpace\01_自动化开发\App1_Price_Monitor品牌价格\price_screenshots\2026-04-23_PDD_823432069145.jpg
拼多多,https://mobile.yangkeduo.com/goods.html?goods_id=774960777953,蓝调2燃气热水器13L,6923185655688,774960777953,594.15,,正常,2026-04-23 11:07:26,d:\WorkSpace\01_自动化开发\App1_Price_Monitor品牌价格\price_screenshots\2026-04-23_PDD_774960777953.jpg
拼多多,https://mobile.yangkeduo.com/goods.html?goods_id=767193647325,门锁掌静脉,6923185655398,767193647325,1104,,正常,2026-04-23 11:07:26,d:\WorkSpace\01_自动化开发\App1_Price_Monitor品牌价格\price_screenshots\2026-04-23_PDD_767193647325.jpg
拼多多,https://mobile.yangkeduo.com/goods.html?goods_id=765112154467,小鲸鱼 马桶盖,6923185654537,765112154467,1199,,正常,2026-04-23 11:07:26,d:\WorkSpace\01_自动化开发\App1_Price_Monitor品牌价格\price_screenshots\2026-04-23_PDD_765112154467.jpg
拼多多,https://mobile.yangkeduo.com/goods.html?goods_id=763759392708,云米AI油烟机 鲲鹏Pro,6923185605379,763759392708,2499,,正常,2026-04-23 11:07:26,d:\WorkSpace\01_自动化开发\App1_Price_Monitor品牌价格\price_screenshots\2026-04-23_PDD_763759392708.jpg
拼多多,https://mobile.yangkeduo.com/goods.html?goods_id=761822913595,云米智能马桶 小鲸鱼 2 Pro,6923185654575,761822913595,2399,,正常,2026-04-23 11:07:27,d:\WorkSpace\01_自动化开发\App1_Price_Monitor品牌价格\price_screenshots\2026-04-23_PDD_761822913595.jpg
拼多多,https://mobile.yangkeduo.com/goods.html?goods_id=743885774552,云米蓝调智能门锁（基础版）,6923185655381,743885774552,539,,正常,2026-04-23 11:07:27,d:\WorkSpace\01_自动化开发\App1_Price_Monitor品牌价格\price_screenshots\2026-04-23_PDD_743885774552.jpg
拼多多,https://mobile.yangkeduo.com/goods.html?goods_id=739863611562,云米AI油烟机 Smart 2 Pro,6923185653516,739863611562,1359,,正常,2026-04-23 11:07:31,d:\WorkSpace\01_自动化开发\App1_Price_Monitor品牌价格\price_screenshots\2026-04-23_PDD_739863611562.jpg
拼多多,https://mobile.yangkeduo.com/goods.html?goods_id=705715580268,智能门锁锂电池(5000mAh),6923185652953,705715580268,114,99,高价待调整,2026-04-23 11:07:31,d:\WorkSpace\01_自动化开发\App1_Price_Monitor品牌价格\price_screenshots\2026-04-23_PDD_705715580268.jpg
拼多多,https://mobile.yangkeduo.com/goods.html?goods_id=661859626284,小海豚-40L-2000w热水器,6923185681281,661859626284,599,,正常,2026-04-23 11:07:31,d:\WorkSpace\01_自动化开发\App1_Price_Monitor品牌价格\price_screenshots\2026-04-23_PDD_661859626284.jpg
拼多多,https://mobile.yangkeduo.com/goods.html?goods_id=657344402006,云米油烟机蓝调,6923185650973,657344402006,1199,,正常,2026-04-23 11:07:32,d:\WorkSpace\01_自动化开发\App1_Price_Monitor品牌价格\price_screenshots\2026-04-23_PDD_657344402006.jpg
拼多多,https://mobile.yangkeduo.com/goods.html?goods_id=490426355421,500L十字门冰箱,6923185651123,490426355421,3199,,正常,2026-04-23 11:07:32,d:\WorkSpace\01_自动化开发\App1_Price_Monitor品牌价格\price_screenshots\2026-04-23_PDD_490426355421.jpg
拼多多,https://mobile.yangkeduo.com/goods.html?goods_id=484037745334,云米AI燃气灶power 5.0（天然气）,6923185654377,484037745334,1099,,正常,2026-04-23 11:07:32,d:\WorkSpace\01_自动化开发\App1_Price_Monitor品牌价格\price_screenshots\2026-04-23_PDD_484037745334.jpg
拼多多,https://mobile.yangkeduo.com/goods.html?goods_id=415597395169,电热3300W smart2,6923185651444,415597395169,979,,百亿补贴,2026-04-23 11:07:32,d:\WorkSpace\01_自动化开发\App1_Price_Monitor品牌价格\price_screenshots\2026-04-23_PDD_415597395169.jpg
拼多多,https://mobile.yangkeduo.com/goods.html?goods_id=413986425773,蓝调智能门锁（人脸猫眼版）,6923185654650,413986425773,999,,正常,2026-04-23 11:07:32,d:\WorkSpace\01_自动化开发\App1_Price_Monitor品牌价格\price_screenshots\2026-04-23_PDD_413986425773.jpg
拼多多,https://mobile.yangkeduo.com/goods.html?goods_id=364990106384,"即热1000G,MAIN84",6923185651116,364990106384,1359,1899,破价警报,2026-04-23 11:07:32,d:\WorkSpace\01_自动化开发\App1_Price_Monitor品牌价格\price_screenshots\2026-04-23_PDD_364990106384.jpg
拼多多,https://mobile.yangkeduo.com/goods.html?goods_id=325232192898,冰箱603,6923185650935,325232192898,2459,,正常,2026-04-23 11:07:32,d:\WorkSpace\01_自动化开发\App1_Price_Monitor品牌价格\price_screenshots\2026-04-23_PDD_325232192898.jpg
拼多多,https://mobile.yangkeduo.com/goods.html?goods_id=296957182528,复合滤芯,"6923185600138,6923185600145",296957182528,439,,正常,2026-04-23 11:07:37,d:\WorkSpace\01_自动化开发\App1_Price_Monitor品牌价格\price_screenshots\2026-04-23_PDD_296957182528.jpg
拼多多,https://mobile.yangkeduo.com/goods.html?goods_id=291141614396,F3-五合一,6923185614258,291141614396,269,298,破价警报,2026-04-23 11:07:37,d:\WorkSpace\01_自动化开发\App1_Price_Monitor品牌价格\price_screenshots\2026-04-23_PDD_291141614396.jpg
拼多多,https://mobile.yangkeduo.com/goods.html?goods_id=290543633215,复合滤芯,"6923185614258,6923185616177",290543633215,199,,正常,2026-04-23 11:07:37,d:\WorkSpace\01_自动化开发\App1_Price_Monitor品牌价格\price_screenshots\2026-04-23_PDD_290543633215.jpg
拼多多,https://mobile.yangkeduo.com/goods.html?goods_id=273348857003,云米蓝调智能门锁（基础版）,6923185655381,273348857003,538.77,,正常,2026-04-23 11:07:37,d:\WorkSpace\01_自动化开发\App1_Price_Monitor品牌价格\price_screenshots\2026-04-23_PDD_273348857003.jpg
拼多多,https://mobile.yangkeduo.com/goods.html?goods_id=264080849667,霸王锁体,6923185622154,264080849667,150,150,正常,2026-04-23 11:07:38,d:\WorkSpace\01_自动化开发\App1_Price_Monitor品牌价格\price_screenshots\2026-04-23_PDD_264080849667.jpg
拼多多,https://mobile.yangkeduo.com/goods.html?goods_id=259115850200,蓝调智能门锁（3D人脸版）,6923185654643,259115850200,699,,正常,2026-04-23 11:07:38,d:\WorkSpace\01_自动化开发\App1_Price_Monitor品牌价格\price_screenshots\2026-04-23_PDD_259115850200.jpg
拼多多,https://mobile.yangkeduo.com/goods.html?goods_id=231833573024,小烤箱6L,6923185603221,231833573024,199,174,高价待调整,2026-04-23 11:07:38,d:\WorkSpace\01_自动化开发\App1_Price_Monitor品牌价格\price_screenshots\2026-04-23_PDD_231833573024.jpg
拼多多,https://mobile.yangkeduo.com/goods.html?goods_id=225501370546,小海豚3,6923185605867,225501370546,895.5,499,高价待调整,2026-04-23 11:07:38,d:\WorkSpace\01_自动化开发\App1_Price_Monitor品牌价格\price_screenshots\2026-04-23_PDD_225501370546.jpg
拼多多,https://mobile.yangkeduo.com/goods.html?goods_id=224216987554,复合滤芯,"6923185614258,6923185615750,6923185614265",224216987554,199,,正常,2026-04-23 11:07:38,d:\WorkSpace\01_自动化开发\App1_Price_Monitor品牌价格\price_screenshots\2026-04-23_PDD_224216987554.jpg
拼多多,https://mobile.yangkeduo.com/goods.html?goods_id=220820325711,云米消毒柜（嵌入式）云米版,6923185604303,220820325711,1299,,正常,2026-04-23 11:07:39,d:\WorkSpace\01_自动化开发\App1_Price_Monitor品牌价格\price_screenshots\2026-04-23_PDD_220820325711.jpg
拼多多,https://mobile.yangkeduo.com/goods.html?goods_id=219486126363,flash烟机,6923185613664,219486126363,899,,正常,2026-04-23 11:07:43,d:\WorkSpace\01_自动化开发\App1_Price_Monitor品牌价格\price_screenshots\2026-04-23_PDD_219486126363.jpg
拼多多,https://mobile.yangkeduo.com/goods.html?goods_id=209406625494,蓝调智能门锁（大屏猫眼版）,6923185654667,209406625494,999,,正常,2026-04-23 11:07:44,d:\WorkSpace\01_自动化开发\App1_Price_Monitor品牌价格\price_screenshots\2026-04-23_PDD_209406625494.jpg
拼多多,https://mobile.yangkeduo.com/goods.html?goods_id=205451808289,小厨宝,6923185611233,205451808289,282,,正常,2026-04-23 11:07:44,d:\WorkSpace\01_自动化开发\App1_Price_Monitor品牌价格\price_screenshots\2026-04-23_PDD_205451808289.jpg
拼多多,https://mobile.yangkeduo.com/goods.html?goods_id=205458105137,小海豚2 1000G,6923185654865,205458105137,899,899,正常,2026-04-23 11:07:44,d:\WorkSpace\01_自动化开发\App1_Price_Monitor品牌价格\price_screenshots\2026-04-23_PDD_205458105137.jpg
拼多多,https://mobile.yangkeduo.com/goods.html?goods_id=926574119933,昆仑4弱碱 1400G,6923185655718,926574119933,3999,3599,高价待调整,2026-04-23 11:07:58,d:\WorkSpace\01_自动化开发\App1_Price_Monitor品牌价格\price_screenshots\2026-04-23_PDD_926574119933.jpg
拼多多,https://mobile.yangkeduo.com/goods.html?goods_id=925977908012,云米昆仑3矿泉净水器2S Pro,6923185656593,925977908012,2998,2899,高价待调整,2026-04-23 11:07:58,d:\WorkSpace\01_自动化开发\App1_Price_Monitor品牌价格\price_screenshots\2026-04-23_PDD_925977908012.jpg
拼多多,https://mobile.yangkeduo.com/goods.html?goods_id=925874862450,小京龙Pro1100G,6923185655220,925874862450,799,1099,破价警报 | 百亿补贴,2026-04-23 11:07:58,d:\WorkSpace\01_自动化开发\App1_Price_Monitor品牌价格\price_screenshots\2026-04-23_PDD_925874862450.jpg
拼多多,https://mobile.yangkeduo.com/goods.html?goods_id=925737084752,门锁普通版E30,6923185656074,925737084752,799,,正常,2026-04-23 11:07:58,d:\WorkSpace\01_自动化开发\App1_Price_Monitor品牌价格\price_screenshots\2026-04-23_PDD_925737084752.jpg
拼多多,https://mobile.yangkeduo.com/goods.html?goods_id=925730122772,蓝调智能门锁（大屏猫眼版）,6923185654667,925730122772,999,,正常,2026-04-23 11:07:58,d:\WorkSpace\01_自动化开发\App1_Price_Monitor品牌价格\price_screenshots\2026-04-23_PDD_925730122772.jpg
拼多多,https://mobile.yangkeduo.com/goods.html?goods_id=925730329478,云米蓝调智能门锁（基础版）,6923185655381,925730329478,729,,正常,2026-04-23 11:07:59,d:\WorkSpace\01_自动化开发\App1_Price_Monitor品牌价格\price_screenshots\2026-04-23_PDD_925730329478.jpg
拼多多,https://mobile.yangkeduo.com/goods.html?goods_id=925731404024,门锁掌静脉,6923185655398,925731404024,1499,,正常,2026-04-23 11:07:59,d:\WorkSpace\01_自动化开发\App1_Price_Monitor品牌价格\price_screenshots\2026-04-23_PDD_925731404024.jpg
拼多多,https://mobile.yangkeduo.com/goods.html?goods_id=925231209174,蓝调智能门锁（人脸猫眼版）,6923185654650,925231209174,999,,正常,2026-04-23 11:07:59,d:\WorkSpace\01_自动化开发\App1_Price_Monitor品牌价格\price_screenshots\2026-04-23_PDD_925231209174.jpg
拼多多,https://mobile.yangkeduo.com/goods.html?goods_id=925230364669,蓝调智能门锁（3D人脸版）,6923185654643,925230364669,1099,,正常,2026-04-23 11:07:59,d:\WorkSpace\01_自动化开发\App1_Price_Monitor品牌价格\price_screenshots\2026-04-23_PDD_925230364669.jpg
拼多多,https://mobile.yangkeduo.com/goods.html?goods_id=917038452382,小海豚+管线机,"S2405281401001,S2407170910001",917038452382,1349,,正常,2026-04-23 11:07:59,d:\WorkSpace\01_自动化开发\App1_Price_Monitor品牌价格\price_screenshots\2026-04-23_PDD_917038452382.jpg
拼多多,https://mobile.yangkeduo.com/goods.html?goods_id=917034829515,管线机2E,6923185650966,917034829515,869,1599,破价警报 | 百亿补贴,2026-04-23 11:08:03,d:\WorkSpace\01_自动化开发\App1_Price_Monitor品牌价格\price_screenshots\2026-04-23_PDD_917034829515.jpg
拼多多,https://mobile.yangkeduo.com/goods.html?goods_id=917032713009,管线机2S,6923185652526,917032713009,669,1699,破价警报 | 百亿补贴,2026-04-23 11:08:03,d:\WorkSpace\01_自动化开发\App1_Price_Monitor品牌价格\price_screenshots\2026-04-23_PDD_917032713009.jpg
拼多多,https://mobile.yangkeduo.com/goods.html?goods_id=917031150770,云米·泉先AI净水器蓝调600G+,6923185653592,917031150770,1299,999,高价待调整,2026-04-23 11:08:04,d:\WorkSpace\01_自动化开发\App1_Price_Monitor品牌价格\price_screenshots\2026-04-23_PDD_917031150770.jpg
拼多多,https://mobile.yangkeduo.com/goods.html?goods_id=916996455515,云米AI冷热管线机Super2 Pro,6923185655794,916996455515,1449,1999,破价警报,2026-04-23 11:08:04,d:\WorkSpace\01_自动化开发\App1_Price_Monitor品牌价格\price_screenshots\2026-04-23_PDD_916996455515.jpg
拼多多,https://mobile.yangkeduo.com/goods.html?goods_id=916452280972,900G,6923185654292,916452280972,749,1499,破价警报 | 百亿补贴,2026-04-23 11:08:04,d:\WorkSpace\01_自动化开发\App1_Price_Monitor品牌价格\price_screenshots\2026-04-23_PDD_916452280972.jpg
拼多多,https://mobile.yangkeduo.com/goods.html?goods_id=916398420768,复合滤芯,"6923185614258,6923185615750,6923185614265",916398420768,289,,正常,2026-04-23 11:08:04,d:\WorkSpace\01_自动化开发\App1_Price_Monitor品牌价格\price_screenshots\2026-04-23_PDD_916398420768.jpg
拼多多,https://mobile.yangkeduo.com/goods.html?goods_id=915797572693,600G滤芯套餐,S2412282008001,915797572693,904,,正常,2026-04-23 11:08:04,d:\WorkSpace\01_自动化开发\App1_Price_Monitor品牌价格\price_screenshots\2026-04-23_PDD_915797572693.jpg
拼多多,https://mobile.yangkeduo.com/goods.html?goods_id=885690465484,小海豚600G+,6923185653684,885690465484,559,559,百亿补贴,2026-04-23 11:08:04,d:\WorkSpace\01_自动化开发\App1_Price_Monitor品牌价格\price_screenshots\2026-04-23_PDD_885690465484.jpg
拼多多,https://mobile.yangkeduo.com/goods.html?goods_id=882919216767,小白龙 800G+,6923185653974,882919216767,1199,1299,破价警报,2026-04-23 11:08:04,d:\WorkSpace\01_自动化开发\App1_Price_Monitor品牌价格\price_screenshots\2026-04-23_PDD_882919216767.jpg
拼多多,https://mobile.yangkeduo.com/goods.html?goods_id=912927521784,小京龙2Pro净矿,6923185656791,912927521784,1273,2499,破价警报 | 百亿补贴,2026-04-23 11:12:17,d:\WorkSpace\01_自动化开发\App1_Price_Monitor品牌价格\price_screenshots\2026-04-23_PDD_912927521784.jpg
拼多多,https://mobile.yangkeduo.com/goods.html?goods_id=908884844099,管线机2S,6923185652526,908884844099,709,1699,破价警报,2026-04-23 11:12:17,d:\WorkSpace\01_自动化开发\App1_Price_Monitor品牌价格\price_screenshots\2026-04-23_PDD_908884844099.jpg
拼多多,https://mobile.yangkeduo.com/goods.html?goods_id=908879495872,smart 前置过滤器 （VF4-A）,6923185621058,908879495872,289,499,破价警报,2026-04-23 11:12:17,d:\WorkSpace\01_自动化开发\App1_Price_Monitor品牌价格\price_screenshots\2026-04-23_PDD_908879495872.jpg
拼多多,https://mobile.yangkeduo.com/goods.html?goods_id=907974025123,小海豚1000G,6923185654865,907974025123,899,899,正常,2026-04-23 11:12:18,d:\WorkSpace\01_自动化开发\App1_Price_Monitor品牌价格\price_screenshots\2026-04-23_PDD_907974025123.jpg
拼多多,https://mobile.yangkeduo.com/goods.html?goods_id=907033710117,云米昆仑3矿泉净水器2S Pro,6923185656593,907033710117,2998,2899,高价待调整,2026-04-23 11:12:18,d:\WorkSpace\01_自动化开发\App1_Price_Monitor品牌价格\price_screenshots\2026-04-23_PDD_907033710117.jpg
拼多多,https://mobile.yangkeduo.com/goods.html?goods_id=873065157674,小海豚600G适用滤芯,6923185618379,873065157674,239,299,破价警报,2026-04-23 11:12:18,d:\WorkSpace\01_自动化开发\App1_Price_Monitor品牌价格\price_screenshots\2026-04-23_PDD_873065157674.jpg
拼多多,https://mobile.yangkeduo.com/goods.html?goods_id=872941778883,1000G复合滤芯,6923185653998,872941778883,288,298,破价警报,2026-04-23 11:12:18,d:\WorkSpace\01_自动化开发\App1_Price_Monitor品牌价格\price_screenshots\2026-04-23_PDD_872941778883.jpg
拼多多,https://mobile.yangkeduo.com/goods.html?goods_id=870799733097,油烟机 smart2,6923185653110,870799733097,1599,,正常,2026-04-23 11:12:18,d:\WorkSpace\01_自动化开发\App1_Price_Monitor品牌价格\price_screenshots\2026-04-23_PDD_870799733097.jpg
拼多多,https://mobile.yangkeduo.com/goods.html?goods_id=868834124642,云米AI油烟机Super升级,6923185605829,868834124642,1279,,正常,2026-04-23 11:12:18,d:\WorkSpace\01_自动化开发\App1_Price_Monitor品牌价格\price_screenshots\2026-04-23_PDD_868834124642.jpg
拼多多,https://mobile.yangkeduo.com/goods.html?goods_id=868851073714,小海豚3,6923185605867,868851073714,499,499,百亿补贴,2026-04-23 11:12:19,d:\WorkSpace\01_自动化开发\App1_Price_Monitor品牌价格\price_screenshots\2026-04-23_PDD_868851073714.jpg
拼多多,https://mobile.yangkeduo.com/goods.html?goods_id=862873034610,小海豚3,6923185605867,862873034610,618.8,499,高价待调整 | 百亿补贴,2026-04-23 11:12:23,d:\WorkSpace\01_自动化开发\App1_Price_Monitor品牌价格\price_screenshots\2026-04-23_PDD_862873034610.jpg
拼多多,https://mobile.yangkeduo.com/goods.html?goods_id=862584688956,门锁门禁卡,6923185654230,862584688956,25,19,高价待调整,2026-04-23 11:12:23,d:\WorkSpace\01_自动化开发\App1_Price_Monitor品牌价格\price_screenshots\2026-04-23_PDD_862584688956.jpg
拼多多,https://mobile.yangkeduo.com/goods.html?goods_id=861508688697,管线机2E,6923185650966,861508688697,989,1599,破价警报,2026-04-23 11:12:23,d:\WorkSpace\01_自动化开发\App1_Price_Monitor品牌价格\price_screenshots\2026-04-23_PDD_861508688697.jpg
拼多多,https://mobile.yangkeduo.com/goods.html?goods_id=852932116812,小海豚600G+滤芯套餐,S2508151538001,852932116812,772,,百亿补贴,2026-04-23 11:12:23,d:\WorkSpace\01_自动化开发\App1_Price_Monitor品牌价格\price_screenshots\2026-04-23_PDD_852932116812.jpg
拼多多,https://mobile.yangkeduo.com/goods.html?goods_id=852614628903,云米厨余垃圾处理器  PowerBox 尊享版,6923185610250,852614628903,889,,百亿补贴,2026-04-23 11:12:23,d:\WorkSpace\01_自动化开发\App1_Price_Monitor品牌价格\price_screenshots\2026-04-23_PDD_852614628903.jpg
拼多多,https://mobile.yangkeduo.com/goods.html?goods_id=852161740747,小海豚600G+,6923185653684,852161740747,899,559,高价待调整,2026-04-23 11:12:23,d:\WorkSpace\01_自动化开发\App1_Price_Monitor品牌价格\price_screenshots\2026-04-23_PDD_852161740747.jpg
拼多多,https://mobile.yangkeduo.com/goods.html?goods_id=852010588191,蓝调2Pro-JSQ30-VGW1641,6923185656869,852010588191,1099,,正常,2026-04-23 11:12:24,d:\WorkSpace\01_自动化开发\App1_Price_Monitor品牌价格\price_screenshots\2026-04-23_PDD_852010588191.jpg
拼多多,https://mobile.yangkeduo.com/goods.html?goods_id=850883552953,云米·泉先AI净水器蓝调600G+,6923185653592,850883552953,1299,999,高价待调整,2026-04-23 11:12:24,d:\WorkSpace\01_自动化开发\App1_Price_Monitor品牌价格\price_screenshots\2026-04-23_PDD_850883552953.jpg
拼多多,https://mobile.yangkeduo.com/goods.html?goods_id=850344043841,云米AI净饮机Super 2,6923185615415,850344043841,1009,1699,破价警报,2026-04-23 11:12:24,d:\WorkSpace\01_自动化开发\App1_Price_Monitor品牌价格\price_screenshots\2026-04-23_PDD_850344043841.jpg
拼多多,https://mobile.yangkeduo.com/goods.html?goods_id=849648457333,云米AI昆仑矿泉净水机 Super 2E 2500,6923185654254,849648457333,1459,2499,破价警报,2026-04-23 11:12:24,d:\WorkSpace\01_自动化开发\App1_Price_Monitor品牌价格\price_screenshots\2026-04-23_PDD_849648457333.jpg
拼多多,https://mobile.yangkeduo.com/goods.html?goods_id=849000374681,云米AI净水器Super 2Y 1200G,6923185653981,849000374681,1189,1899,破价警报,2026-04-23 11:12:29,d:\WorkSpace\01_自动化开发\App1_Price_Monitor品牌价格\price_screenshots\2026-04-23_PDD_849000374681.jpg
拼多多,https://mobile.yangkeduo.com/goods.html?goods_id=837301408995,云米AI冷热管线机Super2 Pro,6923185655794,837301408995,1449,1999,破价警报,2026-04-23 11:12:29,d:\WorkSpace\01_自动化开发\App1_Price_Monitor品牌价格\price_screenshots\2026-04-23_PDD_837301408995.jpg
拼多多,https://mobile.yangkeduo.com/goods.html?goods_id=832431516907,门锁普通版E30,6923185656074,832431516907,499,,正常,2026-04-23 11:12:29,d:\WorkSpace\01_自动化开发\App1_Price_Monitor品牌价格\price_screenshots\2026-04-23_PDD_832431516907.jpg
拼多多,https://mobile.yangkeduo.com/goods.html?goods_id=823432069145,手持吸尘器,6923185611844,823432069145,999,602,高价待调整,2026-04-23 11:12:29,d:\WorkSpace\01_自动化开发\App1_Price_Monitor品牌价格\price_screenshots\2026-04-23_PDD_823432069145.jpg
拼多多,https://mobile.yangkeduo.com/goods.html?goods_id=774960777953,蓝调2燃气热水器13L,6923185655688,774960777953,594.15,,正常,2026-04-23 11:12:29,d:\WorkSpace\01_自动化开发\App1_Price_Monitor品牌价格\price_screenshots\2026-04-23_PDD_774960777953.jpg
拼多多,https://mobile.yangkeduo.com/goods.html?goods_id=767193647325,门锁掌静脉,6923185655398,767193647325,1104,,正常,2026-04-23 11:12:29,d:\WorkSpace\01_自动化开发\App1_Price_Monitor品牌价格\price_screenshots\2026-04-23_PDD_767193647325.jpg
拼多多,https://mobile.yangkeduo.com/goods.html?goods_id=765112154467,小鲸鱼 马桶盖,6923185654537,765112154467,1199,,正常,2026-04-23 11:12:29,d:\WorkSpace\01_自动化开发\App1_Price_Monitor品牌价格\price_screenshots\2026-04-23_PDD_765112154467.jpg
拼多多,https://mobile.yangkeduo.com/goods.html?goods_id=763759392708,云米AI油烟机 鲲鹏Pro,6923185605379,763759392708,2499,,正常,2026-04-23 11:12:30,d:\WorkSpace\01_自动化开发\App1_Price_Monitor品牌价格\price_screenshots\2026-04-23_PDD_763759392708.jpg
拼多多,https://mobile.yangkeduo.com/goods.html?goods_id=761822913595,云米智能马桶 小鲸鱼 2 Pro,6923185654575,761822913595,2399,,正常,2026-04-23 11:12:30,d:\WorkSpace\01_自动化开发\App1_Price_Monitor品牌价格\price_screenshots\2026-04-23_PDD_761822913595.jpg
拼多多,https://mobile.yangkeduo.com/goods.html?goods_id=743885774552,云米蓝调智能门锁（基础版）,6923185655381,743885774552,539,,正常,2026-04-23 11:12:30,d:\WorkSpace\01_自动化开发\App1_Price_Monitor品牌价格\price_screenshots\2026-04-23_PDD_743885774552.jpg
拼多多,https://mobile.yangkeduo.com/goods.html?goods_id=739863611562,云米AI油烟机 Smart 2 Pro,6923185653516,739863611562,1359,,正常,2026-04-23 11:12:35,d:\WorkSpace\01_自动化开发\App1_Price_Monitor品牌价格\price_screenshots\2026-04-23_PDD_739863611562.jpg
拼多多,https://mobile.yangkeduo.com/goods.html?goods_id=705715580268,智能门锁锂电池(5000mAh),6923185652953,705715580268,114,99,高价待调整,2026-04-23 11:12:35,d:\WorkSpace\01_自动化开发\App1_Price_Monitor品牌价格\price_screenshots\2026-04-23_PDD_705715580268.jpg
拼多多,https://mobile.yangkeduo.com/goods.html?goods_id=661859626284,小海豚-40L-2000w热水器,6923185681281,661859626284,599,,正常,2026-04-23 11:12:35,d:\WorkSpace\01_自动化开发\App1_Price_Monitor品牌价格\price_screenshots\2026-04-23_PDD_661859626284.jpg
拼多多,https://mobile.yangkeduo.com/goods.html?goods_id=657344402006,云米油烟机蓝调,6923185650973,657344402006,1199,,正常,2026-04-23 11:12:35,d:\WorkSpace\01_自动化开发\App1_Price_Monitor品牌价格\price_screenshots\2026-04-23_PDD_657344402006.jpg
拼多多,https://mobile.yangkeduo.com/goods.html?goods_id=490426355421,500L十字门冰箱,6923185651123,490426355421,3199,,正常,2026-04-23 11:12:35,d:\WorkSpace\01_自动化开发\App1_Price_Monitor品牌价格\price_screenshots\2026-04-23_PDD_490426355421.jpg
拼多多,https://mobile.yangkeduo.com/goods.html?goods_id=484037745334,云米AI燃气灶power 5.0（天然气）,6923185654377,484037745334,1099,,正常,2026-04-23 11:12:35,d:\WorkSpace\01_自动化开发\App1_Price_Monitor品牌价格\price_screenshots\2026-04-23_PDD_484037745334.jpg
拼多多,https://mobile.yangkeduo.com/goods.html?goods_id=415597395169,电热3300W smart2,6923185651444,415597395169,979,,百亿补贴,2026-04-23 11:12:35,d:\WorkSpace\01_自动化开发\App1_Price_Monitor品牌价格\price_screenshots\2026-04-23_PDD_415597395169.jpg
拼多多,https://mobile.yangkeduo.com/goods.html?goods_id=413986425773,蓝调智能门锁（人脸猫眼版）,6923185654650,413986425773,999,,正常,2026-04-23 11:12:36,d:\WorkSpace\01_自动化开发\App1_Price_Monitor品牌价格\price_screenshots\2026-04-23_PDD_413986425773.jpg
拼多多,https://mobile.yangkeduo.com/goods.html?goods_id=364990106384,"即热1000G,MAIN84",6923185651116,364990106384,1359,1899,破价警报,2026-04-23 11:12:36,d:\WorkSpace\01_自动化开发\App1_Price_Monitor品牌价格\price_screenshots\2026-04-23_PDD_364990106384.jpg
拼多多,https://mobile.yangkeduo.com/goods.html?goods_id=325232192898,冰箱603,6923185650935,325232192898,2459,,正常,2026-04-23 11:12:36,d:\WorkSpace\01_自动化开发\App1_Price_Monitor品牌价格\price_screenshots\2026-04-23_PDD_325232192898.jpg
拼多多,https://mobile.yangkeduo.com/goods.html?goods_id=296957182528,复合滤芯,"6923185600138,6923185600145",296957182528,439,,正常,2026-04-23 11:12:40,d:\WorkSpace\01_自动化开发\App1_Price_Monitor品牌价格\price_screenshots\2026-04-23_PDD_296957182528.jpg
拼多多,https://mobile.yangkeduo.com/goods.html?goods_id=291141614396,F3-五合一,6923185614258,291141614396,269,298,破价警报,2026-04-23 11:12:40,d:\WorkSpace\01_自动化开发\App1_Price_Monitor品牌价格\price_screenshots\2026-04-23_PDD_291141614396.jpg
拼多多,https://mobile.yangkeduo.com/goods.html?goods_id=290543633215,复合滤芯,"6923185614258,6923185616177",290543633215,199,,正常,2026-04-23 11:12:40,d:\WorkSpace\01_自动化开发\App1_Price_Monitor品牌价格\price_screenshots\2026-04-23_PDD_290543633215.jpg
拼多多,https://mobile.yangkeduo.com/goods.html?goods_id=273348857003,云米蓝调智能门锁（基础版）,6923185655381,273348857003,538.77,,正常,2026-04-23 11:12:40,d:\WorkSpace\01_自动化开发\App1_Price_Monitor品牌价格\price_screenshots\2026-04-23_PDD_273348857003.jpg
拼多多,https://mobile.yangkeduo.com/goods.html?goods_id=264080849667,霸王锁体,6923185622154,264080849667,150,150,正常,2026-04-23 11:12:41,d:\WorkSpace\01_自动化开发\App1_Price_Monitor品牌价格\price_screenshots\2026-04-23_PDD_264080849667.jpg
拼多多,https://mobile.yangkeduo.com/goods.html?goods_id=259115850200,蓝调智能门锁（3D人脸版）,6923185654643,259115850200,699,,正常,2026-04-23 11:12:41,d:\WorkSpace\01_自动化开发\App1_Price_Monitor品牌价格\price_screenshots\2026-04-23_PDD_259115850200.jpg
拼多多,https://mobile.yangkeduo.com/goods.html?goods_id=231833573024,小烤箱6L,6923185603221,231833573024,199,174,高价待调整,2026-04-23 11:12:41,d:\WorkSpace\01_自动化开发\App1_Price_Monitor品牌价格\price_screenshots\2026-04-23_PDD_231833573024.jpg
拼多多,https://mobile.yangkeduo.com/goods.html?goods_id=225501370546,小海豚3,6923185605867,225501370546,895.5,499,高价待调整,2026-04-23 11:12:41,d:\WorkSpace\01_自动化开发\App1_Price_Monitor品牌价格\price_screenshots\2026-04-23_PDD_225501370546.jpg
拼多多,https://mobile.yangkeduo.com/goods.html?goods_id=224216987554,复合滤芯,"6923185614258,6923185615750,6923185614265",224216987554,199,,正常,2026-04-23 11:12:41,d:\WorkSpace\01_自动化开发\App1_Price_Monitor品牌价格\price_screenshots\2026-04-23_PDD_224216987554.jpg
拼多多,https://mobile.yangkeduo.com/goods.html?goods_id=220820325711,云米消毒柜（嵌入式）云米版,6923185604303,220820325711,1299,,正常,2026-04-23 11:12:41,d:\WorkSpace\01_自动化开发\App1_Price_Monitor品牌价格\price_screenshots\2026-04-23_PDD_220820325711.jpg
拼多多,https://mobile.yangkeduo.com/goods.html?goods_id=219486126363,flash烟机,6923185613664,219486126363,899,,正常,2026-04-23 11:12:46,d:\WorkSpace\01_自动化开发\App1_Price_Monitor品牌价格\price_screenshots\2026-04-23_PDD_219486126363.jpg
拼多多,https://mobile.yangkeduo.com/goods.html?goods_id=209406625494,蓝调智能门锁（大屏猫眼版）,6923185654667,209406625494,999,,正常,2026-04-23 11:12:46,d:\WorkSpace\01_自动化开发\App1_Price_Monitor品牌价格\price_screenshots\2026-04-23_PDD_209406625494.jpg
拼多多,https://mobile.yangkeduo.com/goods.html?goods_id=205451808289,小厨宝,6923185611233,205451808289,282,,正常,2026-04-23 11:12:46,d:\WorkSpace\01_自动化开发\App1_Price_Monitor品牌价格\price_screenshots\2026-04-23_PDD_205451808289.jpg
拼多多,https://mobile.yangkeduo.com/goods.html?goods_id=205458105137,小海豚2 1000G,6923185654865,205458105137,899,899,正常,2026-04-23 11:12:46,d:\WorkSpace\01_自动化开发\App1_Price_Monitor品牌价格\price_screenshots\2026-04-23_PDD_205458105137.jpg
拼多多,https://mobile.yangkeduo.com/goods.html?goods_id=926574119933,昆仑4弱碱 1400G,6923185655718,926574119933,3999,3599,高价待调整,2026-04-23 11:13:00,d:\WorkSpace\01_自动化开发\App1_Price_Monitor品牌价格\price_screenshots\2026-04-23_PDD_926574119933.jpg
拼多多,https://mobile.yangkeduo.com/goods.html?goods_id=925977908012,云米昆仑3矿泉净水器2S Pro,6923185656593,925977908012,2998,2899,高价待调整,2026-04-23 11:13:00,d:\WorkSpace\01_自动化开发\App1_Price_Monitor品牌价格\price_screenshots\2026-04-23_PDD_925977908012.jpg
拼多多,https://mobile.yangkeduo.com/goods.html?goods_id=925874862450,小京龙Pro1100G,6923185655220,925874862450,799,1099,破价警报 | 百亿补贴,2026-04-23 11:13:00,d:\WorkSpace\01_自动化开发\App1_Price_Monitor品牌价格\price_screenshots\2026-04-23_PDD_925874862450.jpg
拼多多,https://mobile.yangkeduo.com/goods.html?goods_id=925737084752,门锁普通版E30,6923185656074,925737084752,799,,正常,2026-04-23 11:13:00,d:\WorkSpace\01_自动化开发\App1_Price_Monitor品牌价格\price_screenshots\2026-04-23_PDD_925737084752.jpg
拼多多,https://mobile.yangkeduo.com/goods.html?goods_id=925730122772,蓝调智能门锁（大屏猫眼版）,6923185654667,925730122772,999,,正常,2026-04-23 11:13:00,d:\WorkSpace\01_自动化开发\App1_Price_Monitor品牌价格\price_screenshots\2026-04-23_PDD_925730122772.jpg
拼多多,https://mobile.yangkeduo.com/goods.html?goods_id=925730329478,云米蓝调智能门锁（基础版）,6923185655381,925730329478,729,,正常,2026-04-23 11:13:01,d:\WorkSpace\01_自动化开发\App1_Price_Monitor品牌价格\price_screenshots\2026-04-23_PDD_925730329478.jpg
拼多多,https://mobile.yangkeduo.com/goods.html?goods_id=925731404024,门锁掌静脉,6923185655398,925731404024,1499,,正常,2026-04-23 11:13:01,d:\WorkSpace\01_自动化开发\App1_Price_Monitor品牌价格\price_screenshots\2026-04-23_PDD_925731404024.jpg
拼多多,https://mobile.yangkeduo.com/goods.html?goods_id=925231209174,蓝调智能门锁（人脸猫眼版）,6923185654650,925231209174,999,,正常,2026-04-23 11:13:01,d:\WorkSpace\01_自动化开发\App1_Price_Monitor品牌价格\price_screenshots\2026-04-23_PDD_925231209174.jpg
拼多多,https://mobile.yangkeduo.com/goods.html?goods_id=925230364669,蓝调智能门锁（3D人脸版）,6923185654643,925230364669,1099,,正常,2026-04-23 11:13:01,d:\WorkSpace\01_自动化开发\App1_Price_Monitor品牌价格\price_screenshots\2026-04-23_PDD_925230364669.jpg
拼多多,https://mobile.yangkeduo.com/goods.html?goods_id=917038452382,小海豚+管线机,"S2405281401001,S2407170910001",917038452382,1349,,正常,2026-04-23 11:13:01,d:\WorkSpace\01_自动化开发\App1_Price_Monitor品牌价格\price_screenshots\2026-04-23_PDD_917038452382.jpg
拼多多,https://mobile.yangkeduo.com/goods.html?goods_id=917034829515,管线机2E,6923185650966,917034829515,869,1599,破价警报 | 百亿补贴,2026-04-23 11:13:06,d:\WorkSpace\01_自动化开发\App1_Price_Monitor品牌价格\price_screenshots\2026-04-23_PDD_917034829515.jpg
拼多多,https://mobile.yangkeduo.com/goods.html?goods_id=917032713009,管线机2S,6923185652526,917032713009,669,1699,破价警报 | 百亿补贴,2026-04-23 11:13:06,d:\WorkSpace\01_自动化开发\App1_Price_Monitor品牌价格\price_screenshots\2026-04-23_PDD_917032713009.jpg
拼多多,https://mobile.yangkeduo.com/goods.html?goods_id=917031150770,云米·泉先AI净水器蓝调600G+,6923185653592,917031150770,1299,999,高价待调整,2026-04-23 11:13:06,d:\WorkSpace\01_自动化开发\App1_Price_Monitor品牌价格\price_screenshots\2026-04-23_PDD_917031150770.jpg
拼多多,https://mobile.yangkeduo.com/goods.html?goods_id=916996455515,云米AI冷热管线机Super2 Pro,6923185655794,916996455515,1449,1999,破价警报,2026-04-23 11:13:06,d:\WorkSpace\01_自动化开发\App1_Price_Monitor品牌价格\price_screenshots\2026-04-23_PDD_916996455515.jpg
拼多多,https://mobile.yangkeduo.com/goods.html?goods_id=916452280972,900G,6923185654292,916452280972,749,1499,破价警报 | 百亿补贴,2026-04-23 11:13:06,d:\WorkSpace\01_自动化开发\App1_Price_Monitor品牌价格\price_screenshots\2026-04-23_PDD_916452280972.jpg
拼多多,https://mobile.yangkeduo.com/goods.html?goods_id=916398420768,复合滤芯,"6923185614258,6923185615750,6923185614265",916398420768,289,,正常,2026-04-23 11:13:06,d:\WorkSpace\01_自动化开发\App1_Price_Monitor品牌价格\price_screenshots\2026-04-23_PDD_916398420768.jpg
拼多多,https://mobile.yangkeduo.com/goods.html?goods_id=915797572693,600G滤芯套餐,S2412282008001,915797572693,904,,正常,2026-04-23 11:13:06,d:\WorkSpace\01_自动化开发\App1_Price_Monitor品牌价格\price_screenshots\2026-04-23_PDD_915797572693.jpg
拼多多,https://mobile.yangkeduo.com/goods.html?goods_id=885690465484,小海豚600G+,6923185653684,885690465484,559,559,百亿补贴,2026-04-23 11:13:07,d:\WorkSpace\01_自动化开发\App1_Price_Monitor品牌价格\price_screenshots\2026-04-23_PDD_885690465484.jpg
拼多多,https://mobile.yangkeduo.com/goods.html?goods_id=882919216767,小白龙 800G+,6923185653974,882919216767,1199,1299,破价警报,2026-04-23 11:13:07,d:\WorkSpace\01_自动化开发\App1_Price_Monitor品牌价格\price_screenshots\2026-04-23_PDD_882919216767.jpg
京东,https://item.jd.com/100124625239.html,云米小厨宝6L,6923185611233,100124625239,299,,未知,2026-04-24 09:25:16,d:\WorkSpace\01_自动化开发\App1_Price_Monitor品牌价格\price_screenshots\2026-04-24_JD_6923185611233_100124625239.jpg
京东,https://item.jd.com/10089201209435.html,云米小厨宝6L,6923185611233,10089201209435,299,,未知,2026-04-24 09:25:49,d:\WorkSpace\01_自动化开发\App1_Price_Monitor品牌价格\price_screenshots\2026-04-24_JD_6923185611233_10089201209435.jpg
京东,https://item.jd.com/10192759343298.html,门锁普通版E30,6923185656074,10192759343298,519.39,,未知,2026-04-24 09:26:20,d:\WorkSpace\01_自动化开发\App1_Price_Monitor品牌价格\price_screenshots\2026-04-24_JD_6923185656074_10192759343298.jpg
京东,https://item.jd.com/10196375716835.html,门锁普通版E30,6923185656074,10196375716835,499,,未知,2026-04-24 09:26:52,d:\WorkSpace\01_自动化开发\App1_Price_Monitor品牌价格\price_screenshots\2026-04-24_JD_6923185656074_10196375716835.jpg
京东,https://item.jd.com/100013447067.html,smart 前置过滤器 （VF4-A）,6923185621058,100013447067,288.57,499,破价警报,2026-04-24 09:27:25,d:\WorkSpace\01_自动化开发\App1_Price_Monitor品牌价格\price_screenshots\2026-04-24_JD_6923185621058_100013447067.jpg
京东,https://item.jd.com/100147404880.html,smart 3,6923185654773,100147404880,509.15,,未知,2026-04-24 09:27:53,d:\WorkSpace\01_自动化开发\App1_Price_Monitor品牌价格\price_screenshots\2026-04-24_JD_6923185654773_100147404880.jpg
京东,https://item.jd.com/10095813745701.html,云米电热水器X1（50L）,6923185614920,10095813745701,539,,未知,2026-04-24 09:28:10,d:\WorkSpace\01_自动化开发\App1_Price_Monitor品牌价格\price_screenshots\2026-04-24_JD_6923185614920_10095813745701.jpg
京东,https://item.jd.com/10095813745702.html,云米电热水器X1（60L）,6923185614937,10095813745702,569,,未知,2026-04-24 09:28:27,d:\WorkSpace\01_自动化开发\App1_Price_Monitor品牌价格\price_screenshots\2026-04-24_JD_6923185614937_10095813745702.jpg
京东,https://item.jd.com/10097111681728.html,云米电热水器X1（60L）,6923185614937,10097111681728,569,,未知,2026-04-24 09:28:43,d:\WorkSpace\01_自动化开发\App1_Price_Monitor品牌价格\price_screenshots\2026-04-24_JD_6923185614937_10097111681728.jpg
京东,https://item.jd.com/10154100555262.html,云米蓝调智能门锁（基础版）,6923185655381,10154100555262,538.77,,未知,2026-04-24 09:29:04,d:\WorkSpace\01_自动化开发\App1_Price_Monitor品牌价格\price_screenshots\2026-04-24_JD_6923185655381_10154100555262.jpg
京东,https://item.jd.com/100070514318.html,云米AI燃气灶 Super   5.2（天然气）,6923185650348,100070514318,799,,未知,2026-04-24 09:29:26,d:\WorkSpace\01_自动化开发\App1_Price_Monitor品牌价格\price_screenshots\2026-04-24_JD_6923185650348_100070514318.jpg
京东,https://item.jd.com/100167111601.html,蓝调2燃气热水器13L,6923185655688,100167111601,799,,未知,2026-04-24 09:30:01,d:\WorkSpace\01_自动化开发\App1_Price_Monitor品牌价格\price_screenshots\2026-04-24_JD_6923185655688_100167111601.jpg
京东,https://item.jd.com/10176913186809.html,蓝调2燃气热水器13L,6923185655688,10176913186809,699,,未知,2026-04-24 09:30:34,d:\WorkSpace\01_自动化开发\App1_Price_Monitor品牌价格\price_screenshots\2026-04-24_JD_6923185655688_10176913186809.jpg
京东,https://item.jd.com/10092678440219.html,super5.0灶具（天然气）,6923185649656,10092678440219,679.15,,未知,2026-04-24 09:31:07,d:\WorkSpace\01_自动化开发\App1_Price_Monitor品牌价格\price_screenshots\2026-04-24_JD_6923185649656_10092678440219.jpg
京东,https://item.jd.com/100118324669.html,云米·泉先前置过滤器 Super,6923185649885,100118324669,547.57,699,破价警报,2026-04-24 09:31:40,d:\WorkSpace\01_自动化开发\App1_Price_Monitor品牌价格\price_screenshots\2026-04-24_JD_6923185649885_100118324669.jpg
京东,https://item.jd.com/10143724381196.html,云米·泉先前置过滤器 Super,6923185649885,10143724381196,599,699,破价警报,2026-04-24 09:32:27,d:\WorkSpace\01_自动化开发\App1_Price_Monitor品牌价格\price_screenshots\2026-04-24_JD_6923185649885_10143724381196.jpg
京东,https://item.jd.com/100028611839.html,云米AI电热水器 小蓝调50L,6923185649076,100028611839,636.65,,未知,2026-04-24 09:33:03,d:\WorkSpace\01_自动化开发\App1_Price_Monitor品牌价格\price_screenshots\2026-04-24_JD_6923185649076_100028611839.jpg
京东,https://item.jd.com/10114364850989.html,小鲸鱼 马桶盖,6923185654537,10114364850989,698.4,,未知,2026-04-24 09:33:39,d:\WorkSpace\01_自动化开发\App1_Price_Monitor品牌价格\price_screenshots\2026-04-24_JD_6923185654537_10114364850989.jpg
京东,https://item.jd.com/10168369255857.html,蓝调智能门锁（大屏猫眼版）,6923185654667,10168369255857,649.4,,未知,2026-04-24 09:34:14,d:\WorkSpace\01_自动化开发\App1_Price_Monitor品牌价格\price_screenshots\2026-04-24_JD_6923185654667_10168369255857.jpg
京东,https://item.jd.com/10152123375420.html,蓝调智能门锁（3D人脸版）,6923185654643,10152123375420,698.73,,未知,2026-04-24 09:34:48,d:\WorkSpace\01_自动化开发\App1_Price_Monitor品牌价格\price_screenshots\2026-04-24_JD_6923185654643_10152123375420.jpg
京东,https://item.jd.com/10075265423716.html,5.0KW聚能猛火灶,6923185650331,10075265423716,699,,未知,2026-04-24 09:35:15,d:\WorkSpace\01_自动化开发\App1_Price_Monitor品牌价格\price_screenshots\2026-04-24_JD_6923185650331_10075265423716.jpg
京东,https://item.jd.com/10152130264576.html,蓝调智能门锁（人脸猫眼版）,6923185654650,10152130264576,781.18,,未知,2026-04-24 09:35:46,d:\WorkSpace\01_自动化开发\App1_Price_Monitor品牌价格\price_screenshots\2026-04-24_JD_6923185654650_10152130264576.jpg
京东,https://item.jd.com/10101734415931.html,云米油烟机蓝调,6923185650973,10101734415931,859,,未知,2026-04-24 09:36:19,d:\WorkSpace\01_自动化开发\App1_Price_Monitor品牌价格\price_screenshots\2026-04-24_JD_6923185650973_10101734415931.jpg
京东,https://item.jd.com/10089284956258.html,flash烟机,6923185613664,10089284956258,899,,未知,2026-04-24 09:36:52,d:\WorkSpace\01_自动化开发\App1_Price_Monitor品牌价格\price_screenshots\2026-04-24_JD_6923185613664_10089284956258.jpg
京东,https://item.jd.com/10110061303564.html,云米互联网油烟机Flash,6923185613664,10110061303564,899,,未知,2026-04-24 09:37:24,d:\WorkSpace\01_自动化开发\App1_Price_Monitor品牌价格\price_screenshots\2026-04-24_JD_6923185613664_10110061303564.jpg
京东,https://item.jd.com/10110061303564.html,flash烟机,6923185613664,10110061303564,899,,未知,2026-04-24 09:37:56,d:\WorkSpace\01_自动化开发\App1_Price_Monitor品牌价格\price_screenshots\2026-04-24_JD_6923185613664_10110061303564.jpg
京东,https://item.jd.com/10090594806936.html,flash烟机,6923185613664,10090594806936,899,,未知,2026-04-24 09:38:29,d:\WorkSpace\01_自动化开发\App1_Price_Monitor品牌价格\price_screenshots\2026-04-24_JD_6923185613664_10090594806936.jpg
京东,https://item.jd.com/10089198115504.html,免镁棒-60L-3000w热水器,6923185611899,10089198115504,899,,未知,2026-04-24 09:38:59,d:\WorkSpace\01_自动化开发\App1_Price_Monitor品牌价格\price_screenshots\2026-04-24_JD_6923185611899_10089198115504.jpg
京东,https://item.jd.com/10093429580106.html,云米厨余垃圾处理器  PowerBox 尊享版,6923185610250,10093429580106,806.65,,未知,2026-04-24 09:39:34,d:\WorkSpace\01_自动化开发\App1_Price_Monitor品牌价格\price_screenshots\2026-04-24_JD_6923185610250_10093429580106.jpg
京东,https://item.jd.com/10168128067583.html,云米厨余垃圾处理器  PowerBox 尊享版,6923185610250,10168128067583,899,,未知,2026-04-24 09:40:06,d:\WorkSpace\01_自动化开发\App1_Price_Monitor品牌价格\price_screenshots\2026-04-24_JD_6923185610250_10168128067583.jpg
京东,https://item.jd.com/10091941834784.html,云米消毒柜（嵌入式）云米版,6923185604303,10091941834784,899,,未知,2026-04-24 09:40:36,d:\WorkSpace\01_自动化开发\App1_Price_Monitor品牌价格\price_screenshots\2026-04-24_JD_6923185604303_10091941834784.jpg
京东,https://item.jd.com/10103268736846.html,云米消毒柜（嵌入式）云米版,6923185604303,10103268736846,899,,未知,2026-04-24 09:41:09,d:\WorkSpace\01_自动化开发\App1_Price_Monitor品牌价格\price_screenshots\2026-04-24_JD_6923185604303_10103268736846.jpg
京东,https://item.jd.com/10105870187513.html,云米·泉先AI净水器蓝调600G+,6923185653592,10105870187513,639.5,999,破价警报,2026-04-24 09:41:42,d:\WorkSpace\01_自动化开发\App1_Price_Monitor品牌价格\price_screenshots\2026-04-24_JD_6923185653592_10105870187513.jpg
京东,https://item.jd.com/100220432807.html,蓝调2Pro-JSQ30-VGW1641,6923185656869,100220432807,1099,,未知,2026-04-24 09:42:13,d:\WorkSpace\01_自动化开发\App1_Price_Monitor品牌价格\price_screenshots\2026-04-24_JD_6923185656869_100220432807.jpg
京东,https://item.jd.com/100020870125.html,云米空调1匹两用挂机iCool 2T,S1648526111232,100020870125,1349,1099,高价待调整,2026-04-24 09:42:48,d:\WorkSpace\01_自动化开发\App1_Price_Monitor品牌价格\price_screenshots\2026-04-24_JD_S1648526111232_100020870125.jpg
京东,https://item.jd.com/10192764613659.html,门锁掌静脉,6923185655398,10192764613659,1090.03,,未知,2026-04-24 09:43:23,d:\WorkSpace\01_自动化开发\App1_Price_Monitor品牌价格\price_screenshots\2026-04-24_JD_6923185655398_10192764613659.jpg
京东,https://item.jd.com/100193851271.html,云米蓝调系列多功能冰沙机,6923185656135,100193851271,2787.8,,未知,2026-04-24 09:43:57,d:\WorkSpace\01_自动化开发\App1_Price_Monitor品牌价格\price_screenshots\2026-04-24_JD_6923185656135_100193851271.jpg
京东,https://item.jd.com/100147404904.html,云米AI油烟机 Smart 2 Pro,6923185653516,100147404904,1599,,未知,2026-04-24 09:44:31,d:\WorkSpace\01_自动化开发\App1_Price_Monitor品牌价格\price_screenshots\2026-04-24_JD_6923185653516_100147404904.jpg
京东,https://item.jd.com/10089254213735.html,flash烟机+power5.0（天然气）,S2409261034001,10089254213735,1299,1399,破价警报,2026-04-24 09:45:08,d:\WorkSpace\01_自动化开发\App1_Price_Monitor品牌价格\price_screenshots\2026-04-24_JD_S2409261034001_10089254213735.jpg
京东,https://item.jd.com/100223552856.html,小京龙900G,6923185654292,100223552856,898.87,1499,破价警报,2026-04-24 09:45:43,d:\WorkSpace\01_自动化开发\App1_Price_Monitor品牌价格\price_screenshots\2026-04-24_JD_6923185654292_100223552856.jpg
京东,https://item.jd.com/10143719582452.html,云米·泉先 AI冷热管线机 Super 2E,6923185650966,10143719582452,989.1,1599,破价警报,2026-04-24 09:46:15,d:\WorkSpace\01_自动化开发\App1_Price_Monitor品牌价格\price_screenshots\2026-04-24_JD_6923185650966_10143719582452.jpg
京东,https://item.jd.com/100309470648.html,云米AI油烟机Super升级,6923185605829,100309470648,1499,,未知,2026-04-24 09:46:48,d:\WorkSpace\01_自动化开发\App1_Price_Monitor品牌价格\price_screenshots\2026-04-24_JD_6923185605829_100309470648.jpg
京东,https://item.jd.com/100094220985.html,云米·泉先AI管线机Master2S,6923185652526,100094220985,705.48,1699,破价警报,2026-04-24 09:47:20,d:\WorkSpace\01_自动化开发\App1_Price_Monitor品牌价格\price_screenshots\2026-04-24_JD_6923185652526_100094220985.jpg
京东,https://item.jd.com/10111293867587.html,云米·泉先AI管线机Master2S,6923185652526,10111293867587,858.99,1699,破价警报,2026-04-24 09:47:52,d:\WorkSpace\01_自动化开发\App1_Price_Monitor品牌价格\price_screenshots\2026-04-24_JD_6923185652526_10111293867587.jpg
京东,https://item.jd.com/100141797446.html,鲜活泉系列 Smart 1000G(小竹泉）,6923185654247,100141797446,932.59,1699,破价警报,2026-04-24 09:48:22,d:\WorkSpace\01_自动化开发\App1_Price_Monitor品牌价格\price_screenshots\2026-04-24_JD_6923185654247_100141797446.jpg
京东,https://item.jd.com/100193748406.html,云米AI净饮机Super 2,6923185615415,100193748406,1062.36,1699,破价警报,2026-04-24 09:48:54,d:\WorkSpace\01_自动化开发\App1_Price_Monitor品牌价格\price_screenshots\2026-04-24_JD_6923185615415_100193748406.jpg
京东,https://item.jd.com/10190216497508.html,云米AI净饮机Super 2,6923185615415,10190216497508,1002.76,1699,破价警报,2026-04-24 09:49:26,d:\WorkSpace\01_自动化开发\App1_Price_Monitor品牌价格\price_screenshots\2026-04-24_JD_6923185615415_10190216497508.jpg
京东,https://item.jd.com/100113886253.html,云米AI净水器Super 2Y 1200G,6923185653981,100113886253,1185.42,1899,破价警报,2026-04-24 09:49:58,d:\WorkSpace\01_自动化开发\App1_Price_Monitor品牌价格\price_screenshots\2026-04-24_JD_6923185653981_100113886253.jpg
京东,https://item.jd.com/100152351404.html,云米AI净水器Super 2Y 1200G,6923185653981,100152351404,3511.27,1899,高价待调整,2026-04-24 09:50:30,d:\WorkSpace\01_自动化开发\App1_Price_Monitor品牌价格\price_screenshots\2026-04-24_JD_6923185653981_100152351404.jpg
京东,https://item.jd.com/10109665694149.html,云米AI净水器Super 2Y 1200G,6923185653981,10109665694149,1189.75,1899,破价警报,2026-04-24 09:51:05,d:\WorkSpace\01_自动化开发\App1_Price_Monitor品牌价格\price_screenshots\2026-04-24_JD_6923185653981_10109665694149.jpg
京东,https://item.jd.com/10137116625841.html,"即热1000G,MAIN84",6923185651116,10137116625841,1359.15,1899,破价警报,2026-04-24 09:51:36,d:\WorkSpace\01_自动化开发\App1_Price_Monitor品牌价格\price_screenshots\2026-04-24_JD_6923185651116_10137116625841.jpg
京东,https://item.jd.com/100216835595.html,云米AI冷热管线机Super2 Pro,6923185655794,100216835595,1448.68,1999,破价警报,2026-04-24 09:52:08,d:\WorkSpace\01_自动化开发\App1_Price_Monitor品牌价格\price_screenshots\2026-04-24_JD_6923185655794_100216835595.jpg
京东,https://item.jd.com/10190163229722.html,云米AI冷热管线机Super2 Pro,6923185655794,10190163229722,1598.99,1999,破价警报,2026-04-24 09:52:41,d:\WorkSpace\01_自动化开发\App1_Price_Monitor品牌价格\price_screenshots\2026-04-24_JD_6923185655794_10190163229722.jpg
京东,https://item.jd.com/10190186867694.html,云米AI冷热管线机Super2 Pro,6923185655794,10190186867694,1699,1999,破价警报,2026-04-24 09:53:12,d:\WorkSpace\01_自动化开发\App1_Price_Monitor品牌价格\price_screenshots\2026-04-24_JD_6923185655794_10190186867694.jpg
京东,https://item.jd.com/10130854696036.html,云米智能马桶 小鲸鱼 2 Pro,6923185654575,10130854696036,2398.7,,未知,2026-04-24 09:53:43,d:\WorkSpace\01_自动化开发\App1_Price_Monitor品牌价格\price_screenshots\2026-04-24_JD_6923185654575_10130854696036.jpg
京东,https://item.jd.com/100167111617.html,云米AI油烟机 鲲鹏Pro,6923185605379,100167111617,2489,,未知,2026-04-24 09:54:13,d:\WorkSpace\01_自动化开发\App1_Price_Monitor品牌价格\price_screenshots\2026-04-24_JD_6923185605379_100167111617.jpg
京东,https://item.jd.com/10114588738475.html,云米AI昆仑矿泉净水机 Super 2E 2500,6923185654254,10114588738475,1551.02,2499,破价警报,2026-04-24 09:54:43,d:\WorkSpace\01_自动化开发\App1_Price_Monitor品牌价格\price_screenshots\2026-04-24_JD_6923185654254_10114588738475.jpg
京东,https://item.jd.com/10116378745406.html,云米AI昆仑矿泉净水机 Super 2E 2500,6923185654254,10116378745406,1699,2499,破价警报,2026-04-24 09:55:16,d:\WorkSpace\01_自动化开发\App1_Price_Monitor品牌价格\price_screenshots\2026-04-24_JD_6923185654254_10116378745406.jpg
京东,https://item.jd.com/100135346870.html,云米AI昆仑矿泉净水机 Super 2E 2500,6923185654254,100135346870,1545.55,2499,破价警报,2026-04-24 09:55:47,d:\WorkSpace\01_自动化开发\App1_Price_Monitor品牌价格\price_screenshots\2026-04-24_JD_6923185654254_100135346870.jpg
京东,https://item.jd.com/100210261709.html,小京龙2Pro净矿,6923185656791,100210261709,1990.06,2499,破价警报,2026-04-24 09:56:19,d:\WorkSpace\01_自动化开发\App1_Price_Monitor品牌价格\price_screenshots\2026-04-24_JD_6923185656791_100210261709.jpg
京东,https://item.jd.com/100105676026.html,云米AI净水器昆仑 Super 2S 1200G,6923185653585,100105676026,1738.56,2699,破价警报,2026-04-24 09:56:50,d:\WorkSpace\01_自动化开发\App1_Price_Monitor品牌价格\price_screenshots\2026-04-24_JD_6923185653585_100105676026.jpg
京东,https://item.jd.com/10103267064546.html,蒸烤一体机FaceA1,6923185620136,10103267064546,2799,,未知,2026-04-24 09:57:23,d:\WorkSpace\01_自动化开发\App1_Price_Monitor品牌价格\price_screenshots\2026-04-24_JD_6923185620136_10103267064546.jpg
京东,https://item.jd.com/10206797283677.html,昆仑3 即热矿泉,6923185654445,10206797283677,2327.03,2999,破价警报,2026-04-24 09:57:54,d:\WorkSpace\01_自动化开发\App1_Price_Monitor品牌价格\price_screenshots\2026-04-24_JD_6923185654445_10206797283677.jpg
京东,https://item.jd.com/10202290093822.html,昆仑4 弱碱Pro 1400G,6923185655718,10202290093822,2999,3599,破价警报,2026-04-24 09:58:34,d:\WorkSpace\01_自动化开发\App1_Price_Monitor品牌价格\price_screenshots\2026-04-24_JD_6923185655718_10202290093822.jpg
京东,https://item.jd.com/100215523232.html,昆仑4 制冰台净,6923185655787,100215523232,3365.41,4399,破价警报,2026-04-24 09:59:11,d:\WorkSpace\01_自动化开发\App1_Price_Monitor品牌价格\price_screenshots\2026-04-24_JD_6923185655787_100215523232.jpg
拼多多,https://mobile.yangkeduo.com/goods.html?goods_id=912927521784,小京龙2Pro净矿,6923185656791,912927521784,1273,2499,破价警报 | 百亿补贴,2026-04-24 09:59:59,d:\WorkSpace\01_自动化开发\App1_Price_Monitor品牌价格\price_screenshots\2026-04-24_PDD_912927521784.jpg
拼多多,https://mobile.yangkeduo.com/goods.html?goods_id=908884844099,管线机2S,6923185652526,908884844099,709,1699,破价警报,2026-04-24 09:59:59,d:\WorkSpace\01_自动化开发\App1_Price_Monitor品牌价格\price_screenshots\2026-04-24_PDD_908884844099.jpg
拼多多,https://mobile.yangkeduo.com/goods.html?goods_id=908879495872,smart 前置过滤器 （VF4-A）,6923185621058,908879495872,498,499,正常,2026-04-24 10:00:00,d:\WorkSpace\01_自动化开发\App1_Price_Monitor品牌价格\price_screenshots\2026-04-24_PDD_908879495872.jpg
拼多多,https://mobile.yangkeduo.com/goods.html?goods_id=907974025123,小海豚1000G,6923185654865,907974025123,899,899,正常,2026-04-24 10:00:00,d:\WorkSpace\01_自动化开发\App1_Price_Monitor品牌价格\price_screenshots\2026-04-24_PDD_907974025123.jpg
拼多多,https://mobile.yangkeduo.com/goods.html?goods_id=907033710117,云米昆仑3矿泉净水器2S Pro,6923185656593,907033710117,2998,2899,高价待调整,2026-04-24 10:00:00,d:\WorkSpace\01_自动化开发\App1_Price_Monitor品牌价格\price_screenshots\2026-04-24_PDD_907033710117.jpg
拼多多,https://mobile.yangkeduo.com/goods.html?goods_id=873065157674,小海豚600G适用滤芯,6923185618379,873065157674,239,299,破价警报,2026-04-24 10:00:01,d:\WorkSpace\01_自动化开发\App1_Price_Monitor品牌价格\price_screenshots\2026-04-24_PDD_873065157674.jpg
拼多多,https://mobile.yangkeduo.com/goods.html?goods_id=872941778883,1000G复合滤芯,6923185653998,872941778883,288,298,破价警报,2026-04-24 10:00:01,d:\WorkSpace\01_自动化开发\App1_Price_Monitor品牌价格\price_screenshots\2026-04-24_PDD_872941778883.jpg
拼多多,https://mobile.yangkeduo.com/goods.html?goods_id=870799733097,油烟机 smart2,6923185653110,870799733097,1599,,正常,2026-04-24 10:00:01,d:\WorkSpace\01_自动化开发\App1_Price_Monitor品牌价格\price_screenshots\2026-04-24_PDD_870799733097.jpg
拼多多,https://mobile.yangkeduo.com/goods.html?goods_id=868834124642,云米AI油烟机Super升级,6923185605829,868834124642,1279,,正常,2026-04-24 10:00:02,d:\WorkSpace\01_自动化开发\App1_Price_Monitor品牌价格\price_screenshots\2026-04-24_PDD_868834124642.jpg
拼多多,https://mobile.yangkeduo.com/goods.html?goods_id=868851073714,小海豚3,6923185605867,868851073714,499,499,百亿补贴,2026-04-24 10:00:03,d:\WorkSpace\01_自动化开发\App1_Price_Monitor品牌价格\price_screenshots\2026-04-24_PDD_868851073714.jpg
拼多多,https://mobile.yangkeduo.com/goods.html?goods_id=862873034610,小海豚3,6923185605867,862873034610,618.8,499,高价待调整 | 百亿补贴,2026-04-24 10:00:14,d:\WorkSpace\01_自动化开发\App1_Price_Monitor品牌价格\price_screenshots\2026-04-24_PDD_862873034610.jpg
拼多多,https://mobile.yangkeduo.com/goods.html?goods_id=862584688956,门锁门禁卡,6923185654230,862584688956,25,19,高价待调整,2026-04-24 10:00:14,d:\WorkSpace\01_自动化开发\App1_Price_Monitor品牌价格\price_screenshots\2026-04-24_PDD_862584688956.jpg
拼多多,https://mobile.yangkeduo.com/goods.html?goods_id=861508688697,管线机2E,6923185650966,861508688697,1998,1599,高价待调整,2026-04-24 10:00:14,d:\WorkSpace\01_自动化开发\App1_Price_Monitor品牌价格\price_screenshots\2026-04-24_PDD_861508688697.jpg
拼多多,https://mobile.yangkeduo.com/goods.html?goods_id=852932116812,小海豚600G+滤芯套餐,S2508151538001,852932116812,772,,百亿补贴,2026-04-24 10:00:14,d:\WorkSpace\01_自动化开发\App1_Price_Monitor品牌价格\price_screenshots\2026-04-24_PDD_852932116812.jpg
拼多多,https://mobile.yangkeduo.com/goods.html?goods_id=852614628903,云米厨余垃圾处理器  PowerBox 尊享版,6923185610250,852614628903,889,,百亿补贴,2026-04-24 10:00:15,d:\WorkSpace\01_自动化开发\App1_Price_Monitor品牌价格\price_screenshots\2026-04-24_PDD_852614628903.jpg
拼多多,https://mobile.yangkeduo.com/goods.html?goods_id=852161740747,小海豚600G+,6923185653684,852161740747,899,559,高价待调整,2026-04-24 10:00:15,d:\WorkSpace\01_自动化开发\App1_Price_Monitor品牌价格\price_screenshots\2026-04-24_PDD_852161740747.jpg
拼多多,https://mobile.yangkeduo.com/goods.html?goods_id=852010588191,蓝调2Pro-JSQ30-VGW1641,6923185656869,852010588191,1099,,正常,2026-04-24 10:00:15,d:\WorkSpace\01_自动化开发\App1_Price_Monitor品牌价格\price_screenshots\2026-04-24_PDD_852010588191.jpg
拼多多,https://mobile.yangkeduo.com/goods.html?goods_id=850883552953,云米·泉先AI净水器蓝调600G+,6923185653592,850883552953,1299,999,高价待调整,2026-04-24 10:00:15,d:\WorkSpace\01_自动化开发\App1_Price_Monitor品牌价格\price_screenshots\2026-04-24_PDD_850883552953.jpg
拼多多,https://mobile.yangkeduo.com/goods.html?goods_id=850344043841,云米AI净饮机Super 2,6923185615415,850344043841,2199,1699,高价待调整,2026-04-24 10:00:15,d:\WorkSpace\01_自动化开发\App1_Price_Monitor品牌价格\price_screenshots\2026-04-24_PDD_850344043841.jpg
拼多多,https://mobile.yangkeduo.com/goods.html?goods_id=849648457333,云米AI昆仑矿泉净水机 Super 2E 2500,6923185654254,849648457333,2599,2499,高价待调整,2026-04-24 10:00:15,d:\WorkSpace\01_自动化开发\App1_Price_Monitor品牌价格\price_screenshots\2026-04-24_PDD_849648457333.jpg
拼多多,https://mobile.yangkeduo.com/goods.html?goods_id=862873034610,小海豚3,6923185605867,862873034610,618.8,499,高价待调整 | 百亿补贴,2026-04-24 10:00:24,
拼多多,https://mobile.yangkeduo.com/goods.html?goods_id=837301408995,云米AI冷热管线机Super2 Pro,6923185655794,837301408995,1449,1999,破价警报,2026-04-24 10:00:31,d:\WorkSpace\01_自动化开发\App1_Price_Monitor品牌价格\price_screenshots\2026-04-24_PDD_837301408995.jpg
拼多多,https://mobile.yangkeduo.com/goods.html?goods_id=832431516907,门锁普通版E30,6923185656074,832431516907,799,,正常,2026-04-24 10:00:31,d:\WorkSpace\01_自动化开发\App1_Price_Monitor品牌价格\price_screenshots\2026-04-24_PDD_832431516907.jpg
拼多多,https://mobile.yangkeduo.com/goods.html?goods_id=823432069145,手持吸尘器,6923185611844,823432069145,999,602,高价待调整,2026-04-24 10:00:31,d:\WorkSpace\01_自动化开发\App1_Price_Monitor品牌价格\price_screenshots\2026-04-24_PDD_823432069145.jpg
拼多多,https://mobile.yangkeduo.com/goods.html?goods_id=774960777953,蓝调2燃气热水器13L,6923185655688,774960777953,999,,正常,2026-04-24 10:00:32,d:\WorkSpace\01_自动化开发\App1_Price_Monitor品牌价格\price_screenshots\2026-04-24_PDD_774960777953.jpg
拼多多,https://mobile.yangkeduo.com/goods.html?goods_id=767193647325,门锁掌静脉,6923185655398,767193647325,1104,,正常,2026-04-24 10:00:32,d:\WorkSpace\01_自动化开发\App1_Price_Monitor品牌价格\price_screenshots\2026-04-24_PDD_767193647325.jpg
拼多多,https://mobile.yangkeduo.com/goods.html?goods_id=765112154467,小鲸鱼 马桶盖,6923185654537,765112154467,1199,,正常,2026-04-24 10:00:32,d:\WorkSpace\01_自动化开发\App1_Price_Monitor品牌价格\price_screenshots\2026-04-24_PDD_765112154467.jpg
拼多多,https://mobile.yangkeduo.com/goods.html?goods_id=763759392708,云米AI油烟机 鲲鹏Pro,6923185605379,763759392708,2499,,正常,2026-04-24 10:00:32,d:\WorkSpace\01_自动化开发\App1_Price_Monitor品牌价格\price_screenshots\2026-04-24_PDD_763759392708.jpg
拼多多,https://mobile.yangkeduo.com/goods.html?goods_id=761822913595,云米智能马桶 小鲸鱼 2 Pro,6923185654575,761822913595,2399,,正常,2026-04-24 10:00:32,d:\WorkSpace\01_自动化开发\App1_Price_Monitor品牌价格\price_screenshots\2026-04-24_PDD_761822913595.jpg
拼多多,https://mobile.yangkeduo.com/goods.html?goods_id=739863611562,云米AI油烟机 Smart 2 Pro,6923185653516,739863611562,1499,,正常,2026-04-24 10:00:42,d:\WorkSpace\01_自动化开发\App1_Price_Monitor品牌价格\price_screenshots\2026-04-24_PDD_739863611562.jpg
拼多多,https://mobile.yangkeduo.com/goods.html?goods_id=705715580268,智能门锁锂电池(5000mAh),6923185652953,705715580268,114,99,高价待调整,2026-04-24 10:00:43,d:\WorkSpace\01_自动化开发\App1_Price_Monitor品牌价格\price_screenshots\2026-04-24_PDD_705715580268.jpg
拼多多,https://mobile.yangkeduo.com/goods.html?goods_id=661859626284,小海豚-40L-2000w热水器,6923185681281,661859626284,599,,正常,2026-04-24 10:00:44,d:\WorkSpace\01_自动化开发\App1_Price_Monitor品牌价格\price_screenshots\2026-04-24_PDD_661859626284.jpg
拼多多,https://mobile.yangkeduo.com/goods.html?goods_id=657344402006,云米油烟机蓝调,6923185650973,657344402006,1199,,正常,2026-04-24 10:00:44,d:\WorkSpace\01_自动化开发\App1_Price_Monitor品牌价格\price_screenshots\2026-04-24_PDD_657344402006.jpg
拼多多,https://mobile.yangkeduo.com/goods.html?goods_id=490426355421,500L十字门冰箱,6923185651123,490426355421,3199,,正常,2026-04-24 10:00:44,d:\WorkSpace\01_自动化开发\App1_Price_Monitor品牌价格\price_screenshots\2026-04-24_PDD_490426355421.jpg
拼多多,https://mobile.yangkeduo.com/goods.html?goods_id=484037745334,云米AI燃气灶power 5.0（天然气）,6923185654377,484037745334,1099,,正常,2026-04-24 10:00:44,d:\WorkSpace\01_自动化开发\App1_Price_Monitor品牌价格\price_screenshots\2026-04-24_PDD_484037745334.jpg
拼多多,https://mobile.yangkeduo.com/goods.html?goods_id=415597395169,电热3300W smart2,6923185651444,415597395169,979,,百亿补贴,2026-04-24 10:00:45,d:\WorkSpace\01_自动化开发\App1_Price_Monitor品牌价格\price_screenshots\2026-04-24_PDD_415597395169.jpg
拼多多,https://mobile.yangkeduo.com/goods.html?goods_id=413986425773,蓝调智能门锁（人脸猫眼版）,6923185654650,413986425773,999,,正常,2026-04-24 10:00:45,d:\WorkSpace\01_自动化开发\App1_Price_Monitor品牌价格\price_screenshots\2026-04-24_PDD_413986425773.jpg
拼多多,https://mobile.yangkeduo.com/goods.html?goods_id=364990106384,"即热1000G,MAIN84",6923185651116,364990106384,2999,1899,高价待调整,2026-04-24 10:00:45,d:\WorkSpace\01_自动化开发\App1_Price_Monitor品牌价格\price_screenshots\2026-04-24_PDD_364990106384.jpg
拼多多,https://mobile.yangkeduo.com/goods.html?goods_id=325232192898,冰箱603,6923185650935,325232192898,2459,,正常,2026-04-24 10:00:45,d:\WorkSpace\01_自动化开发\App1_Price_Monitor品牌价格\price_screenshots\2026-04-24_PDD_325232192898.jpg
拼多多,https://mobile.yangkeduo.com/goods.html?goods_id=296957182528,复合滤芯,"6923185600138,6923185600145",296957182528,439,,正常,2026-04-24 10:00:56,d:\WorkSpace\01_自动化开发\App1_Price_Monitor品牌价格\price_screenshots\2026-04-24_PDD_296957182528.jpg
拼多多,https://mobile.yangkeduo.com/goods.html?goods_id=291141614396,F3-五合一,6923185614258,291141614396,269,298,破价警报,2026-04-24 10:00:56,d:\WorkSpace\01_自动化开发\App1_Price_Monitor品牌价格\price_screenshots\2026-04-24_PDD_291141614396.jpg
拼多多,https://mobile.yangkeduo.com/goods.html?goods_id=290543633215,复合滤芯,"6923185614258,6923185616177",290543633215,199,,正常,2026-04-24 10:00:56,d:\WorkSpace\01_自动化开发\App1_Price_Monitor品牌价格\price_screenshots\2026-04-24_PDD_290543633215.jpg
拼多多,https://mobile.yangkeduo.com/goods.html?goods_id=273348857003,云米蓝调智能门锁（基础版）,6923185655381,273348857003,538.77,,正常,2026-04-24 10:00:56,d:\WorkSpace\01_自动化开发\App1_Price_Monitor品牌价格\price_screenshots\2026-04-24_PDD_273348857003.jpg
拼多多,https://mobile.yangkeduo.com/goods.html?goods_id=264080849667,霸王锁体,6923185622154,264080849667,150,150,正常,2026-04-24 10:00:56,d:\WorkSpace\01_自动化开发\App1_Price_Monitor品牌价格\price_screenshots\2026-04-24_PDD_264080849667.jpg
拼多多,https://mobile.yangkeduo.com/goods.html?goods_id=259115850200,蓝调智能门锁（3D人脸版）,6923185654643,259115850200,699,,正常,2026-04-24 10:00:56,d:\WorkSpace\01_自动化开发\App1_Price_Monitor品牌价格\price_screenshots\2026-04-24_PDD_259115850200.jpg
拼多多,https://mobile.yangkeduo.com/goods.html?goods_id=231833573024,小烤箱6L,6923185603221,231833573024,199,174,高价待调整,2026-04-24 10:00:58,d:\WorkSpace\01_自动化开发\App1_Price_Monitor品牌价格\price_screenshots\2026-04-24_PDD_231833573024.jpg
拼多多,https://mobile.yangkeduo.com/goods.html?goods_id=225501370546,小海豚3,6923185605867,225501370546,895.5,499,高价待调整,2026-04-24 10:00:59,d:\WorkSpace\01_自动化开发\App1_Price_Monitor品牌价格\price_screenshots\2026-04-24_PDD_225501370546.jpg
拼多多,https://mobile.yangkeduo.com/goods.html?goods_id=224216987554,复合滤芯,"6923185614258,6923185615750,6923185614265",224216987554,199,,正常,2026-04-24 10:01:00,d:\WorkSpace\01_自动化开发\App1_Price_Monitor品牌价格\price_screenshots\2026-04-24_PDD_224216987554.jpg
拼多多,https://mobile.yangkeduo.com/goods.html?goods_id=220820325711,云米消毒柜（嵌入式）云米版,6923185604303,220820325711,1299,,正常,2026-04-24 10:01:00,d:\WorkSpace\01_自动化开发\App1_Price_Monitor品牌价格\price_screenshots\2026-04-24_PDD_220820325711.jpg
拼多多,https://mobile.yangkeduo.com/goods.html?goods_id=296957182528,复合滤芯,"6923185600138,6923185600145",296957182528,439,,正常,2026-04-24 10:01:07,
拼多多,https://mobile.yangkeduo.com/goods.html?goods_id=209406625494,蓝调智能门锁（大屏猫眼版）,6923185654667,209406625494,999,,正常,2026-04-24 10:01:13,d:\WorkSpace\01_自动化开发\App1_Price_Monitor品牌价格\price_screenshots\2026-04-24_PDD_209406625494.jpg
拼多多,https://mobile.yangkeduo.com/goods.html?goods_id=205451808289,小厨宝,6923185611233,205451808289,282,,正常,2026-04-24 10:01:13,d:\WorkSpace\01_自动化开发\App1_Price_Monitor品牌价格\price_screenshots\2026-04-24_PDD_205451808289.jpg
拼多多,https://mobile.yangkeduo.com/goods.html?goods_id=205458105137,小海豚2 1000G,6923185654865,205458105137,899,899,正常,2026-04-24 10:01:13,d:\WorkSpace\01_自动化开发\App1_Price_Monitor品牌价格\price_screenshots\2026-04-24_PDD_205458105137.jpg
京东,https://item.jd.com/100124625239.html,云米小厨宝6L,6923185611233,100124625239,299,,未知,2026-04-27 09:15:51,d:\WorkSpace\01_自动化开发\App1_Price_Monitor品牌价格\price_screenshots\2026-04-27_JD_6923185611233_100124625239.jpg
京东,https://item.jd.com/10089201209435.html,云米小厨宝6L,6923185611233,10089201209435,299,,未知,2026-04-27 09:16:22,d:\WorkSpace\01_自动化开发\App1_Price_Monitor品牌价格\price_screenshots\2026-04-27_JD_6923185611233_10089201209435.jpg
京东,https://item.jd.com/10192759343298.html,门锁普通版E30,6923185656074,10192759343298,569.39,,未知,2026-04-27 09:16:53,d:\WorkSpace\01_自动化开发\App1_Price_Monitor品牌价格\price_screenshots\2026-04-27_JD_6923185656074_10192759343298.jpg
京东,https://item.jd.com/10196375716835.html,门锁普通版E30,6923185656074,10196375716835,499,,未知,2026-04-27 09:17:09,d:\WorkSpace\01_自动化开发\App1_Price_Monitor品牌价格\price_screenshots\2026-04-27_JD_6923185656074_10196375716835.jpg
京东,https://item.jd.com/100013447067.html,smart 前置过滤器 （VF4-A）,6923185621058,100013447067,288.57,499,破价警报,2026-04-27 09:17:25,d:\WorkSpace\01_自动化开发\App1_Price_Monitor品牌价格\price_screenshots\2026-04-27_JD_6923185621058_100013447067.jpg
京东,https://item.jd.com/100147404880.html,smart 3,6923185654773,100147404880,509.15,,未知,2026-04-27 09:17:41,d:\WorkSpace\01_自动化开发\App1_Price_Monitor品牌价格\price_screenshots\2026-04-27_JD_6923185654773_100147404880.jpg
京东,https://item.jd.com/10095813745701.html,云米电热水器X1（50L）,6923185614920,10095813745701,539,,未知,2026-04-27 09:17:57,d:\WorkSpace\01_自动化开发\App1_Price_Monitor品牌价格\price_screenshots\2026-04-27_JD_6923185614920_10095813745701.jpg
京东,https://item.jd.com/10095813745702.html,云米电热水器X1（60L）,6923185614937,10095813745702,569,,未知,2026-04-27 09:18:12,d:\WorkSpace\01_自动化开发\App1_Price_Monitor品牌价格\price_screenshots\2026-04-27_JD_6923185614937_10095813745702.jpg
京东,https://item.jd.com/10097111681728.html,云米电热水器X1（60L）,6923185614937,10097111681728,569,,未知,2026-04-27 09:18:27,d:\WorkSpace\01_自动化开发\App1_Price_Monitor品牌价格\price_screenshots\2026-04-27_JD_6923185614937_10097111681728.jpg
京东,https://item.jd.com/10154100555262.html,云米蓝调智能门锁（基础版）,6923185655381,10154100555262,493.88,,未知,2026-04-27 09:18:44,d:\WorkSpace\01_自动化开发\App1_Price_Monitor品牌价格\price_screenshots\2026-04-27_JD_6923185655381_10154100555262.jpg
京东,https://item.jd.com/100070514318.html,云米AI燃气灶 Super   5.2（天然气）,6923185650348,100070514318,679,,未知,2026-04-27 09:18:59,d:\WorkSpace\01_自动化开发\App1_Price_Monitor品牌价格\price_screenshots\2026-04-27_JD_6923185650348_100070514318.jpg
京东,https://item.jd.com/100167111601.html,蓝调2燃气热水器13L,6923185655688,100167111601,679.15,,未知,2026-04-27 09:19:16,d:\WorkSpace\01_自动化开发\App1_Price_Monitor品牌价格\price_screenshots\2026-04-27_JD_6923185655688_100167111601.jpg
京东,https://item.jd.com/10176913186809.html,蓝调2燃气热水器13L,6923185655688,10176913186809,699,,未知,2026-04-27 09:19:31,d:\WorkSpace\01_自动化开发\App1_Price_Monitor品牌价格\price_screenshots\2026-04-27_JD_6923185655688_10176913186809.jpg
京东,https://item.jd.com/10092678440219.html,super5.0灶具（天然气）,6923185649656,10092678440219,1199,,未知,2026-04-27 09:19:47,d:\WorkSpace\01_自动化开发\App1_Price_Monitor品牌价格\price_screenshots\2026-04-27_JD_6923185649656_10092678440219.jpg
京东,https://item.jd.com/100118324669.html,云米·泉先前置过滤器 Super,6923185649885,100118324669,547.57,699,破价警报,2026-04-27 09:20:02,d:\WorkSpace\01_自动化开发\App1_Price_Monitor品牌价格\price_screenshots\2026-04-27_JD_6923185649885_100118324669.jpg
京东,https://item.jd.com/10143724381196.html,云米·泉先前置过滤器 Super,6923185649885,10143724381196,599,699,破价警报,2026-04-27 09:20:18,d:\WorkSpace\01_自动化开发\App1_Price_Monitor品牌价格\price_screenshots\2026-04-27_JD_6923185649885_10143724381196.jpg
京东,https://item.jd.com/100028611839.html,云米AI电热水器 小蓝调50L,6923185649076,100028611839,636.65,,未知,2026-04-27 09:20:34,d:\WorkSpace\01_自动化开发\App1_Price_Monitor品牌价格\price_screenshots\2026-04-27_JD_6923185649076_100028611839.jpg
京东,https://item.jd.com/10114364850989.html,小鲸鱼 马桶盖,6923185654537,10114364850989,698.4,,未知,2026-04-27 09:20:54,d:\WorkSpace\01_自动化开发\App1_Price_Monitor品牌价格\price_screenshots\2026-04-27_JD_6923185654537_10114364850989.jpg
京东,https://item.jd.com/10168369255857.html,蓝调智能门锁（大屏猫眼版）,6923185654667,10168369255857,649.4,,未知,2026-04-27 09:21:10,d:\WorkSpace\01_自动化开发\App1_Price_Monitor品牌价格\price_screenshots\2026-04-27_JD_6923185654667_10168369255857.jpg
京东,https://item.jd.com/10152123375420.html,蓝调智能门锁（3D人脸版）,6923185654643,10152123375420,629.92,,未知,2026-04-27 09:21:26,d:\WorkSpace\01_自动化开发\App1_Price_Monitor品牌价格\price_screenshots\2026-04-27_JD_6923185654643_10152123375420.jpg
京东,https://item.jd.com/10075265423716.html,5.0KW聚能猛火灶,6923185650331,10075265423716,699,,未知,2026-04-27 09:21:41,d:\WorkSpace\01_自动化开发\App1_Price_Monitor品牌价格\price_screenshots\2026-04-27_JD_6923185650331_10075265423716.jpg
京东,https://item.jd.com/10152130264576.html,蓝调智能门锁（人脸猫眼版）,6923185654650,10152130264576,700,,未知,2026-04-27 09:21:56,d:\WorkSpace\01_自动化开发\App1_Price_Monitor品牌价格\price_screenshots\2026-04-27_JD_6923185654650_10152130264576.jpg
京东,https://item.jd.com/10101734415931.html,云米油烟机蓝调,6923185650973,10101734415931,859,,未知,2026-04-27 09:22:11,d:\WorkSpace\01_自动化开发\App1_Price_Monitor品牌价格\price_screenshots\2026-04-27_JD_6923185650973_10101734415931.jpg
京东,https://item.jd.com/10089284956258.html,flash烟机,6923185613664,10089284956258,Not Found,,抓取失败,2026-04-27 09:22:26,d:\WorkSpace\01_自动化开发\App1_Price_Monitor品牌价格\error_screenshots\fail_JD_10089284956258.png
京东,https://item.jd.com/10110061303564.html,云米互联网油烟机Flash,6923185613664,10110061303564,Not Found,,抓取失败,2026-04-27 09:22:41,d:\WorkSpace\01_自动化开发\App1_Price_Monitor品牌价格\error_screenshots\fail_JD_10110061303564.png
京东,https://item.jd.com/10110061303564.html,flash烟机,6923185613664,10110061303564,899,,未知,2026-04-27 09:23:06,d:\WorkSpace\01_自动化开发\App1_Price_Monitor品牌价格\price_screenshots\2026-04-27_JD_6923185613664_10110061303564.jpg
京东,https://item.jd.com/10090594806936.html,flash烟机,6923185613664,10090594806936,899,,未知,2026-04-27 09:23:25,d:\WorkSpace\01_自动化开发\App1_Price_Monitor品牌价格\price_screenshots\2026-04-27_JD_6923185613664_10090594806936.jpg
京东,https://item.jd.com/10089198115504.html,免镁棒-60L-3000w热水器,6923185611899,10089198115504,899,,未知,2026-04-27 09:23:54,d:\WorkSpace\01_自动化开发\App1_Price_Monitor品牌价格\price_screenshots\2026-04-27_JD_6923185611899_10089198115504.jpg
京东,https://item.jd.com/10093429580106.html,云米厨余垃圾处理器  PowerBox 尊享版,6923185610250,10093429580106,806.65,,未知,2026-04-27 09:24:26,d:\WorkSpace\01_自动化开发\App1_Price_Monitor品牌价格\price_screenshots\2026-04-27_JD_6923185610250_10093429580106.jpg
京东,https://item.jd.com/10168128067583.html,云米厨余垃圾处理器  PowerBox 尊享版,6923185610250,10168128067583,899,,未知,2026-04-27 09:24:58,d:\WorkSpace\01_自动化开发\App1_Price_Monitor品牌价格\price_screenshots\2026-04-27_JD_6923185610250_10168128067583.jpg
京东,https://item.jd.com/10091941834784.html,云米消毒柜（嵌入式）云米版,6923185604303,10091941834784,899,,未知,2026-04-27 09:25:27,d:\WorkSpace\01_自动化开发\App1_Price_Monitor品牌价格\price_screenshots\2026-04-27_JD_6923185604303_10091941834784.jpg
京东,https://item.jd.com/10103268736846.html,云米消毒柜（嵌入式）云米版,6923185604303,10103268736846,899,,未知,2026-04-27 09:25:56,d:\WorkSpace\01_自动化开发\App1_Price_Monitor品牌价格\price_screenshots\2026-04-27_JD_6923185604303_10103268736846.jpg
京东,https://item.jd.com/10105870187513.html,云米·泉先AI净水器蓝调600G+,6923185653592,10105870187513,729,999,破价警报,2026-04-27 09:26:28,d:\WorkSpace\01_自动化开发\App1_Price_Monitor品牌价格\price_screenshots\2026-04-27_JD_6923185653592_10105870187513.jpg
京东,https://item.jd.com/100220432807.html,蓝调2Pro-JSQ30-VGW1641,6923185656869,100220432807,1099,,未知,2026-04-27 09:27:01,d:\WorkSpace\01_自动化开发\App1_Price_Monitor品牌价格\price_screenshots\2026-04-27_JD_6923185656869_100220432807.jpg
京东,https://item.jd.com/100020870125.html,云米空调1匹两用挂机iCool 2T,S1648526111232,100020870125,1349,1099,高价待调整,2026-04-27 09:27:34,d:\WorkSpace\01_自动化开发\App1_Price_Monitor品牌价格\price_screenshots\2026-04-27_JD_S1648526111232_100020870125.jpg
京东,https://item.jd.com/10192764613659.html,门锁掌静脉,6923185655398,10192764613659,1067,,未知,2026-04-27 09:28:04,d:\WorkSpace\01_自动化开发\App1_Price_Monitor品牌价格\price_screenshots\2026-04-27_JD_6923185655398_10192764613659.jpg
京东,https://item.jd.com/100193851271.html,云米蓝调系列多功能冰沙机,6923185656135,100193851271,2787.8,,未知,2026-04-27 09:28:34,d:\WorkSpace\01_自动化开发\App1_Price_Monitor品牌价格\price_screenshots\2026-04-27_JD_6923185656135_100193851271.jpg
京东,https://item.jd.com/100147404904.html,云米AI油烟机 Smart 2 Pro,6923185653516,100147404904,1399,,未知,2026-04-27 09:29:05,d:\WorkSpace\01_自动化开发\App1_Price_Monitor品牌价格\price_screenshots\2026-04-27_JD_6923185653516_100147404904.jpg
京东,https://item.jd.com/10089254213735.html,flash烟机+power5.0（天然气）,S2409261034001,10089254213735,1299,1399,破价警报,2026-04-27 09:29:36,d:\WorkSpace\01_自动化开发\App1_Price_Monitor品牌价格\price_screenshots\2026-04-27_JD_S2409261034001_10089254213735.jpg
京东,https://item.jd.com/100223552856.html,小京龙900G,6923185654292,100223552856,898.87,1499,破价警报,2026-04-27 09:30:05,d:\WorkSpace\01_自动化开发\App1_Price_Monitor品牌价格\price_screenshots\2026-04-27_JD_6923185654292_100223552856.jpg
京东,https://item.jd.com/10143719582452.html,云米·泉先 AI冷热管线机 Super 2E,6923185650966,10143719582452,989.1,1599,破价警报,2026-04-27 09:30:37,d:\WorkSpace\01_自动化开发\App1_Price_Monitor品牌价格\price_screenshots\2026-04-27_JD_6923185650966_10143719582452.jpg
京东,https://item.jd.com/100309470648.html,云米AI油烟机Super升级,6923185605829,100309470648,1499,,未知,2026-04-27 09:31:10,d:\WorkSpace\01_自动化开发\App1_Price_Monitor品牌价格\price_screenshots\2026-04-27_JD_6923185605829_100309470648.jpg
京东,https://item.jd.com/100094220985.html,云米·泉先AI管线机Master2S,6923185652526,100094220985,705.48,1699,破价警报,2026-04-27 09:31:40,d:\WorkSpace\01_自动化开发\App1_Price_Monitor品牌价格\price_screenshots\2026-04-27_JD_6923185652526_100094220985.jpg
京东,https://item.jd.com/10111293867587.html,云米·泉先AI管线机Master2S,6923185652526,10111293867587,945.4,1699,破价警报,2026-04-27 09:32:10,d:\WorkSpace\01_自动化开发\App1_Price_Monitor品牌价格\price_screenshots\2026-04-27_JD_6923185652526_10111293867587.jpg
京东,https://item.jd.com/100141797446.html,鲜活泉系列 Smart 1000G(小竹泉）,6923185654247,100141797446,932.59,1699,破价警报,2026-04-27 09:32:39,d:\WorkSpace\01_自动化开发\App1_Price_Monitor品牌价格\price_screenshots\2026-04-27_JD_6923185654247_100141797446.jpg
京东,https://item.jd.com/100193748406.html,云米AI净饮机Super 2,6923185615415,100193748406,Not Found,1699,抓取失败,2026-04-27 09:33:05,d:\WorkSpace\01_自动化开发\App1_Price_Monitor品牌价格\error_screenshots\fail_JD_100193748406.png
京东,https://item.jd.com/10190216497508.html,云米AI净饮机Super 2,6923185615415,10190216497508,Not Found,1699,抓取失败,2026-04-27 09:33:30,d:\WorkSpace\01_自动化开发\App1_Price_Monitor品牌价格\error_screenshots\fail_JD_10190216497508.png
京东,https://item.jd.com/100113886253.html,云米AI净水器Super 2Y 1200G,6923185653981,100113886253,Not Found,1899,抓取失败,2026-04-27 09:33:56,d:\WorkSpace\01_自动化开发\App1_Price_Monitor品牌价格\error_screenshots\fail_JD_100113886253.png
京东,https://item.jd.com/100152351404.html,云米AI净水器Super 2Y 1200G,6923185653981,100152351404,Not Found,1899,抓取失败,2026-04-27 09:34:23,d:\WorkSpace\01_自动化开发\App1_Price_Monitor品牌价格\error_screenshots\fail_JD_100152351404.png
京东,https://item.jd.com/10109665694149.html,云米AI净水器Super 2Y 1200G,6923185653981,10109665694149,Not Found,1899,抓取失败,2026-04-27 09:34:51,d:\WorkSpace\01_自动化开发\App1_Price_Monitor品牌价格\error_screenshots\fail_JD_10109665694149.png
京东,https://item.jd.com/10137116625841.html,"即热1000G,MAIN84",6923185651116,10137116625841,Not Found,1899,抓取失败,2026-04-27 09:35:16,d:\WorkSpace\01_自动化开发\App1_Price_Monitor品牌价格\error_screenshots\fail_JD_10137116625841.png
京东,https://item.jd.com/100216835595.html,云米AI冷热管线机Super2 Pro,6923185655794,100216835595,Not Found,1999,抓取失败,2026-04-27 09:35:41,d:\WorkSpace\01_自动化开发\App1_Price_Monitor品牌价格\error_screenshots\fail_JD_100216835595.png
京东,https://item.jd.com/10190163229722.html,云米AI冷热管线机Super2 Pro,6923185655794,10190163229722,Not Found,1999,抓取失败,2026-04-27 09:36:07,d:\WorkSpace\01_自动化开发\App1_Price_Monitor品牌价格\error_screenshots\fail_JD_10190163229722.png
京东,https://item.jd.com/10190186867694.html,云米AI冷热管线机Super2 Pro,6923185655794,10190186867694,Not Found,1999,抓取失败,2026-04-27 09:36:33,d:\WorkSpace\01_自动化开发\App1_Price_Monitor品牌价格\error_screenshots\fail_JD_10190186867694.png
京东,https://item.jd.com/10130854696036.html,云米智能马桶 小鲸鱼 2 Pro,6923185654575,10130854696036,2398.7,,未知,2026-04-27 09:36:55,d:\WorkSpace\01_自动化开发\App1_Price_Monitor品牌价格\price_screenshots\2026-04-27_JD_6923185654575_10130854696036.jpg
京东,https://item.jd.com/100167111617.html,云米AI油烟机 鲲鹏Pro,6923185605379,100167111617,2489,,未知,2026-04-27 09:37:10,d:\WorkSpace\01_自动化开发\App1_Price_Monitor品牌价格\price_screenshots\2026-04-27_JD_6923185605379_100167111617.jpg
京东,https://item.jd.com/10114588738475.html,云米AI昆仑矿泉净水机 Super 2E 2500,6923185654254,10114588738475,1551.02,2499,破价警报,2026-04-27 09:37:26,d:\WorkSpace\01_自动化开发\App1_Price_Monitor品牌价格\price_screenshots\2026-04-27_JD_6923185654254_10114588738475.jpg
京东,https://item.jd.com/10116378745406.html,云米AI昆仑矿泉净水机 Super 2E 2500,6923185654254,10116378745406,1699,2499,破价警报,2026-04-27 09:37:45,d:\WorkSpace\01_自动化开发\App1_Price_Monitor品牌价格\price_screenshots\2026-04-27_JD_6923185654254_10116378745406.jpg
京东,https://item.jd.com/100135346870.html,云米AI昆仑矿泉净水机 Super 2E 2500,6923185654254,100135346870,1545.55,2499,破价警报,2026-04-27 09:38:01,d:\WorkSpace\01_自动化开发\App1_Price_Monitor品牌价格\price_screenshots\2026-04-27_JD_6923185654254_100135346870.jpg
京东,https://item.jd.com/100210261709.html,小京龙2Pro净矿,6923185656791,100210261709,1990.06,2499,破价警报,2026-04-27 09:38:20,d:\WorkSpace\01_自动化开发\App1_Price_Monitor品牌价格\price_screenshots\2026-04-27_JD_6923185656791_100210261709.jpg
京东,https://item.jd.com/100105676026.html,云米AI净水器昆仑 Super 2S 1200G,6923185653585,100105676026,1738.56,2699,破价警报,2026-04-27 09:38:50,d:\WorkSpace\01_自动化开发\App1_Price_Monitor品牌价格\price_screenshots\2026-04-27_JD_6923185653585_100105676026.jpg
京东,https://item.jd.com/10103267064546.html,蒸烤一体机FaceA1,6923185620136,10103267064546,2799,,未知,2026-04-27 09:39:18,d:\WorkSpace\01_自动化开发\App1_Price_Monitor品牌价格\price_screenshots\2026-04-27_JD_6923185620136_10103267064546.jpg
京东,https://item.jd.com/10206797283677.html,昆仑3 即热矿泉,6923185654445,10206797283677,2327.03,2999,破价警报,2026-04-27 09:39:34,d:\WorkSpace\01_自动化开发\App1_Price_Monitor品牌价格\price_screenshots\2026-04-27_JD_6923185654445_10206797283677.jpg
京东,https://item.jd.com/10202290093822.html,昆仑4 弱碱Pro 1400G,6923185655718,10202290093822,2999,3599,破价警报,2026-04-27 09:39:50,d:\WorkSpace\01_自动化开发\App1_Price_Monitor品牌价格\price_screenshots\2026-04-27_JD_6923185655718_10202290093822.jpg
京东,https://item.jd.com/100215523232.html,昆仑4 制冰台净,6923185655787,100215523232,3365.41,4399,破价警报,2026-04-27 09:40:05,d:\WorkSpace\01_自动化开发\App1_Price_Monitor品牌价格\price_screenshots\2026-04-27_JD_6923185655787_100215523232.jpg
拼多多,https://mobile.yangkeduo.com/goods.html?goods_id=912927521784,小京龙2Pro净矿,6923185656791,912927521784,1273,2499,破价警报 | 百亿补贴,2026-04-27 09:43:25,d:\WorkSpace\01_自动化开发\App1_Price_Monitor品牌价格\price_screenshots\2026-04-27_PDD_912927521784.jpg
拼多多,https://mobile.yangkeduo.com/goods.html?goods_id=908884844099,管线机2S,6923185652526,908884844099,709,1699,破价警报,2026-04-27 09:43:25,d:\WorkSpace\01_自动化开发\App1_Price_Monitor品牌价格\price_screenshots\2026-04-27_PDD_908884844099.jpg
拼多多,https://mobile.yangkeduo.com/goods.html?goods_id=908879495872,smart 前置过滤器 （VF4-A）,6923185621058,908879495872,498,499,正常,2026-04-27 09:43:25,d:\WorkSpace\01_自动化开发\App1_Price_Monitor品牌价格\price_screenshots\2026-04-27_PDD_908879495872.jpg
拼多多,https://mobile.yangkeduo.com/goods.html?goods_id=907974025123,小海豚1000G,6923185654865,907974025123,899,899,正常,2026-04-27 09:43:25,d:\WorkSpace\01_自动化开发\App1_Price_Monitor品牌价格\price_screenshots\2026-04-27_PDD_907974025123.jpg
拼多多,https://mobile.yangkeduo.com/goods.html?goods_id=907033710117,云米昆仑3矿泉净水器2S Pro,6923185656593,907033710117,2998,2899,高价待调整,2026-04-27 09:43:25,d:\WorkSpace\01_自动化开发\App1_Price_Monitor品牌价格\price_screenshots\2026-04-27_PDD_907033710117.jpg
拼多多,https://mobile.yangkeduo.com/goods.html?goods_id=873065157674,小海豚600G适用滤芯,6923185618379,873065157674,239,299,破价警报,2026-04-27 09:43:25,d:\WorkSpace\01_自动化开发\App1_Price_Monitor品牌价格\price_screenshots\2026-04-27_PDD_873065157674.jpg
拼多多,https://mobile.yangkeduo.com/goods.html?goods_id=872941778883,1000G复合滤芯,6923185653998,872941778883,288,298,破价警报,2026-04-27 09:43:25,d:\WorkSpace\01_自动化开发\App1_Price_Monitor品牌价格\price_screenshots\2026-04-27_PDD_872941778883.jpg
拼多多,https://mobile.yangkeduo.com/goods.html?goods_id=870799733097,油烟机 smart2,6923185653110,870799733097,1599,,正常,2026-04-27 09:43:26,d:\WorkSpace\01_自动化开发\App1_Price_Monitor品牌价格\price_screenshots\2026-04-27_PDD_870799733097.jpg
拼多多,https://mobile.yangkeduo.com/goods.html?goods_id=868834124642,云米AI油烟机Super升级,6923185605829,868834124642,1279,,正常,2026-04-27 09:43:26,d:\WorkSpace\01_自动化开发\App1_Price_Monitor品牌价格\price_screenshots\2026-04-27_PDD_868834124642.jpg
拼多多,https://mobile.yangkeduo.com/goods.html?goods_id=868851073714,小海豚3,6923185605867,868851073714,999,499,高价待调整,2026-04-27 09:43:26,d:\WorkSpace\01_自动化开发\App1_Price_Monitor品牌价格\price_screenshots\2026-04-27_PDD_868851073714.jpg
拼多多,https://mobile.yangkeduo.com/goods.html?goods_id=862873034610,小海豚3,6923185605867,862873034610,618.8,499,高价待调整 | 百亿补贴,2026-04-27 09:43:37,d:\WorkSpace\01_自动化开发\App1_Price_Monitor品牌价格\price_screenshots\2026-04-27_PDD_862873034610.jpg
拼多多,https://mobile.yangkeduo.com/goods.html?goods_id=862584688956,门锁门禁卡,6923185654230,862584688956,25,19,高价待调整,2026-04-27 09:43:37,d:\WorkSpace\01_自动化开发\App1_Price_Monitor品牌价格\price_screenshots\2026-04-27_PDD_862584688956.jpg
拼多多,https://mobile.yangkeduo.com/goods.html?goods_id=861508688697,管线机2E,6923185650966,861508688697,1998,1599,高价待调整,2026-04-27 09:43:37,d:\WorkSpace\01_自动化开发\App1_Price_Monitor品牌价格\price_screenshots\2026-04-27_PDD_861508688697.jpg
拼多多,https://mobile.yangkeduo.com/goods.html?goods_id=852932116812,小海豚600G+滤芯套餐,S2508151538001,852932116812,772,,百亿补贴,2026-04-27 09:43:37,d:\WorkSpace\01_自动化开发\App1_Price_Monitor品牌价格\price_screenshots\2026-04-27_PDD_852932116812.jpg
拼多多,https://mobile.yangkeduo.com/goods.html?goods_id=852614628903,云米厨余垃圾处理器  PowerBox 尊享版,6923185610250,852614628903,889,,百亿补贴,2026-04-27 09:43:37,d:\WorkSpace\01_自动化开发\App1_Price_Monitor品牌价格\price_screenshots\2026-04-27_PDD_852614628903.jpg
拼多多,https://mobile.yangkeduo.com/goods.html?goods_id=852161740747,小海豚600G+,6923185653684,852161740747,899,559,高价待调整,2026-04-27 09:43:38,d:\WorkSpace\01_自动化开发\App1_Price_Monitor品牌价格\price_screenshots\2026-04-27_PDD_852161740747.jpg
拼多多,https://mobile.yangkeduo.com/goods.html?goods_id=852010588191,蓝调2Pro-JSQ30-VGW1641,6923185656869,852010588191,1099,,正常,2026-04-27 09:43:38,d:\WorkSpace\01_自动化开发\App1_Price_Monitor品牌价格\price_screenshots\2026-04-27_PDD_852010588191.jpg
拼多多,https://mobile.yangkeduo.com/goods.html?goods_id=850883552953,云米·泉先AI净水器蓝调600G+,6923185653592,850883552953,1299,999,高价待调整,2026-04-27 09:43:41,d:\WorkSpace\01_自动化开发\App1_Price_Monitor品牌价格\price_screenshots\2026-04-27_PDD_850883552953.jpg
拼多多,https://mobile.yangkeduo.com/goods.html?goods_id=850344043841,云米AI净饮机Super 2,6923185615415,850344043841,2199,1699,高价待调整,2026-04-27 09:43:41,d:\WorkSpace\01_自动化开发\App1_Price_Monitor品牌价格\price_screenshots\2026-04-27_PDD_850344043841.jpg
拼多多,https://mobile.yangkeduo.com/goods.html?goods_id=849648457333,云米AI昆仑矿泉净水机 Super 2E 2500,6923185654254,849648457333,2599,2499,高价待调整,2026-04-27 09:43:41,d:\WorkSpace\01_自动化开发\App1_Price_Monitor品牌价格\price_screenshots\2026-04-27_PDD_849648457333.jpg
拼多多,https://mobile.yangkeduo.com/goods.html?goods_id=849000374681,云米AI净水器Super 2Y 1200G,6923185653981,849000374681,1189,1899,破价警报,2026-04-27 09:43:51,d:\WorkSpace\01_自动化开发\App1_Price_Monitor品牌价格\price_screenshots\2026-04-27_PDD_849000374681.jpg
拼多多,https://mobile.yangkeduo.com/goods.html?goods_id=837301408995,云米AI冷热管线机Super2 Pro,6923185655794,837301408995,1449,1999,破价警报,2026-04-27 09:43:52,d:\WorkSpace\01_自动化开发\App1_Price_Monitor品牌价格\price_screenshots\2026-04-27_PDD_837301408995.jpg
拼多多,https://mobile.yangkeduo.com/goods.html?goods_id=832431516907,门锁普通版E30,6923185656074,832431516907,799,,正常,2026-04-27 09:43:52,d:\WorkSpace\01_自动化开发\App1_Price_Monitor品牌价格\price_screenshots\2026-04-27_PDD_832431516907.jpg
拼多多,https://mobile.yangkeduo.com/goods.html?goods_id=823432069145,手持吸尘器,6923185611844,823432069145,999,602,高价待调整,2026-04-27 09:43:52,d:\WorkSpace\01_自动化开发\App1_Price_Monitor品牌价格\price_screenshots\2026-04-27_PDD_823432069145.jpg
拼多多,https://mobile.yangkeduo.com/goods.html?goods_id=774960777953,蓝调2燃气热水器13L,6923185655688,774960777953,999,,正常,2026-04-27 09:43:52,d:\WorkSpace\01_自动化开发\App1_Price_Monitor品牌价格\price_screenshots\2026-04-27_PDD_774960777953.jpg
拼多多,https://mobile.yangkeduo.com/goods.html?goods_id=767193647325,门锁掌静脉,6923185655398,767193647325,1104,,正常,2026-04-27 09:43:52,d:\WorkSpace\01_自动化开发\App1_Price_Monitor品牌价格\price_screenshots\2026-04-27_PDD_767193647325.jpg
拼多多,https://mobile.yangkeduo.com/goods.html?goods_id=765112154467,小鲸鱼 马桶盖,6923185654537,765112154467,1199,,正常,2026-04-27 09:43:52,d:\WorkSpace\01_自动化开发\App1_Price_Monitor品牌价格\price_screenshots\2026-04-27_PDD_765112154467.jpg
拼多多,https://mobile.yangkeduo.com/goods.html?goods_id=763759392708,云米AI油烟机 鲲鹏Pro,6923185605379,763759392708,2499,,正常,2026-04-27 09:43:52,d:\WorkSpace\01_自动化开发\App1_Price_Monitor品牌价格\price_screenshots\2026-04-27_PDD_763759392708.jpg
拼多多,https://mobile.yangkeduo.com/goods.html?goods_id=761822913595,云米智能马桶 小鲸鱼 2 Pro,6923185654575,761822913595,2399,,正常,2026-04-27 09:43:52,d:\WorkSpace\01_自动化开发\App1_Price_Monitor品牌价格\price_screenshots\2026-04-27_PDD_761822913595.jpg
拼多多,https://mobile.yangkeduo.com/goods.html?goods_id=743885774552,云米蓝调智能门锁（基础版）,6923185655381,743885774552,539,,正常,2026-04-27 09:43:53,d:\WorkSpace\01_自动化开发\App1_Price_Monitor品牌价格\price_screenshots\2026-04-27_PDD_743885774552.jpg
拼多多,https://mobile.yangkeduo.com/goods.html?goods_id=739863611562,云米AI油烟机 Smart 2 Pro,6923185653516,739863611562,1499,,正常,2026-04-27 09:44:03,d:\WorkSpace\01_自动化开发\App1_Price_Monitor品牌价格\price_screenshots\2026-04-27_PDD_739863611562.jpg
拼多多,https://mobile.yangkeduo.com/goods.html?goods_id=705715580268,智能门锁锂电池(5000mAh),6923185652953,705715580268,114,99,高价待调整,2026-04-27 09:44:03,d:\WorkSpace\01_自动化开发\App1_Price_Monitor品牌价格\price_screenshots\2026-04-27_PDD_705715580268.jpg
拼多多,https://mobile.yangkeduo.com/goods.html?goods_id=661859626284,小海豚-40L-2000w热水器,6923185681281,661859626284,599,,正常,2026-04-27 09:44:03,d:\WorkSpace\01_自动化开发\App1_Price_Monitor品牌价格\price_screenshots\2026-04-27_PDD_661859626284.jpg
拼多多,https://mobile.yangkeduo.com/goods.html?goods_id=657344402006,云米油烟机蓝调,6923185650973,657344402006,1199,,正常,2026-04-27 09:44:03,d:\WorkSpace\01_自动化开发\App1_Price_Monitor品牌价格\price_screenshots\2026-04-27_PDD_657344402006.jpg
拼多多,https://mobile.yangkeduo.com/goods.html?goods_id=490426355421,500L十字门冰箱,6923185651123,490426355421,3199,,正常,2026-04-27 09:44:03,d:\WorkSpace\01_自动化开发\App1_Price_Monitor品牌价格\price_screenshots\2026-04-27_PDD_490426355421.jpg
拼多多,https://mobile.yangkeduo.com/goods.html?goods_id=484037745334,云米AI燃气灶power 5.0（天然气）,6923185654377,484037745334,1099,,正常,2026-04-27 09:44:03,d:\WorkSpace\01_自动化开发\App1_Price_Monitor品牌价格\price_screenshots\2026-04-27_PDD_484037745334.jpg
拼多多,https://mobile.yangkeduo.com/goods.html?goods_id=415597395169,电热3300W smart2,6923185651444,415597395169,979,,百亿补贴,2026-04-27 09:44:03,d:\WorkSpace\01_自动化开发\App1_Price_Monitor品牌价格\price_screenshots\2026-04-27_PDD_415597395169.jpg
拼多多,https://mobile.yangkeduo.com/goods.html?goods_id=413986425773,蓝调智能门锁（人脸猫眼版）,6923185654650,413986425773,999,,正常,2026-04-27 09:44:04,d:\WorkSpace\01_自动化开发\App1_Price_Monitor品牌价格\price_screenshots\2026-04-27_PDD_413986425773.jpg
拼多多,https://mobile.yangkeduo.com/goods.html?goods_id=364990106384,"即热1000G,MAIN84",6923185651116,364990106384,2999,1899,高价待调整,2026-04-27 09:44:04,d:\WorkSpace\01_自动化开发\App1_Price_Monitor品牌价格\price_screenshots\2026-04-27_PDD_364990106384.jpg
拼多多,https://mobile.yangkeduo.com/goods.html?goods_id=325232192898,冰箱603,6923185650935,325232192898,2459,,正常,2026-04-27 09:44:04,d:\WorkSpace\01_自动化开发\App1_Price_Monitor品牌价格\price_screenshots\2026-04-27_PDD_325232192898.jpg
拼多多,https://mobile.yangkeduo.com/goods.html?goods_id=296957182528,复合滤芯,"6923185600138,6923185600145",296957182528,439,,正常,2026-04-27 09:44:15,d:\WorkSpace\01_自动化开发\App1_Price_Monitor品牌价格\price_screenshots\2026-04-27_PDD_296957182528.jpg
拼多多,https://mobile.yangkeduo.com/goods.html?goods_id=291141614396,F3-五合一,6923185614258,291141614396,269,298,破价警报,2026-04-27 09:44:15,d:\WorkSpace\01_自动化开发\App1_Price_Monitor品牌价格\price_screenshots\2026-04-27_PDD_291141614396.jpg
拼多多,https://mobile.yangkeduo.com/goods.html?goods_id=290543633215,复合滤芯,"6923185614258,6923185616177",290543633215,199,,正常,2026-04-27 09:44:15,d:\WorkSpace\01_自动化开发\App1_Price_Monitor品牌价格\price_screenshots\2026-04-27_PDD_290543633215.jpg
拼多多,https://mobile.yangkeduo.com/goods.html?goods_id=273348857003,云米蓝调智能门锁（基础版）,6923185655381,273348857003,538.77,,正常,2026-04-27 09:44:15,d:\WorkSpace\01_自动化开发\App1_Price_Monitor品牌价格\price_screenshots\2026-04-27_PDD_273348857003.jpg
拼多多,https://mobile.yangkeduo.com/goods.html?goods_id=264080849667,霸王锁体,6923185622154,264080849667,150,150,正常,2026-04-27 09:44:15,d:\WorkSpace\01_自动化开发\App1_Price_Monitor品牌价格\price_screenshots\2026-04-27_PDD_264080849667.jpg
拼多多,https://mobile.yangkeduo.com/goods.html?goods_id=259115850200,蓝调智能门锁（3D人脸版）,6923185654643,259115850200,699,,正常,2026-04-27 09:44:16,d:\WorkSpace\01_自动化开发\App1_Price_Monitor品牌价格\price_screenshots\2026-04-27_PDD_259115850200.jpg
拼多多,https://mobile.yangkeduo.com/goods.html?goods_id=231833573024,小烤箱6L,6923185603221,231833573024,199,174,高价待调整,2026-04-27 09:44:17,d:\WorkSpace\01_自动化开发\App1_Price_Monitor品牌价格\price_screenshots\2026-04-27_PDD_231833573024.jpg
拼多多,https://mobile.yangkeduo.com/goods.html?goods_id=225501370546,小海豚3,6923185605867,225501370546,895.5,499,高价待调整,2026-04-27 09:44:21,d:\WorkSpace\01_自动化开发\App1_Price_Monitor品牌价格\price_screenshots\2026-04-27_PDD_225501370546.jpg
拼多多,https://mobile.yangkeduo.com/goods.html?goods_id=224216987554,复合滤芯,"6923185614258,6923185615750,6923185614265",224216987554,199,,正常,2026-04-27 09:44:22,d:\WorkSpace\01_自动化开发\App1_Price_Monitor品牌价格\price_screenshots\2026-04-27_PDD_224216987554.jpg
拼多多,https://mobile.yangkeduo.com/goods.html?goods_id=220820325711,云米消毒柜（嵌入式）云米版,6923185604303,220820325711,1299,,正常,2026-04-27 09:44:22,d:\WorkSpace\01_自动化开发\App1_Price_Monitor品牌价格\price_screenshots\2026-04-27_PDD_220820325711.jpg
拼多多,https://mobile.yangkeduo.com/goods.html?goods_id=219486126363,flash烟机,6923185613664,219486126363,1399,,正常,2026-04-27 09:44:32,d:\WorkSpace\01_自动化开发\App1_Price_Monitor品牌价格\price_screenshots\2026-04-27_PDD_219486126363.jpg
拼多多,https://mobile.yangkeduo.com/goods.html?goods_id=209406625494,蓝调智能门锁（大屏猫眼版）,6923185654667,209406625494,999,,正常,2026-04-27 09:44:32,d:\WorkSpace\01_自动化开发\App1_Price_Monitor品牌价格\price_screenshots\2026-04-27_PDD_209406625494.jpg
拼多多,https://mobile.yangkeduo.com/goods.html?goods_id=205451808289,小厨宝,6923185611233,205451808289,282,,正常,2026-04-27 09:44:33,d:\WorkSpace\01_自动化开发\App1_Price_Monitor品牌价格\price_screenshots\2026-04-27_PDD_205451808289.jpg
拼多多,https://mobile.yangkeduo.com/goods.html?goods_id=205458105137,小海豚2 1000G,6923185654865,205458105137,899,899,正常,2026-04-27 09:44:33,d:\WorkSpace\01_自动化开发\App1_Price_Monitor品牌价格\price_screenshots\2026-04-27_PDD_205458105137.jpg
拼多多,https://mobile.yangkeduo.com/goods.html?goods_id=926574119933,昆仑4弱碱 1400G,6923185655718,926574119933,3999,3599,高价待调整,2026-04-27 09:46:29,d:\WorkSpace\01_自动化开发\App1_Price_Monitor品牌价格\price_screenshots\2026-04-27_PDD_926574119933.jpg
拼多多,https://mobile.yangkeduo.com/goods.html?goods_id=925977908012,云米昆仑3矿泉净水器2S Pro,6923185656593,925977908012,2998,2899,高价待调整,2026-04-27 09:46:29,d:\WorkSpace\01_自动化开发\App1_Price_Monitor品牌价格\price_screenshots\2026-04-27_PDD_925977908012.jpg
拼多多,https://mobile.yangkeduo.com/goods.html?goods_id=925874862450,小京龙Pro1100G,6923185655220,925874862450,799,1099,破价警报 | 百亿补贴,2026-04-27 09:46:29,d:\WorkSpace\01_自动化开发\App1_Price_Monitor品牌价格\price_screenshots\2026-04-27_PDD_925874862450.jpg
拼多多,https://mobile.yangkeduo.com/goods.html?goods_id=925737084752,门锁普通版E30,6923185656074,925737084752,799,,正常,2026-04-27 09:46:29,d:\WorkSpace\01_自动化开发\App1_Price_Monitor品牌价格\price_screenshots\2026-04-27_PDD_925737084752.jpg
拼多多,https://mobile.yangkeduo.com/goods.html?goods_id=925730122772,蓝调智能门锁（大屏猫眼版）,6923185654667,925730122772,999,,正常,2026-04-27 09:46:30,d:\WorkSpace\01_自动化开发\App1_Price_Monitor品牌价格\price_screenshots\2026-04-27_PDD_925730122772.jpg
拼多多,https://mobile.yangkeduo.com/goods.html?goods_id=925730329478,云米蓝调智能门锁（基础版）,6923185655381,925730329478,729,,正常,2026-04-27 09:46:31,d:\WorkSpace\01_自动化开发\App1_Price_Monitor品牌价格\price_screenshots\2026-04-27_PDD_925730329478.jpg
拼多多,https://mobile.yangkeduo.com/goods.html?goods_id=925731404024,门锁掌静脉,6923185655398,925731404024,1499,,正常,2026-04-27 09:46:31,d:\WorkSpace\01_自动化开发\App1_Price_Monitor品牌价格\price_screenshots\2026-04-27_PDD_925731404024.jpg
拼多多,https://mobile.yangkeduo.com/goods.html?goods_id=925231209174,蓝调智能门锁（人脸猫眼版）,6923185654650,925231209174,999,,正常,2026-04-27 09:46:31,d:\WorkSpace\01_自动化开发\App1_Price_Monitor品牌价格\price_screenshots\2026-04-27_PDD_925231209174.jpg
拼多多,https://mobile.yangkeduo.com/goods.html?goods_id=925230364669,蓝调智能门锁（3D人脸版）,6923185654643,925230364669,1099,,正常,2026-04-27 09:46:31,d:\WorkSpace\01_自动化开发\App1_Price_Monitor品牌价格\price_screenshots\2026-04-27_PDD_925230364669.jpg
拼多多,https://mobile.yangkeduo.com/goods.html?goods_id=917038452382,小海豚+管线机,"S2405281401001,S2407170910001",917038452382,1349,,正常,2026-04-27 09:46:31,d:\WorkSpace\01_自动化开发\App1_Price_Monitor品牌价格\price_screenshots\2026-04-27_PDD_917038452382.jpg
拼多多,https://mobile.yangkeduo.com/goods.html?goods_id=917034829515,管线机2E,6923185650966,917034829515,869,1599,破价警报 | 百亿补贴,2026-04-27 09:46:43,d:\WorkSpace\01_自动化开发\App1_Price_Monitor品牌价格\price_screenshots\2026-04-27_PDD_917034829515.jpg
拼多多,https://mobile.yangkeduo.com/goods.html?goods_id=917032713009,管线机2S,6923185652526,917032713009,669,1699,破价警报 | 百亿补贴,2026-04-27 09:46:43,d:\WorkSpace\01_自动化开发\App1_Price_Monitor品牌价格\price_screenshots\2026-04-27_PDD_917032713009.jpg
拼多多,https://mobile.yangkeduo.com/goods.html?goods_id=917031150770,云米·泉先AI净水器蓝调600G+,6923185653592,917031150770,1299,999,高价待调整,2026-04-27 09:46:44,d:\WorkSpace\01_自动化开发\App1_Price_Monitor品牌价格\price_screenshots\2026-04-27_PDD_917031150770.jpg
拼多多,https://mobile.yangkeduo.com/goods.html?goods_id=916996455515,云米AI冷热管线机Super2 Pro,6923185655794,916996455515,1449,1999,破价警报,2026-04-27 09:46:44,d:\WorkSpace\01_自动化开发\App1_Price_Monitor品牌价格\price_screenshots\2026-04-27_PDD_916996455515.jpg
拼多多,https://mobile.yangkeduo.com/goods.html?goods_id=916452280972,900G,6923185654292,916452280972,749,1499,破价警报 | 百亿补贴,2026-04-27 09:46:46,d:\WorkSpace\01_自动化开发\App1_Price_Monitor品牌价格\price_screenshots\2026-04-27_PDD_916452280972.jpg
拼多多,https://mobile.yangkeduo.com/goods.html?goods_id=916398420768,复合滤芯,"6923185614258,6923185615750,6923185614265",916398420768,258.98,,正常,2026-04-27 09:46:46,d:\WorkSpace\01_自动化开发\App1_Price_Monitor品牌价格\price_screenshots\2026-04-27_PDD_916398420768.jpg
拼多多,https://mobile.yangkeduo.com/goods.html?goods_id=915797572693,600G滤芯套餐,S2412282008001,915797572693,669,,百亿补贴,2026-04-27 09:46:47,d:\WorkSpace\01_自动化开发\App1_Price_Monitor品牌价格\price_screenshots\2026-04-27_PDD_915797572693.jpg
拼多多,https://mobile.yangkeduo.com/goods.html?goods_id=885690465484,小海豚600G+,6923185653684,885690465484,559,559,百亿补贴,2026-04-27 09:46:47,d:\WorkSpace\01_自动化开发\App1_Price_Monitor品牌价格\price_screenshots\2026-04-27_PDD_885690465484.jpg
拼多多,https://mobile.yangkeduo.com/goods.html?goods_id=882919216767,小白龙 800G+,6923185653974,882919216767,1199,1299,破价警报,2026-04-27 09:46:47,d:\WorkSpace\01_自动化开发\App1_Price_Monitor品牌价格\price_screenshots\2026-04-27_PDD_882919216767.jpg
京东,https://item.jd.com/100124625239.html,云米小厨宝6L,6923185611233,100124625239,299,,未知,2026-04-27 14:04:31,d:\WorkSpace\01_自动化开发\App1_Price_Monitor品牌价格\price_screenshots\2026-04-27_JD_6923185611233_100124625239.jpg
京东,https://item.jd.com/10089201209435.html,云米小厨宝6L,6923185611233,10089201209435,299,,未知,2026-04-27 14:05:07,d:\WorkSpace\01_自动化开发\App1_Price_Monitor品牌价格\price_screenshots\2026-04-27_JD_6923185611233_10089201209435.jpg
京东,https://item.jd.com/10192759343298.html,门锁普通版E30,6923185656074,10192759343298,569.39,,未知,2026-04-27 14:05:42,d:\WorkSpace\01_自动化开发\App1_Price_Monitor品牌价格\price_screenshots\2026-04-27_JD_6923185656074_10192759343298.jpg
京东,https://item.jd.com/10196375716835.html,门锁普通版E30,6923185656074,10196375716835,Not Found,,抓取失败,2026-04-27 14:06:18,d:\WorkSpace\01_自动化开发\App1_Price_Monitor品牌价格\error_screenshots\fail_JD_10196375716835.png
京东,https://item.jd.com/100013447067.html,smart 前置过滤器 （VF4-A）,6923185621058,100013447067,288.57,499,破价警报,2026-04-27 14:06:40,d:\WorkSpace\01_自动化开发\App1_Price_Monitor品牌价格\price_screenshots\2026-04-27_JD_6923185621058_100013447067.jpg
京东,https://item.jd.com/100147404880.html,smart 3,6923185654773,100147404880,509.15,,未知,2026-04-27 14:07:12,d:\WorkSpace\01_自动化开发\App1_Price_Monitor品牌价格\price_screenshots\2026-04-27_JD_6923185654773_100147404880.jpg
京东,https://item.jd.com/10095813745701.html,云米电热水器X1（50L）,6923185614920,10095813745701,539,,未知,2026-04-27 14:07:52,d:\WorkSpace\01_自动化开发\App1_Price_Monitor品牌价格\price_screenshots\2026-04-27_JD_6923185614920_10095813745701.jpg
京东,https://item.jd.com/10095813745702.html,云米电热水器X1（60L）,6923185614937,10095813745702,569,,未知,2026-04-27 14:08:29,d:\WorkSpace\01_自动化开发\App1_Price_Monitor品牌价格\price_screenshots\2026-04-27_JD_6923185614937_10095813745702.jpg
京东,https://item.jd.com/10097111681728.html,云米电热水器X1（60L）,6923185614937,10097111681728,569,,未知,2026-04-27 14:09:02,d:\WorkSpace\01_自动化开发\App1_Price_Monitor品牌价格\price_screenshots\2026-04-27_JD_6923185614937_10097111681728.jpg
京东,https://item.jd.com/10154100555262.html,云米蓝调智能门锁（基础版）,6923185655381,10154100555262,493.88,,未知,2026-04-27 14:09:36,d:\WorkSpace\01_自动化开发\App1_Price_Monitor品牌价格\price_screenshots\2026-04-27_JD_6923185655381_10154100555262.jpg
京东,https://item.jd.com/100070514318.html,云米AI燃气灶 Super   5.2（天然气）,6923185650348,100070514318,679,,未知,2026-04-27 14:10:07,d:\WorkSpace\01_自动化开发\App1_Price_Monitor品牌价格\price_screenshots\2026-04-27_JD_6923185650348_100070514318.jpg
京东,https://item.jd.com/100167111601.html,蓝调2燃气热水器13L,6923185655688,100167111601,679.15,,未知,2026-04-27 14:10:39,d:\WorkSpace\01_自动化开发\App1_Price_Monitor品牌价格\price_screenshots\2026-04-27_JD_6923185655688_100167111601.jpg
京东,https://item.jd.com/10176913186809.html,蓝调2燃气热水器13L,6923185655688,10176913186809,699,,未知,2026-04-27 14:11:12,d:\WorkSpace\01_自动化开发\App1_Price_Monitor品牌价格\price_screenshots\2026-04-27_JD_6923185655688_10176913186809.jpg
京东,https://item.jd.com/10092678440219.html,super5.0灶具（天然气）,6923185649656,10092678440219,679.15,,未知,2026-04-27 14:11:45,d:\WorkSpace\01_自动化开发\App1_Price_Monitor品牌价格\price_screenshots\2026-04-27_JD_6923185649656_10092678440219.jpg
京东,https://item.jd.com/100118324669.html,云米·泉先前置过滤器 Super,6923185649885,100118324669,547.57,699,破价警报,2026-04-27 14:12:18,d:\WorkSpace\01_自动化开发\App1_Price_Monitor品牌价格\price_screenshots\2026-04-27_JD_6923185649885_100118324669.jpg
京东,https://item.jd.com/10143724381196.html,云米·泉先前置过滤器 Super,6923185649885,10143724381196,599,699,破价警报,2026-04-27 14:12:51,d:\WorkSpace\01_自动化开发\App1_Price_Monitor品牌价格\price_screenshots\2026-04-27_JD_6923185649885_10143724381196.jpg
京东,https://item.jd.com/100028611839.html,云米AI电热水器 小蓝调50L,6923185649076,100028611839,636.65,,未知,2026-04-27 14:13:22,d:\WorkSpace\01_自动化开发\App1_Price_Monitor品牌价格\price_screenshots\2026-04-27_JD_6923185649076_100028611839.jpg
京东,https://item.jd.com/10114364850989.html,小鲸鱼 马桶盖,6923185654537,10114364850989,698.4,,未知,2026-04-27 14:13:59,d:\WorkSpace\01_自动化开发\App1_Price_Monitor品牌价格\price_screenshots\2026-04-27_JD_6923185654537_10114364850989.jpg
京东,https://item.jd.com/10168369255857.html,蓝调智能门锁（大屏猫眼版）,6923185654667,10168369255857,649.4,,未知,2026-04-27 14:14:31,d:\WorkSpace\01_自动化开发\App1_Price_Monitor品牌价格\price_screenshots\2026-04-27_JD_6923185654667_10168369255857.jpg
京东,https://item.jd.com/10152123375420.html,蓝调智能门锁（3D人脸版）,6923185654643,10152123375420,629.92,,未知,2026-04-27 14:15:04,d:\WorkSpace\01_自动化开发\App1_Price_Monitor品牌价格\price_screenshots\2026-04-27_JD_6923185654643_10152123375420.jpg
京东,https://item.jd.com/10075265423716.html,5.0KW聚能猛火灶,6923185650331,10075265423716,699,,未知,2026-04-27 14:15:37,d:\WorkSpace\01_自动化开发\App1_Price_Monitor品牌价格\price_screenshots\2026-04-27_JD_6923185650331_10075265423716.jpg
京东,https://item.jd.com/10152130264576.html,蓝调智能门锁（人脸猫眼版）,6923185654650,10152130264576,700,,未知,2026-04-27 14:16:10,d:\WorkSpace\01_自动化开发\App1_Price_Monitor品牌价格\price_screenshots\2026-04-27_JD_6923185654650_10152130264576.jpg
京东,https://item.jd.com/10101734415931.html,云米油烟机蓝调,6923185650973,10101734415931,859,,未知,2026-04-27 14:16:41,d:\WorkSpace\01_自动化开发\App1_Price_Monitor品牌价格\price_screenshots\2026-04-27_JD_6923185650973_10101734415931.jpg
京东,https://item.jd.com/10089284956258.html,flash烟机,6923185613664,10089284956258,899,,未知,2026-04-27 14:17:14,d:\WorkSpace\01_自动化开发\App1_Price_Monitor品牌价格\price_screenshots\2026-04-27_JD_6923185613664_10089284956258.jpg
京东,https://item.jd.com/10110061303564.html,云米互联网油烟机Flash,6923185613664,10110061303564,899,,未知,2026-04-27 14:17:47,d:\WorkSpace\01_自动化开发\App1_Price_Monitor品牌价格\price_screenshots\2026-04-27_JD_6923185613664_10110061303564.jpg
京东,https://item.jd.com/10110061303564.html,flash烟机,6923185613664,10110061303564,899,,未知,2026-04-27 14:18:22,d:\WorkSpace\01_自动化开发\App1_Price_Monitor品牌价格\price_screenshots\2026-04-27_JD_6923185613664_10110061303564.jpg
京东,https://item.jd.com/10090594806936.html,flash烟机,6923185613664,10090594806936,899,,未知,2026-04-27 14:18:51,d:\WorkSpace\01_自动化开发\App1_Price_Monitor品牌价格\price_screenshots\2026-04-27_JD_6923185613664_10090594806936.jpg
京东,https://item.jd.com/10089198115504.html,免镁棒-60L-3000w热水器,6923185611899,10089198115504,899,,未知,2026-04-27 14:19:10,d:\WorkSpace\01_自动化开发\App1_Price_Monitor品牌价格\price_screenshots\2026-04-27_JD_6923185611899_10089198115504.jpg
京东,https://item.jd.com/10093429580106.html,云米厨余垃圾处理器  PowerBox 尊享版,6923185610250,10093429580106,806.65,,未知,2026-04-27 14:19:26,d:\WorkSpace\01_自动化开发\App1_Price_Monitor品牌价格\price_screenshots\2026-04-27_JD_6923185610250_10093429580106.jpg
京东,https://item.jd.com/10168128067583.html,云米厨余垃圾处理器  PowerBox 尊享版,6923185610250,10168128067583,899,,未知,2026-04-27 14:19:43,d:\WorkSpace\01_自动化开发\App1_Price_Monitor品牌价格\price_screenshots\2026-04-27_JD_6923185610250_10168128067583.jpg
京东,https://item.jd.com/10091941834784.html,云米消毒柜（嵌入式）云米版,6923185604303,10091941834784,899,,未知,2026-04-27 14:20:00,d:\WorkSpace\01_自动化开发\App1_Price_Monitor品牌价格\price_screenshots\2026-04-27_JD_6923185604303_10091941834784.jpg
京东,https://item.jd.com/10103268736846.html,云米消毒柜（嵌入式）云米版,6923185604303,10103268736846,899,,未知,2026-04-27 14:20:17,d:\WorkSpace\01_自动化开发\App1_Price_Monitor品牌价格\price_screenshots\2026-04-27_JD_6923185604303_10103268736846.jpg
京东,https://item.jd.com/10105870187513.html,云米·泉先AI净水器蓝调600G+,6923185653592,10105870187513,648,999,破价警报,2026-04-27 14:20:34,d:\WorkSpace\01_自动化开发\App1_Price_Monitor品牌价格\price_screenshots\2026-04-27_JD_6923185653592_10105870187513.jpg
京东,https://item.jd.com/100220432807.html,蓝调2Pro-JSQ30-VGW1641,6923185656869,100220432807,1099,,未知,2026-04-27 14:20:52,d:\WorkSpace\01_自动化开发\App1_Price_Monitor品牌价格\price_screenshots\2026-04-27_JD_6923185656869_100220432807.jpg
京东,https://item.jd.com/100020870125.html,云米空调1匹两用挂机iCool 2T,S1648526111232,100020870125,1349,1099,高价待调整,2026-04-27 14:21:13,d:\WorkSpace\01_自动化开发\App1_Price_Monitor品牌价格\price_screenshots\2026-04-27_JD_S1648526111232_100020870125.jpg
京东,https://item.jd.com/10192764613659.html,门锁掌静脉,6923185655398,10192764613659,1067,,未知,2026-04-27 14:21:44,d:\WorkSpace\01_自动化开发\App1_Price_Monitor品牌价格\price_screenshots\2026-04-27_JD_6923185655398_10192764613659.jpg
京东,https://item.jd.com/100193851271.html,云米蓝调系列多功能冰沙机,6923185656135,100193851271,2787.8,,未知,2026-04-27 14:22:16,d:\WorkSpace\01_自动化开发\App1_Price_Monitor品牌价格\price_screenshots\2026-04-27_JD_6923185656135_100193851271.jpg
京东,https://item.jd.com/100147404904.html,云米AI油烟机 Smart 2 Pro,6923185653516,100147404904,1399,,未知,2026-04-27 14:22:47,d:\WorkSpace\01_自动化开发\App1_Price_Monitor品牌价格\price_screenshots\2026-04-27_JD_6923185653516_100147404904.jpg
京东,https://item.jd.com/10089254213735.html,flash烟机+power5.0（天然气）,S2409261034001,10089254213735,1299,1399,破价警报,2026-04-27 14:23:19,d:\WorkSpace\01_自动化开发\App1_Price_Monitor品牌价格\price_screenshots\2026-04-27_JD_S2409261034001_10089254213735.jpg
京东,https://item.jd.com/100223552856.html,小京龙900G,6923185654292,100223552856,898.87,1499,破价警报,2026-04-27 14:23:56,d:\WorkSpace\01_自动化开发\App1_Price_Monitor品牌价格\price_screenshots\2026-04-27_JD_6923185654292_100223552856.jpg
京东,https://item.jd.com/10143719582452.html,云米·泉先 AI冷热管线机 Super 2E,6923185650966,10143719582452,989.1,1599,破价警报,2026-04-27 14:24:30,d:\WorkSpace\01_自动化开发\App1_Price_Monitor品牌价格\price_screenshots\2026-04-27_JD_6923185650966_10143719582452.jpg
京东,https://item.jd.com/100309470648.html,云米AI油烟机Super升级,6923185605829,100309470648,1499,,未知,2026-04-27 14:25:07,d:\WorkSpace\01_自动化开发\App1_Price_Monitor品牌价格\price_screenshots\2026-04-27_JD_6923185605829_100309470648.jpg
京东,https://item.jd.com/100094220985.html,云米·泉先AI管线机Master2S,6923185652526,100094220985,705.48,1699,破价警报,2026-04-27 14:25:39,d:\WorkSpace\01_自动化开发\App1_Price_Monitor品牌价格\price_screenshots\2026-04-27_JD_6923185652526_100094220985.jpg
京东,https://item.jd.com/10111293867587.html,云米·泉先AI管线机Master2S,6923185652526,10111293867587,944.35,1699,破价警报,2026-04-27 14:26:11,d:\WorkSpace\01_自动化开发\App1_Price_Monitor品牌价格\price_screenshots\2026-04-27_JD_6923185652526_10111293867587.jpg
京东,https://item.jd.com/100141797446.html,鲜活泉系列 Smart 1000G(小竹泉）,6923185654247,100141797446,932.59,1699,破价警报,2026-04-27 14:26:49,d:\WorkSpace\01_自动化开发\App1_Price_Monitor品牌价格\price_screenshots\2026-04-27_JD_6923185654247_100141797446.jpg
京东,https://item.jd.com/100193748406.html,云米AI净饮机Super 2,6923185615415,100193748406,1062.36,1699,破价警报,2026-04-27 14:27:25,d:\WorkSpace\01_自动化开发\App1_Price_Monitor品牌价格\price_screenshots\2026-04-27_JD_6923185615415_100193748406.jpg
京东,https://item.jd.com/10190216497508.html,云米AI净饮机Super 2,6923185615415,10190216497508,1002.76,1699,破价警报,2026-04-27 14:28:00,d:\WorkSpace\01_自动化开发\App1_Price_Monitor品牌价格\price_screenshots\2026-04-27_JD_6923185615415_10190216497508.jpg
京东,https://item.jd.com/100113886253.html,云米AI净水器Super 2Y 1200G,6923185653981,100113886253,1185.42,1899,破价警报,2026-04-27 14:28:41,d:\WorkSpace\01_自动化开发\App1_Price_Monitor品牌价格\price_screenshots\2026-04-27_JD_6923185653981_100113886253.jpg
京东,https://item.jd.com/100152351404.html,云米AI净水器Super 2Y 1200G,6923185653981,100152351404,3511.27,1899,高价待调整,2026-04-27 14:29:17,d:\WorkSpace\01_自动化开发\App1_Price_Monitor品牌价格\price_screenshots\2026-04-27_JD_6923185653981_100152351404.jpg
京东,https://item.jd.com/10109665694149.html,云米AI净水器Super 2Y 1200G,6923185653981,10109665694149,Not Found,1899,抓取失败,2026-04-27 14:29:48,d:\WorkSpace\01_自动化开发\App1_Price_Monitor品牌价格\error_screenshots\fail_JD_10109665694149.png
京东,https://item.jd.com/10137116625841.html,"即热1000G,MAIN84",6923185651116,10137116625841,Not Found,1899,抓取失败,2026-04-27 14:30:16,d:\WorkSpace\01_自动化开发\App1_Price_Monitor品牌价格\error_screenshots\fail_JD_10137116625841.png
京东,https://item.jd.com/100216835595.html,云米AI冷热管线机Super2 Pro,6923185655794,100216835595,1448.68,1999,破价警报,2026-04-27 14:30:39,d:\WorkSpace\01_自动化开发\App1_Price_Monitor品牌价格\price_screenshots\2026-04-27_JD_6923185655794_100216835595.jpg
京东,https://item.jd.com/10190163229722.html,云米AI冷热管线机Super2 Pro,6923185655794,10190163229722,1598.99,1999,破价警报,2026-04-27 14:31:12,d:\WorkSpace\01_自动化开发\App1_Price_Monitor品牌价格\price_screenshots\2026-04-27_JD_6923185655794_10190163229722.jpg
京东,https://item.jd.com/10190186867694.html,云米AI冷热管线机Super2 Pro,6923185655794,10190186867694,1699,1999,破价警报,2026-04-27 14:31:44,d:\WorkSpace\01_自动化开发\App1_Price_Monitor品牌价格\price_screenshots\2026-04-27_JD_6923185655794_10190186867694.jpg
京东,https://item.jd.com/10130854696036.html,云米智能马桶 小鲸鱼 2 Pro,6923185654575,10130854696036,2398.7,,未知,2026-04-27 14:32:17,d:\WorkSpace\01_自动化开发\App1_Price_Monitor品牌价格\price_screenshots\2026-04-27_JD_6923185654575_10130854696036.jpg
京东,https://item.jd.com/100167111617.html,云米AI油烟机 鲲鹏Pro,6923185605379,100167111617,2489,,未知,2026-04-27 14:32:50,d:\WorkSpace\01_自动化开发\App1_Price_Monitor品牌价格\price_screenshots\2026-04-27_JD_6923185605379_100167111617.jpg
京东,https://item.jd.com/10114588738475.html,云米AI昆仑矿泉净水机 Super 2E 2500,6923185654254,10114588738475,1551.02,2499,破价警报,2026-04-27 14:33:21,d:\WorkSpace\01_自动化开发\App1_Price_Monitor品牌价格\price_screenshots\2026-04-27_JD_6923185654254_10114588738475.jpg
京东,https://item.jd.com/10116378745406.html,云米AI昆仑矿泉净水机 Super 2E 2500,6923185654254,10116378745406,1699,2499,破价警报,2026-04-27 14:33:57,d:\WorkSpace\01_自动化开发\App1_Price_Monitor品牌价格\price_screenshots\2026-04-27_JD_6923185654254_10116378745406.jpg
京东,https://item.jd.com/100135346870.html,云米AI昆仑矿泉净水机 Super 2E 2500,6923185654254,100135346870,1545.55,2499,破价警报,2026-04-27 14:34:30,d:\WorkSpace\01_自动化开发\App1_Price_Monitor品牌价格\price_screenshots\2026-04-27_JD_6923185654254_100135346870.jpg
京东,https://item.jd.com/100210261709.html,小京龙2Pro净矿,6923185656791,100210261709,1990.06,2499,破价警报,2026-04-27 14:35:02,d:\WorkSpace\01_自动化开发\App1_Price_Monitor品牌价格\price_screenshots\2026-04-27_JD_6923185656791_100210261709.jpg
京东,https://item.jd.com/100105676026.html,云米AI净水器昆仑 Super 2S 1200G,6923185653585,100105676026,1738.56,2699,破价警报,2026-04-27 14:35:34,d:\WorkSpace\01_自动化开发\App1_Price_Monitor品牌价格\price_screenshots\2026-04-27_JD_6923185653585_100105676026.jpg
京东,https://item.jd.com/10103267064546.html,蒸烤一体机FaceA1,6923185620136,10103267064546,2799,,未知,2026-04-27 14:36:08,d:\WorkSpace\01_自动化开发\App1_Price_Monitor品牌价格\price_screenshots\2026-04-27_JD_6923185620136_10103267064546.jpg
京东,https://item.jd.com/10206797283677.html,昆仑3 即热矿泉,6923185654445,10206797283677,2327.03,2999,破价警报,2026-04-27 14:36:42,d:\WorkSpace\01_自动化开发\App1_Price_Monitor品牌价格\price_screenshots\2026-04-27_JD_6923185654445_10206797283677.jpg
京东,https://item.jd.com/10202290093822.html,昆仑4 弱碱Pro 1400G,6923185655718,10202290093822,2999,3599,破价警报,2026-04-27 14:37:16,d:\WorkSpace\01_自动化开发\App1_Price_Monitor品牌价格\price_screenshots\2026-04-27_JD_6923185655718_10202290093822.jpg
京东,https://item.jd.com/100215523232.html,昆仑4 制冰台净,6923185655787,100215523232,3365.41,4399,破价警报,2026-04-27 14:37:49,d:\WorkSpace\01_自动化开发\App1_Price_Monitor品牌价格\price_screenshots\2026-04-27_JD_6923185655787_100215523232.jpg
拼多多,https://mobile.yangkeduo.com/goods.html?goods_id=912927521784,小京龙2Pro净矿,6923185656791,912927521784,1273,2499,破价警报 | 百亿补贴,2026-04-27 14:38:27,d:\WorkSpace\01_自动化开发\App1_Price_Monitor品牌价格\price_screenshots\2026-04-27_PDD_912927521784.jpg
拼多多,https://mobile.yangkeduo.com/goods.html?goods_id=908884844099,管线机2S,6923185652526,908884844099,709,1699,破价警报,2026-04-27 14:38:27,d:\WorkSpace\01_自动化开发\App1_Price_Monitor品牌价格\price_screenshots\2026-04-27_PDD_908884844099.jpg
拼多多,https://mobile.yangkeduo.com/goods.html?goods_id=908879495872,smart 前置过滤器 （VF4-A）,6923185621058,908879495872,498,499,正常,2026-04-27 14:38:27,d:\WorkSpace\01_自动化开发\App1_Price_Monitor品牌价格\price_screenshots\2026-04-27_PDD_908879495872.jpg
拼多多,https://mobile.yangkeduo.com/goods.html?goods_id=907974025123,小海豚1000G,6923185654865,907974025123,899,899,正常,2026-04-27 14:38:27,d:\WorkSpace\01_自动化开发\App1_Price_Monitor品牌价格\price_screenshots\2026-04-27_PDD_907974025123.jpg
拼多多,https://mobile.yangkeduo.com/goods.html?goods_id=907033710117,云米昆仑3矿泉净水器2S Pro,6923185656593,907033710117,2998,2899,高价待调整,2026-04-27 14:38:27,d:\WorkSpace\01_自动化开发\App1_Price_Monitor品牌价格\price_screenshots\2026-04-27_PDD_907033710117.jpg
拼多多,https://mobile.yangkeduo.com/goods.html?goods_id=873065157674,小海豚600G适用滤芯,6923185618379,873065157674,239,299,破价警报,2026-04-27 14:38:27,d:\WorkSpace\01_自动化开发\App1_Price_Monitor品牌价格\price_screenshots\2026-04-27_PDD_873065157674.jpg
拼多多,https://mobile.yangkeduo.com/goods.html?goods_id=872941778883,1000G复合滤芯,6923185653998,872941778883,288,298,破价警报,2026-04-27 14:38:28,d:\WorkSpace\01_自动化开发\App1_Price_Monitor品牌价格\price_screenshots\2026-04-27_PDD_872941778883.jpg
拼多多,https://mobile.yangkeduo.com/goods.html?goods_id=870799733097,油烟机 smart2,6923185653110,870799733097,1599,,正常,2026-04-27 14:38:28,d:\WorkSpace\01_自动化开发\App1_Price_Monitor品牌价格\price_screenshots\2026-04-27_PDD_870799733097.jpg
拼多多,https://mobile.yangkeduo.com/goods.html?goods_id=868834124642,云米AI油烟机Super升级,6923185605829,868834124642,1279,,正常,2026-04-27 14:38:28,d:\WorkSpace\01_自动化开发\App1_Price_Monitor品牌价格\price_screenshots\2026-04-27_PDD_868834124642.jpg
拼多多,https://mobile.yangkeduo.com/goods.html?goods_id=868851073714,小海豚3,6923185605867,868851073714,536.9,499,高价待调整 | 百亿补贴,2026-04-27 14:38:28,d:\WorkSpace\01_自动化开发\App1_Price_Monitor品牌价格\price_screenshots\2026-04-27_PDD_868851073714.jpg
拼多多,https://mobile.yangkeduo.com/goods.html?goods_id=862873034610,小海豚3,6923185605867,862873034610,618.8,499,高价待调整 | 百亿补贴,2026-04-27 14:38:32,d:\WorkSpace\01_自动化开发\App1_Price_Monitor品牌价格\price_screenshots\2026-04-27_PDD_862873034610.jpg
拼多多,https://mobile.yangkeduo.com/goods.html?goods_id=862584688956,门锁门禁卡,6923185654230,862584688956,25,19,高价待调整,2026-04-27 14:38:32,d:\WorkSpace\01_自动化开发\App1_Price_Monitor品牌价格\price_screenshots\2026-04-27_PDD_862584688956.jpg
拼多多,https://mobile.yangkeduo.com/goods.html?goods_id=861508688697,管线机2E,6923185650966,861508688697,1998,1599,高价待调整,2026-04-27 14:38:33,d:\WorkSpace\01_自动化开发\App1_Price_Monitor品牌价格\price_screenshots\2026-04-27_PDD_861508688697.jpg
拼多多,https://mobile.yangkeduo.com/goods.html?goods_id=852932116812,小海豚600G+滤芯套餐,S2508151538001,852932116812,772,,百亿补贴,2026-04-27 14:38:33,d:\WorkSpace\01_自动化开发\App1_Price_Monitor品牌价格\price_screenshots\2026-04-27_PDD_852932116812.jpg
拼多多,https://mobile.yangkeduo.com/goods.html?goods_id=852614628903,云米厨余垃圾处理器  PowerBox 尊享版,6923185610250,852614628903,889,,百亿补贴,2026-04-27 14:38:33,d:\WorkSpace\01_自动化开发\App1_Price_Monitor品牌价格\price_screenshots\2026-04-27_PDD_852614628903.jpg
拼多多,https://mobile.yangkeduo.com/goods.html?goods_id=852161740747,小海豚600G+,6923185653684,852161740747,899,559,高价待调整,2026-04-27 14:38:33,d:\WorkSpace\01_自动化开发\App1_Price_Monitor品牌价格\price_screenshots\2026-04-27_PDD_852161740747.jpg
拼多多,https://mobile.yangkeduo.com/goods.html?goods_id=852010588191,蓝调2Pro-JSQ30-VGW1641,6923185656869,852010588191,1099,,正常,2026-04-27 14:38:33,d:\WorkSpace\01_自动化开发\App1_Price_Monitor品牌价格\price_screenshots\2026-04-27_PDD_852010588191.jpg
拼多多,https://mobile.yangkeduo.com/goods.html?goods_id=850883552953,云米·泉先AI净水器蓝调600G+,6923185653592,850883552953,1299,999,高价待调整,2026-04-27 14:38:33,d:\WorkSpace\01_自动化开发\App1_Price_Monitor品牌价格\price_screenshots\2026-04-27_PDD_850883552953.jpg
拼多多,https://mobile.yangkeduo.com/goods.html?goods_id=850344043841,云米AI净饮机Super 2,6923185615415,850344043841,2199,1699,高价待调整,2026-04-27 14:38:33,d:\WorkSpace\01_自动化开发\App1_Price_Monitor品牌价格\price_screenshots\2026-04-27_PDD_850344043841.jpg
拼多多,https://mobile.yangkeduo.com/goods.html?goods_id=849648457333,云米AI昆仑矿泉净水机 Super 2E 2500,6923185654254,849648457333,2599,2499,高价待调整,2026-04-27 14:38:34,d:\WorkSpace\01_自动化开发\App1_Price_Monitor品牌价格\price_screenshots\2026-04-27_PDD_849648457333.jpg
拼多多,https://mobile.yangkeduo.com/goods.html?goods_id=849000374681,云米AI净水器Super 2Y 1200G,6923185653981,849000374681,1189,1899,破价警报,2026-04-27 14:38:38,d:\WorkSpace\01_自动化开发\App1_Price_Monitor品牌价格\price_screenshots\2026-04-27_PDD_849000374681.jpg
拼多多,https://mobile.yangkeduo.com/goods.html?goods_id=837301408995,云米AI冷热管线机Super2 Pro,6923185655794,837301408995,1449,1999,破价警报,2026-04-27 14:38:38,d:\WorkSpace\01_自动化开发\App1_Price_Monitor品牌价格\price_screenshots\2026-04-27_PDD_837301408995.jpg
拼多多,https://mobile.yangkeduo.com/goods.html?goods_id=832431516907,门锁普通版E30,6923185656074,832431516907,799,,正常,2026-04-27 14:38:38,d:\WorkSpace\01_自动化开发\App1_Price_Monitor品牌价格\price_screenshots\2026-04-27_PDD_832431516907.jpg
拼多多,https://mobile.yangkeduo.com/goods.html?goods_id=823432069145,手持吸尘器,6923185611844,823432069145,999,602,高价待调整,2026-04-27 14:38:38,d:\WorkSpace\01_自动化开发\App1_Price_Monitor品牌价格\price_screenshots\2026-04-27_PDD_823432069145.jpg
拼多多,https://mobile.yangkeduo.com/goods.html?goods_id=774960777953,蓝调2燃气热水器13L,6923185655688,774960777953,999,,正常,2026-04-27 14:38:38,d:\WorkSpace\01_自动化开发\App1_Price_Monitor品牌价格\price_screenshots\2026-04-27_PDD_774960777953.jpg
拼多多,https://mobile.yangkeduo.com/goods.html?goods_id=767193647325,门锁掌静脉,6923185655398,767193647325,1104,,正常,2026-04-27 14:38:39,d:\WorkSpace\01_自动化开发\App1_Price_Monitor品牌价格\price_screenshots\2026-04-27_PDD_767193647325.jpg
拼多多,https://mobile.yangkeduo.com/goods.html?goods_id=765112154467,小鲸鱼 马桶盖,6923185654537,765112154467,1199,,正常,2026-04-27 14:38:39,d:\WorkSpace\01_自动化开发\App1_Price_Monitor品牌价格\price_screenshots\2026-04-27_PDD_765112154467.jpg
拼多多,https://mobile.yangkeduo.com/goods.html?goods_id=763759392708,云米AI油烟机 鲲鹏Pro,6923185605379,763759392708,2499,,正常,2026-04-27 14:38:39,d:\WorkSpace\01_自动化开发\App1_Price_Monitor品牌价格\price_screenshots\2026-04-27_PDD_763759392708.jpg
拼多多,https://mobile.yangkeduo.com/goods.html?goods_id=761822913595,云米智能马桶 小鲸鱼 2 Pro,6923185654575,761822913595,2399,,正常,2026-04-27 14:38:39,d:\WorkSpace\01_自动化开发\App1_Price_Monitor品牌价格\price_screenshots\2026-04-27_PDD_761822913595.jpg
拼多多,https://mobile.yangkeduo.com/goods.html?goods_id=743885774552,云米蓝调智能门锁（基础版）,6923185655381,743885774552,539,,正常,2026-04-27 14:38:39,d:\WorkSpace\01_自动化开发\App1_Price_Monitor品牌价格\price_screenshots\2026-04-27_PDD_743885774552.jpg
拼多多,https://mobile.yangkeduo.com/goods.html?goods_id=739863611562,云米AI油烟机 Smart 2 Pro,6923185653516,739863611562,1499,,正常,2026-04-27 14:38:43,d:\WorkSpace\01_自动化开发\App1_Price_Monitor品牌价格\price_screenshots\2026-04-27_PDD_739863611562.jpg
拼多多,https://mobile.yangkeduo.com/goods.html?goods_id=705715580268,智能门锁锂电池(5000mAh),6923185652953,705715580268,114,99,高价待调整,2026-04-27 14:38:43,d:\WorkSpace\01_自动化开发\App1_Price_Monitor品牌价格\price_screenshots\2026-04-27_PDD_705715580268.jpg
拼多多,https://mobile.yangkeduo.com/goods.html?goods_id=661859626284,小海豚-40L-2000w热水器,6923185681281,661859626284,599,,正常,2026-04-27 14:38:43,d:\WorkSpace\01_自动化开发\App1_Price_Monitor品牌价格\price_screenshots\2026-04-27_PDD_661859626284.jpg
拼多多,https://mobile.yangkeduo.com/goods.html?goods_id=657344402006,云米油烟机蓝调,6923185650973,657344402006,1199,,正常,2026-04-27 14:38:43,d:\WorkSpace\01_自动化开发\App1_Price_Monitor品牌价格\price_screenshots\2026-04-27_PDD_657344402006.jpg
拼多多,https://mobile.yangkeduo.com/goods.html?goods_id=490426355421,500L十字门冰箱,6923185651123,490426355421,3199,,正常,2026-04-27 14:38:44,d:\WorkSpace\01_自动化开发\App1_Price_Monitor品牌价格\price_screenshots\2026-04-27_PDD_490426355421.jpg
拼多多,https://mobile.yangkeduo.com/goods.html?goods_id=484037745334,云米AI燃气灶power 5.0（天然气）,6923185654377,484037745334,1099,,正常,2026-04-27 14:38:44,d:\WorkSpace\01_自动化开发\App1_Price_Monitor品牌价格\price_screenshots\2026-04-27_PDD_484037745334.jpg
拼多多,https://mobile.yangkeduo.com/goods.html?goods_id=413986425773,蓝调智能门锁（人脸猫眼版）,6923185654650,413986425773,999,,正常,2026-04-27 14:38:44,d:\WorkSpace\01_自动化开发\App1_Price_Monitor品牌价格\price_screenshots\2026-04-27_PDD_413986425773.jpg
拼多多,https://mobile.yangkeduo.com/goods.html?goods_id=364990106384,"即热1000G,MAIN84",6923185651116,364990106384,2999,1899,高价待调整,2026-04-27 14:38:44,d:\WorkSpace\01_自动化开发\App1_Price_Monitor品牌价格\price_screenshots\2026-04-27_PDD_364990106384.jpg
拼多多,https://mobile.yangkeduo.com/goods.html?goods_id=325232192898,冰箱603,6923185650935,325232192898,2459,,正常,2026-04-27 14:38:44,d:\WorkSpace\01_自动化开发\App1_Price_Monitor品牌价格\price_screenshots\2026-04-27_PDD_325232192898.jpg
拼多多,https://mobile.yangkeduo.com/goods.html?goods_id=296957182528,复合滤芯,"6923185600138,6923185600145",296957182528,439,,正常,2026-04-27 14:38:44,d:\WorkSpace\01_自动化开发\App1_Price_Monitor品牌价格\price_screenshots\2026-04-27_PDD_296957182528.jpg
拼多多,https://mobile.yangkeduo.com/goods.html?goods_id=291141614396,F3-五合一,6923185614258,291141614396,269,298,破价警报,2026-04-27 14:38:48,d:\WorkSpace\01_自动化开发\App1_Price_Monitor品牌价格\price_screenshots\2026-04-27_PDD_291141614396.jpg
拼多多,https://mobile.yangkeduo.com/goods.html?goods_id=290543633215,复合滤芯,"6923185614258,6923185616177",290543633215,199,,正常,2026-04-27 14:38:48,d:\WorkSpace\01_自动化开发\App1_Price_Monitor品牌价格\price_screenshots\2026-04-27_PDD_290543633215.jpg
拼多多,https://mobile.yangkeduo.com/goods.html?goods_id=273348857003,云米蓝调智能门锁（基础版）,6923185655381,273348857003,538.77,,正常,2026-04-27 14:38:49,d:\WorkSpace\01_自动化开发\App1_Price_Monitor品牌价格\price_screenshots\2026-04-27_PDD_273348857003.jpg
拼多多,https://mobile.yangkeduo.com/goods.html?goods_id=264080849667,霸王锁体,6923185622154,264080849667,150,150,正常,2026-04-27 14:38:49,d:\WorkSpace\01_自动化开发\App1_Price_Monitor品牌价格\price_screenshots\2026-04-27_PDD_264080849667.jpg
拼多多,https://mobile.yangkeduo.com/goods.html?goods_id=259115850200,蓝调智能门锁（3D人脸版）,6923185654643,259115850200,699,,正常,2026-04-27 14:38:49,d:\WorkSpace\01_自动化开发\App1_Price_Monitor品牌价格\price_screenshots\2026-04-27_PDD_259115850200.jpg
拼多多,https://mobile.yangkeduo.com/goods.html?goods_id=231833573024,小烤箱6L,6923185603221,231833573024,199,174,高价待调整,2026-04-27 14:38:49,d:\WorkSpace\01_自动化开发\App1_Price_Monitor品牌价格\price_screenshots\2026-04-27_PDD_231833573024.jpg
拼多多,https://mobile.yangkeduo.com/goods.html?goods_id=225501370546,小海豚3,6923185605867,225501370546,895.5,499,高价待调整,2026-04-27 14:38:49,d:\WorkSpace\01_自动化开发\App1_Price_Monitor品牌价格\price_screenshots\2026-04-27_PDD_225501370546.jpg
拼多多,https://mobile.yangkeduo.com/goods.html?goods_id=224216987554,复合滤芯,"6923185614258,6923185615750,6923185614265",224216987554,199,,正常,2026-04-27 14:38:49,d:\WorkSpace\01_自动化开发\App1_Price_Monitor品牌价格\price_screenshots\2026-04-27_PDD_224216987554.jpg
拼多多,https://mobile.yangkeduo.com/goods.html?goods_id=220820325711,云米消毒柜（嵌入式）云米版,6923185604303,220820325711,1299,,正常,2026-04-27 14:38:49,d:\WorkSpace\01_自动化开发\App1_Price_Monitor品牌价格\price_screenshots\2026-04-27_PDD_220820325711.jpg
拼多多,https://mobile.yangkeduo.com/goods.html?goods_id=219486126363,flash烟机,6923185613664,219486126363,798.9,,百亿补贴,2026-04-27 14:38:49,d:\WorkSpace\01_自动化开发\App1_Price_Monitor品牌价格\price_screenshots\2026-04-27_PDD_219486126363.jpg
拼多多,https://mobile.yangkeduo.com/goods.html?goods_id=209406625494,蓝调智能门锁（大屏猫眼版）,6923185654667,209406625494,999,,正常,2026-04-27 14:38:54,d:\WorkSpace\01_自动化开发\App1_Price_Monitor品牌价格\price_screenshots\2026-04-27_PDD_209406625494.jpg
拼多多,https://mobile.yangkeduo.com/goods.html?goods_id=205451808289,小厨宝,6923185611233,205451808289,282,,正常,2026-04-27 14:38:54,d:\WorkSpace\01_自动化开发\App1_Price_Monitor品牌价格\price_screenshots\2026-04-27_PDD_205451808289.jpg
拼多多,https://mobile.yangkeduo.com/goods.html?goods_id=205458105137,小海豚2 1000G,6923185654865,205458105137,899,899,正常,2026-04-27 14:38:54,d:\WorkSpace\01_自动化开发\App1_Price_Monitor品牌价格\price_screenshots\2026-04-27_PDD_205458105137.jpg
拼多多,https://mobile.yangkeduo.com/goods.html?goods_id=926574119933,昆仑4弱碱 1400G,6923185655718,926574119933,3999,3599,高价待调整,2026-04-27 14:39:09,d:\WorkSpace\01_自动化开发\App1_Price_Monitor品牌价格\price_screenshots\2026-04-27_PDD_926574119933.jpg
拼多多,https://mobile.yangkeduo.com/goods.html?goods_id=925977908012,云米昆仑3矿泉净水器2S Pro,6923185656593,925977908012,2998,2899,高价待调整,2026-04-27 14:39:09,d:\WorkSpace\01_自动化开发\App1_Price_Monitor品牌价格\price_screenshots\2026-04-27_PDD_925977908012.jpg
拼多多,https://mobile.yangkeduo.com/goods.html?goods_id=925874862450,小京龙Pro1100G,6923185655220,925874862450,799,1099,破价警报 | 百亿补贴,2026-04-27 14:39:09,d:\WorkSpace\01_自动化开发\App1_Price_Monitor品牌价格\price_screenshots\2026-04-27_PDD_925874862450.jpg
拼多多,https://mobile.yangkeduo.com/goods.html?goods_id=925737084752,门锁普通版E30,6923185656074,925737084752,799,,正常,2026-04-27 14:39:09,d:\WorkSpace\01_自动化开发\App1_Price_Monitor品牌价格\price_screenshots\2026-04-27_PDD_925737084752.jpg
拼多多,https://mobile.yangkeduo.com/goods.html?goods_id=925730122772,蓝调智能门锁（大屏猫眼版）,6923185654667,925730122772,999,,正常,2026-04-27 14:39:09,d:\WorkSpace\01_自动化开发\App1_Price_Monitor品牌价格\price_screenshots\2026-04-27_PDD_925730122772.jpg
拼多多,https://mobile.yangkeduo.com/goods.html?goods_id=925730329478,云米蓝调智能门锁（基础版）,6923185655381,925730329478,729,,正常,2026-04-27 14:39:10,d:\WorkSpace\01_自动化开发\App1_Price_Monitor品牌价格\price_screenshots\2026-04-27_PDD_925730329478.jpg
拼多多,https://mobile.yangkeduo.com/goods.html?goods_id=925731404024,门锁掌静脉,6923185655398,925731404024,1499,,正常,2026-04-27 14:39:10,d:\WorkSpace\01_自动化开发\App1_Price_Monitor品牌价格\price_screenshots\2026-04-27_PDD_925731404024.jpg
拼多多,https://mobile.yangkeduo.com/goods.html?goods_id=925231209174,蓝调智能门锁（人脸猫眼版）,6923185654650,925231209174,999,,正常,2026-04-27 14:39:10,d:\WorkSpace\01_自动化开发\App1_Price_Monitor品牌价格\price_screenshots\2026-04-27_PDD_925231209174.jpg
拼多多,https://mobile.yangkeduo.com/goods.html?goods_id=925230364669,蓝调智能门锁（3D人脸版）,6923185654643,925230364669,1099,,正常,2026-04-27 14:39:10,d:\WorkSpace\01_自动化开发\App1_Price_Monitor品牌价格\price_screenshots\2026-04-27_PDD_925230364669.jpg
拼多多,https://mobile.yangkeduo.com/goods.html?goods_id=917038452382,小海豚+管线机,"S2405281401001,S2407170910001",917038452382,1349,,正常,2026-04-27 14:39:10,d:\WorkSpace\01_自动化开发\App1_Price_Monitor品牌价格\price_screenshots\2026-04-27_PDD_917038452382.jpg
拼多多,https://mobile.yangkeduo.com/goods.html?goods_id=917034829515,管线机2E,6923185650966,917034829515,869,1599,破价警报 | 百亿补贴,2026-04-27 14:39:14,d:\WorkSpace\01_自动化开发\App1_Price_Monitor品牌价格\price_screenshots\2026-04-27_PDD_917034829515.jpg
拼多多,https://mobile.yangkeduo.com/goods.html?goods_id=917032713009,管线机2S,6923185652526,917032713009,669,1699,破价警报 | 百亿补贴,2026-04-27 14:39:14,d:\WorkSpace\01_自动化开发\App1_Price_Monitor品牌价格\price_screenshots\2026-04-27_PDD_917032713009.jpg
拼多多,https://mobile.yangkeduo.com/goods.html?goods_id=917031150770,云米·泉先AI净水器蓝调600G+,6923185653592,917031150770,1299,999,高价待调整,2026-04-27 14:39:14,d:\WorkSpace\01_自动化开发\App1_Price_Monitor品牌价格\price_screenshots\2026-04-27_PDD_917031150770.jpg
拼多多,https://mobile.yangkeduo.com/goods.html?goods_id=916996455515,云米AI冷热管线机Super2 Pro,6923185655794,916996455515,1449,1999,破价警报,2026-04-27 14:39:14,d:\WorkSpace\01_自动化开发\App1_Price_Monitor品牌价格\price_screenshots\2026-04-27_PDD_916996455515.jpg
拼多多,https://mobile.yangkeduo.com/goods.html?goods_id=916452280972,900G,6923185654292,916452280972,749,1499,破价警报 | 百亿补贴,2026-04-27 14:39:14,d:\WorkSpace\01_自动化开发\App1_Price_Monitor品牌价格\price_screenshots\2026-04-27_PDD_916452280972.jpg
拼多多,https://mobile.yangkeduo.com/goods.html?goods_id=916398420768,复合滤芯,"6923185614258,6923185615750,6923185614265",916398420768,258.98,,正常,2026-04-27 14:39:15,d:\WorkSpace\01_自动化开发\App1_Price_Monitor品牌价格\price_screenshots\2026-04-27_PDD_916398420768.jpg
拼多多,https://mobile.yangkeduo.com/goods.html?goods_id=885690465484,小海豚600G+,6923185653684,885690465484,559,559,百亿补贴,2026-04-27 14:39:15,d:\WorkSpace\01_自动化开发\App1_Price_Monitor品牌价格\price_screenshots\2026-04-27_PDD_885690465484.jpg
拼多多,https://mobile.yangkeduo.com/goods.html?goods_id=882919216767,小白龙 800G+,6923185653974,882919216767,1199,1299,破价警报,2026-04-27 14:39:15,d:\WorkSpace\01_自动化开发\App1_Price_Monitor品牌价格\price_screenshots\2026-04-27_PDD_882919216767.jpg
拼多多,https://mobile.yangkeduo.com/goods.html?goods_id=912927521784,小京龙2Pro净矿,6923185656791,912927521784,1273,2499,破价警报 | 百亿补贴,2026-04-27 17:24:45,d:\WorkSpace\01_自动化开发\App1_Price_Monitor品牌价格\price_screenshots\2026-04-27_PDD_912927521784.jpg
拼多多,https://mobile.yangkeduo.com/goods.html?goods_id=908884844099,管线机2S,6923185652526,908884844099,709,1699,破价警报,2026-04-27 17:24:45,d:\WorkSpace\01_自动化开发\App1_Price_Monitor品牌价格\price_screenshots\2026-04-27_PDD_908884844099.jpg
拼多多,https://mobile.yangkeduo.com/goods.html?goods_id=908879495872,smart 前置过滤器 （VF4-A）,6923185621058,908879495872,289,499,破价警报,2026-04-27 17:24:45,d:\WorkSpace\01_自动化开发\App1_Price_Monitor品牌价格\price_screenshots\2026-04-27_PDD_908879495872.jpg
拼多多,https://mobile.yangkeduo.com/goods.html?goods_id=907974025123,小海豚1000G,6923185654865,907974025123,899,899,正常,2026-04-27 17:24:46,d:\WorkSpace\01_自动化开发\App1_Price_Monitor品牌价格\price_screenshots\2026-04-27_PDD_907974025123.jpg
拼多多,https://mobile.yangkeduo.com/goods.html?goods_id=907033710117,云米昆仑3矿泉净水器2S Pro,6923185656593,907033710117,2998,2899,高价待调整,2026-04-27 17:24:46,d:\WorkSpace\01_自动化开发\App1_Price_Monitor品牌价格\price_screenshots\2026-04-27_PDD_907033710117.jpg
拼多多,https://mobile.yangkeduo.com/goods.html?goods_id=873065157674,小海豚600G适用滤芯,6923185618379,873065157674,239,299,破价警报,2026-04-27 17:24:46,d:\WorkSpace\01_自动化开发\App1_Price_Monitor品牌价格\price_screenshots\2026-04-27_PDD_873065157674.jpg
拼多多,https://mobile.yangkeduo.com/goods.html?goods_id=872941778883,1000G复合滤芯,6923185653998,872941778883,288,298,破价警报,2026-04-27 17:24:46,d:\WorkSpace\01_自动化开发\App1_Price_Monitor品牌价格\price_screenshots\2026-04-27_PDD_872941778883.jpg
拼多多,https://mobile.yangkeduo.com/goods.html?goods_id=870799733097,油烟机 smart2,6923185653110,870799733097,1599,,正常,2026-04-27 17:24:46,d:\WorkSpace\01_自动化开发\App1_Price_Monitor品牌价格\price_screenshots\2026-04-27_PDD_870799733097.jpg
拼多多,https://mobile.yangkeduo.com/goods.html?goods_id=868834124642,云米AI油烟机Super升级,6923185605829,868834124642,1279,,正常,2026-04-27 17:24:46,d:\WorkSpace\01_自动化开发\App1_Price_Monitor品牌价格\price_screenshots\2026-04-27_PDD_868834124642.jpg
拼多多,https://mobile.yangkeduo.com/goods.html?goods_id=868851073714,小海豚3,6923185605867,868851073714,999,499,高价待调整,2026-04-27 17:24:46,d:\WorkSpace\01_自动化开发\App1_Price_Monitor品牌价格\price_screenshots\2026-04-27_PDD_868851073714.jpg
拼多多,https://mobile.yangkeduo.com/goods.html?goods_id=862873034610,小海豚3,6923185605867,862873034610,618.8,499,高价待调整 | 百亿补贴,2026-04-27 17:24:57,d:\WorkSpace\01_自动化开发\App1_Price_Monitor品牌价格\price_screenshots\2026-04-27_PDD_862873034610.jpg
拼多多,https://mobile.yangkeduo.com/goods.html?goods_id=862584688956,门锁门禁卡,6923185654230,862584688956,25,19,高价待调整,2026-04-27 17:24:57,d:\WorkSpace\01_自动化开发\App1_Price_Monitor品牌价格\price_screenshots\2026-04-27_PDD_862584688956.jpg
拼多多,https://mobile.yangkeduo.com/goods.html?goods_id=861508688697,管线机2E,6923185650966,861508688697,989,1599,破价警报,2026-04-27 17:24:57,d:\WorkSpace\01_自动化开发\App1_Price_Monitor品牌价格\price_screenshots\2026-04-27_PDD_861508688697.jpg
拼多多,https://mobile.yangkeduo.com/goods.html?goods_id=852614628903,云米厨余垃圾处理器  PowerBox 尊享版,6923185610250,852614628903,889,,百亿补贴,2026-04-27 17:24:57,d:\WorkSpace\01_自动化开发\App1_Price_Monitor品牌价格\price_screenshots\2026-04-27_PDD_852614628903.jpg
拼多多,https://mobile.yangkeduo.com/goods.html?goods_id=852161740747,小海豚600G+,6923185653684,852161740747,899,559,高价待调整,2026-04-27 17:24:57,d:\WorkSpace\01_自动化开发\App1_Price_Monitor品牌价格\price_screenshots\2026-04-27_PDD_852161740747.jpg
拼多多,https://mobile.yangkeduo.com/goods.html?goods_id=852010588191,蓝调2Pro-JSQ30-VGW1641,6923185656869,852010588191,1099,,正常,2026-04-27 17:24:57,d:\WorkSpace\01_自动化开发\App1_Price_Monitor品牌价格\price_screenshots\2026-04-27_PDD_852010588191.jpg
拼多多,https://mobile.yangkeduo.com/goods.html?goods_id=850883552953,云米·泉先AI净水器蓝调600G+,6923185653592,850883552953,649,999,破价警报,2026-04-27 17:24:58,d:\WorkSpace\01_自动化开发\App1_Price_Monitor品牌价格\price_screenshots\2026-04-27_PDD_850883552953.jpg
拼多多,https://mobile.yangkeduo.com/goods.html?goods_id=850344043841,云米AI净饮机Super 2,6923185615415,850344043841,1009,1699,破价警报,2026-04-27 17:25:02,d:\WorkSpace\01_自动化开发\App1_Price_Monitor品牌价格\price_screenshots\2026-04-27_PDD_850344043841.jpg
拼多多,https://mobile.yangkeduo.com/goods.html?goods_id=849648457333,云米AI昆仑矿泉净水机 Super 2E 2500,6923185654254,849648457333,1549,2499,破价警报,2026-04-27 17:25:02,d:\WorkSpace\01_自动化开发\App1_Price_Monitor品牌价格\price_screenshots\2026-04-27_PDD_849648457333.jpg
拼多多,https://mobile.yangkeduo.com/goods.html?goods_id=849000374681,云米AI净水器Super 2Y 1200G,6923185653981,849000374681,1189,1899,破价警报,2026-04-27 17:25:02,d:\WorkSpace\01_自动化开发\App1_Price_Monitor品牌价格\price_screenshots\2026-04-27_PDD_849000374681.jpg
拼多多,https://mobile.yangkeduo.com/goods.html?goods_id=837301408995,云米AI冷热管线机Super2 Pro,6923185655794,837301408995,1449,1999,破价警报,2026-04-27 17:25:11,d:\WorkSpace\01_自动化开发\App1_Price_Monitor品牌价格\price_screenshots\2026-04-27_PDD_837301408995.jpg
拼多多,https://mobile.yangkeduo.com/goods.html?goods_id=832431516907,门锁普通版E30,6923185656074,832431516907,569,,正常,2026-04-27 17:25:11,d:\WorkSpace\01_自动化开发\App1_Price_Monitor品牌价格\price_screenshots\2026-04-27_PDD_832431516907.jpg
拼多多,https://mobile.yangkeduo.com/goods.html?goods_id=823432069145,手持吸尘器,6923185611844,823432069145,999,602,高价待调整,2026-04-27 17:25:11,d:\WorkSpace\01_自动化开发\App1_Price_Monitor品牌价格\price_screenshots\2026-04-27_PDD_823432069145.jpg
拼多多,https://mobile.yangkeduo.com/goods.html?goods_id=774960777953,蓝调2燃气热水器13L,6923185655688,774960777953,679,,正常,2026-04-27 17:25:12,d:\WorkSpace\01_自动化开发\App1_Price_Monitor品牌价格\price_screenshots\2026-04-27_PDD_774960777953.jpg
拼多多,https://mobile.yangkeduo.com/goods.html?goods_id=767193647325,门锁掌静脉,6923185655398,767193647325,1104,,正常,2026-04-27 17:25:12,d:\WorkSpace\01_自动化开发\App1_Price_Monitor品牌价格\price_screenshots\2026-04-27_PDD_767193647325.jpg
拼多多,https://mobile.yangkeduo.com/goods.html?goods_id=765112154467,小鲸鱼 马桶盖,6923185654537,765112154467,699,,正常,2026-04-27 17:25:12,d:\WorkSpace\01_自动化开发\App1_Price_Monitor品牌价格\price_screenshots\2026-04-27_PDD_765112154467.jpg
拼多多,https://mobile.yangkeduo.com/goods.html?goods_id=763759392708,云米AI油烟机 鲲鹏Pro,6923185605379,763759392708,2499,,正常,2026-04-27 17:25:12,d:\WorkSpace\01_自动化开发\App1_Price_Monitor品牌价格\price_screenshots\2026-04-27_PDD_763759392708.jpg
拼多多,https://mobile.yangkeduo.com/goods.html?goods_id=761822913595,云米智能马桶 小鲸鱼 2 Pro,6923185654575,761822913595,2399,,正常,2026-04-27 17:25:12,d:\WorkSpace\01_自动化开发\App1_Price_Monitor品牌价格\price_screenshots\2026-04-27_PDD_761822913595.jpg
拼多多,https://mobile.yangkeduo.com/goods.html?goods_id=743885774552,云米蓝调智能门锁（基础版）,6923185655381,743885774552,499,,正常,2026-04-27 17:25:12,d:\WorkSpace\01_自动化开发\App1_Price_Monitor品牌价格\price_screenshots\2026-04-27_PDD_743885774552.jpg
拼多多,https://mobile.yangkeduo.com/goods.html?goods_id=739863611562,云米AI油烟机 Smart 2 Pro,6923185653516,739863611562,1499,,正常,2026-04-27 17:25:12,d:\WorkSpace\01_自动化开发\App1_Price_Monitor品牌价格\price_screenshots\2026-04-27_PDD_739863611562.jpg
拼多多,https://mobile.yangkeduo.com/goods.html?goods_id=705715580268,智能门锁锂电池(5000mAh),6923185652953,705715580268,114,99,高价待调整,2026-04-27 17:25:23,d:\WorkSpace\01_自动化开发\App1_Price_Monitor品牌价格\price_screenshots\2026-04-27_PDD_705715580268.jpg
拼多多,https://mobile.yangkeduo.com/goods.html?goods_id=661859626284,小海豚-40L-2000w热水器,6923185681281,661859626284,599,,正常,2026-04-27 17:25:24,d:\WorkSpace\01_自动化开发\App1_Price_Monitor品牌价格\price_screenshots\2026-04-27_PDD_661859626284.jpg
拼多多,https://mobile.yangkeduo.com/goods.html?goods_id=657344402006,云米油烟机蓝调,6923185650973,657344402006,859,,正常,2026-04-27 17:25:24,d:\WorkSpace\01_自动化开发\App1_Price_Monitor品牌价格\price_screenshots\2026-04-27_PDD_657344402006.jpg
拼多多,https://mobile.yangkeduo.com/goods.html?goods_id=490426355421,500L十字门冰箱,6923185651123,490426355421,3199,,正常,2026-04-27 17:25:24,d:\WorkSpace\01_自动化开发\App1_Price_Monitor品牌价格\price_screenshots\2026-04-27_PDD_490426355421.jpg
拼多多,https://mobile.yangkeduo.com/goods.html?goods_id=484037745334,云米AI燃气灶power 5.0（天然气）,6923185654377,484037745334,1099,,正常,2026-04-27 17:25:24,d:\WorkSpace\01_自动化开发\App1_Price_Monitor品牌价格\price_screenshots\2026-04-27_PDD_484037745334.jpg
拼多多,https://mobile.yangkeduo.com/goods.html?goods_id=413986425773,蓝调智能门锁（人脸猫眼版）,6923185654650,413986425773,709,,正常,2026-04-27 17:25:24,d:\WorkSpace\01_自动化开发\App1_Price_Monitor品牌价格\price_screenshots\2026-04-27_PDD_413986425773.jpg
拼多多,https://mobile.yangkeduo.com/goods.html?goods_id=364990106384,"即热1000G,MAIN84",6923185651116,364990106384,2999,1899,高价待调整,2026-04-27 17:25:24,d:\WorkSpace\01_自动化开发\App1_Price_Monitor品牌价格\price_screenshots\2026-04-27_PDD_364990106384.jpg
拼多多,https://mobile.yangkeduo.com/goods.html?goods_id=325232192898,冰箱603,6923185650935,325232192898,2459,,正常,2026-04-27 17:25:24,d:\WorkSpace\01_自动化开发\App1_Price_Monitor品牌价格\price_screenshots\2026-04-27_PDD_325232192898.jpg
拼多多,https://mobile.yangkeduo.com/goods.html?goods_id=296957182528,复合滤芯,"6923185600138,6923185600145",296957182528,439,,正常,2026-04-27 17:25:25,d:\WorkSpace\01_自动化开发\App1_Price_Monitor品牌价格\price_screenshots\2026-04-27_PDD_296957182528.jpg
拼多多,https://mobile.yangkeduo.com/goods.html?goods_id=291141614396,F3-五合一,6923185614258,291141614396,269,298,破价警报,2026-04-27 17:25:25,d:\WorkSpace\01_自动化开发\App1_Price_Monitor品牌价格\price_screenshots\2026-04-27_PDD_291141614396.jpg
拼多多,https://mobile.yangkeduo.com/goods.html?goods_id=290543633215,复合滤芯,"6923185614258,6923185616177",290543633215,199,,正常,2026-04-27 17:25:36,d:\WorkSpace\01_自动化开发\App1_Price_Monitor品牌价格\price_screenshots\2026-04-27_PDD_290543633215.jpg
拼多多,https://mobile.yangkeduo.com/goods.html?goods_id=273348857003,云米蓝调智能门锁（基础版）,6923185655381,273348857003,499,,正常,2026-04-27 17:25:36,d:\WorkSpace\01_自动化开发\App1_Price_Monitor品牌价格\price_screenshots\2026-04-27_PDD_273348857003.jpg
拼多多,https://mobile.yangkeduo.com/goods.html?goods_id=264080849667,霸王锁体,6923185622154,264080849667,150,150,正常,2026-04-27 17:25:36,d:\WorkSpace\01_自动化开发\App1_Price_Monitor品牌价格\price_screenshots\2026-04-27_PDD_264080849667.jpg
拼多多,https://mobile.yangkeduo.com/goods.html?goods_id=259115850200,蓝调智能门锁（3D人脸版）,6923185654643,259115850200,629,,正常,2026-04-27 17:25:36,d:\WorkSpace\01_自动化开发\App1_Price_Monitor品牌价格\price_screenshots\2026-04-27_PDD_259115850200.jpg
拼多多,https://mobile.yangkeduo.com/goods.html?goods_id=231833573024,小烤箱6L,6923185603221,231833573024,199,174,高价待调整,2026-04-27 17:25:36,d:\WorkSpace\01_自动化开发\App1_Price_Monitor品牌价格\price_screenshots\2026-04-27_PDD_231833573024.jpg
拼多多,https://mobile.yangkeduo.com/goods.html?goods_id=225501370546,小海豚3,6923185605867,225501370546,895.5,499,高价待调整,2026-04-27 17:25:36,d:\WorkSpace\01_自动化开发\App1_Price_Monitor品牌价格\price_screenshots\2026-04-27_PDD_225501370546.jpg
拼多多,https://mobile.yangkeduo.com/goods.html?goods_id=224216987554,复合滤芯,"6923185614258,6923185615750,6923185614265",224216987554,199,,正常,2026-04-27 17:25:37,d:\WorkSpace\01_自动化开发\App1_Price_Monitor品牌价格\price_screenshots\2026-04-27_PDD_224216987554.jpg
拼多多,https://mobile.yangkeduo.com/goods.html?goods_id=220820325711,云米消毒柜（嵌入式）云米版,6923185604303,220820325711,899,,正常,2026-04-27 17:25:37,d:\WorkSpace\01_自动化开发\App1_Price_Monitor品牌价格\price_screenshots\2026-04-27_PDD_220820325711.jpg
拼多多,https://mobile.yangkeduo.com/goods.html?goods_id=219486126363,flash烟机,6923185613664,219486126363,798.9,,百亿补贴,2026-04-27 17:25:37,d:\WorkSpace\01_自动化开发\App1_Price_Monitor品牌价格\price_screenshots\2026-04-27_PDD_219486126363.jpg
拼多多,https://mobile.yangkeduo.com/goods.html?goods_id=209406625494,蓝调智能门锁（大屏猫眼版）,6923185654667,209406625494,999,,正常,2026-04-27 17:25:37,d:\WorkSpace\01_自动化开发\App1_Price_Monitor品牌价格\price_screenshots\2026-04-27_PDD_209406625494.jpg
拼多多,https://mobile.yangkeduo.com/goods.html?goods_id=205451808289,小厨宝,6923185611233,205451808289,282,,正常,2026-04-27 17:25:47,d:\WorkSpace\01_自动化开发\App1_Price_Monitor品牌价格\price_screenshots\2026-04-27_PDD_205451808289.jpg
拼多多,https://mobile.yangkeduo.com/goods.html?goods_id=205458105137,小海豚2 1000G,6923185654865,205458105137,899,899,正常,2026-04-27 17:25:48,d:\WorkSpace\01_自动化开发\App1_Price_Monitor品牌价格\price_screenshots\2026-04-27_PDD_205458105137.jpg
拼多多2,https://mobile.yangkeduo.com/goods.html?goods_id=926574119933,昆仑4弱碱 1400G,6923185655718,926574119933,3999,3599,高价待调整,2026-04-27 17:26:07,d:\WorkSpace\01_自动化开发\App1_Price_Monitor品牌价格\price_screenshots\2026-04-27_PDD_926574119933.jpg
拼多多2,https://mobile.yangkeduo.com/goods.html?goods_id=925977908012,云米昆仑3矿泉净水器2S Pro,6923185656593,925977908012,2998,2899,高价待调整,2026-04-27 17:26:07,d:\WorkSpace\01_自动化开发\App1_Price_Monitor品牌价格\price_screenshots\2026-04-27_PDD_925977908012.jpg
拼多多2,https://mobile.yangkeduo.com/goods.html?goods_id=925874862450,小京龙Pro1100G,6923185655220,925874862450,799,1099,破价警报 | 百亿补贴,2026-04-27 17:26:07,d:\WorkSpace\01_自动化开发\App1_Price_Monitor品牌价格\price_screenshots\2026-04-27_PDD_925874862450.jpg
拼多多2,https://mobile.yangkeduo.com/goods.html?goods_id=925737084752,门锁普通版E30,6923185656074,925737084752,799,,正常,2026-04-27 17:26:07,d:\WorkSpace\01_自动化开发\App1_Price_Monitor品牌价格\price_screenshots\2026-04-27_PDD_925737084752.jpg
拼多多2,https://mobile.yangkeduo.com/goods.html?goods_id=925730122772,蓝调智能门锁（大屏猫眼版）,6923185654667,925730122772,999,,正常,2026-04-27 17:26:07,d:\WorkSpace\01_自动化开发\App1_Price_Monitor品牌价格\price_screenshots\2026-04-27_PDD_925730122772.jpg
拼多多2,https://mobile.yangkeduo.com/goods.html?goods_id=925730329478,云米蓝调智能门锁（基础版）,6923185655381,925730329478,729,,正常,2026-04-27 17:26:07,d:\WorkSpace\01_自动化开发\App1_Price_Monitor品牌价格\price_screenshots\2026-04-27_PDD_925730329478.jpg
拼多多2,https://mobile.yangkeduo.com/goods.html?goods_id=925731404024,门锁掌静脉,6923185655398,925731404024,1499,,正常,2026-04-27 17:26:08,d:\WorkSpace\01_自动化开发\App1_Price_Monitor品牌价格\price_screenshots\2026-04-27_PDD_925731404024.jpg
拼多多2,https://mobile.yangkeduo.com/goods.html?goods_id=925231209174,蓝调智能门锁（人脸猫眼版）,6923185654650,925231209174,999,,正常,2026-04-27 17:26:08,d:\WorkSpace\01_自动化开发\App1_Price_Monitor品牌价格\price_screenshots\2026-04-27_PDD_925231209174.jpg
拼多多2,https://mobile.yangkeduo.com/goods.html?goods_id=925230364669,蓝调智能门锁（3D人脸版）,6923185654643,925230364669,1099,,正常,2026-04-27 17:26:08,d:\WorkSpace\01_自动化开发\App1_Price_Monitor品牌价格\price_screenshots\2026-04-27_PDD_925230364669.jpg
拼多多2,https://mobile.yangkeduo.com/goods.html?goods_id=917038452382,小海豚+管线机,"S2405281401001,S2407170910001",917038452382,1349,,正常,2026-04-27 17:26:08,d:\WorkSpace\01_自动化开发\App1_Price_Monitor品牌价格\price_screenshots\2026-04-27_PDD_917038452382.jpg
拼多多2,https://mobile.yangkeduo.com/goods.html?goods_id=917034829515,管线机2E,6923185650966,917034829515,869,1599,破价警报 | 百亿补贴,2026-04-27 17:26:12,d:\WorkSpace\01_自动化开发\App1_Price_Monitor品牌价格\price_screenshots\2026-04-27_PDD_917034829515.jpg
拼多多2,https://mobile.yangkeduo.com/goods.html?goods_id=917032713009,管线机2S,6923185652526,917032713009,669,1699,破价警报 | 百亿补贴,2026-04-27 17:26:12,d:\WorkSpace\01_自动化开发\App1_Price_Monitor品牌价格\price_screenshots\2026-04-27_PDD_917032713009.jpg
拼多多2,https://mobile.yangkeduo.com/goods.html?goods_id=917031150770,云米·泉先AI净水器蓝调600G+,6923185653592,917031150770,1299,999,高价待调整,2026-04-27 17:26:13,d:\WorkSpace\01_自动化开发\App1_Price_Monitor品牌价格\price_screenshots\2026-04-27_PDD_917031150770.jpg
拼多多2,https://mobile.yangkeduo.com/goods.html?goods_id=916996455515,云米AI冷热管线机Super2 Pro,6923185655794,916996455515,1449,1999,破价警报,2026-04-27 17:26:13,d:\WorkSpace\01_自动化开发\App1_Price_Monitor品牌价格\price_screenshots\2026-04-27_PDD_916996455515.jpg
拼多多2,https://mobile.yangkeduo.com/goods.html?goods_id=916452280972,900G,6923185654292,916452280972,749,1499,破价警报 | 百亿补贴,2026-04-27 17:26:13,d:\WorkSpace\01_自动化开发\App1_Price_Monitor品牌价格\price_screenshots\2026-04-27_PDD_916452280972.jpg
拼多多2,https://mobile.yangkeduo.com/goods.html?goods_id=916398420768,复合滤芯,"6923185614258,6923185615750,6923185614265",916398420768,258.98,,正常,2026-04-27 17:26:13,d:\WorkSpace\01_自动化开发\App1_Price_Monitor品牌价格\price_screenshots\2026-04-27_PDD_916398420768.jpg
拼多多2,https://mobile.yangkeduo.com/goods.html?goods_id=915797572693,600G滤芯套餐,S2412282008001,915797572693,904,,正常,2026-04-27 17:26:13,d:\WorkSpace\01_自动化开发\App1_Price_Monitor品牌价格\price_screenshots\2026-04-27_PDD_915797572693.jpg
拼多多2,https://mobile.yangkeduo.com/goods.html?goods_id=885690465484,小海豚600G+,6923185653684,885690465484,559,559,百亿补贴,2026-04-27 17:26:13,d:\WorkSpace\01_自动化开发\App1_Price_Monitor品牌价格\price_screenshots\2026-04-27_PDD_885690465484.jpg
拼多多2,https://mobile.yangkeduo.com/goods.html?goods_id=882919216767,小白龙 800G+,6923185653974,882919216767,1199,1299,破价警报,2026-04-27 17:26:13,d:\WorkSpace\01_自动化开发\App1_Price_Monitor品牌价格\price_screenshots\2026-04-27_PDD_882919216767.jpg
京东,https://item.jd.com/100124625239.html,云米小厨宝6L,6923185611233,100124625239,299,,未知,2026-04-28 09:15:31,d:\WorkSpace\01_自动化开发\App1_Price_Monitor品牌价格\price_screenshots\2026-04-28_JD_6923185611233_100124625239.jpg
京东,https://item.jd.com/10089201209435.html,云米小厨宝6L,6923185611233,10089201209435,299,,未知,2026-04-28 09:16:04,d:\WorkSpace\01_自动化开发\App1_Price_Monitor品牌价格\price_screenshots\2026-04-28_JD_6923185611233_10089201209435.jpg
京东,https://item.jd.com/10192759343298.html,门锁普通版E30,6923185656074,10192759343298,569.39,,未知,2026-04-28 09:16:36,d:\WorkSpace\01_自动化开发\App1_Price_Monitor品牌价格\price_screenshots\2026-04-28_JD_6923185656074_10192759343298.jpg
京东,https://item.jd.com/10196375716835.html,门锁普通版E30,6923185656074,10196375716835,499,,未知,2026-04-28 09:17:09,d:\WorkSpace\01_自动化开发\App1_Price_Monitor品牌价格\price_screenshots\2026-04-28_JD_6923185656074_10196375716835.jpg
京东,https://item.jd.com/100013447067.html,smart 前置过滤器 （VF4-A）,6923185621058,100013447067,288.57,499,破价警报,2026-04-28 09:17:42,d:\WorkSpace\01_自动化开发\App1_Price_Monitor品牌价格\price_screenshots\2026-04-28_JD_6923185621058_100013447067.jpg
京东,https://item.jd.com/100147404880.html,smart 3,6923185654773,100147404880,509.15,,未知,2026-04-28 09:18:15,d:\WorkSpace\01_自动化开发\App1_Price_Monitor品牌价格\price_screenshots\2026-04-28_JD_6923185654773_100147404880.jpg
京东,https://item.jd.com/10095813745701.html,云米电热水器X1（50L）,6923185614920,10095813745701,539,,未知,2026-04-28 09:18:46,d:\WorkSpace\01_自动化开发\App1_Price_Monitor品牌价格\price_screenshots\2026-04-28_JD_6923185614920_10095813745701.jpg
京东,https://item.jd.com/10095813745702.html,云米电热水器X1（60L）,6923185614937,10095813745702,569,,未知,2026-04-28 09:19:18,d:\WorkSpace\01_自动化开发\App1_Price_Monitor品牌价格\price_screenshots\2026-04-28_JD_6923185614937_10095813745702.jpg
京东,https://item.jd.com/10097111681728.html,云米电热水器X1（60L）,6923185614937,10097111681728,569,,未知,2026-04-28 09:19:51,d:\WorkSpace\01_自动化开发\App1_Price_Monitor品牌价格\price_screenshots\2026-04-28_JD_6923185614937_10097111681728.jpg
京东,https://item.jd.com/10154100555262.html,云米蓝调智能门锁（基础版）,6923185655381,10154100555262,493.88,,未知,2026-04-28 09:20:26,d:\WorkSpace\01_自动化开发\App1_Price_Monitor品牌价格\price_screenshots\2026-04-28_JD_6923185655381_10154100555262.jpg
京东,https://item.jd.com/100070514318.html,云米AI燃气灶 Super   5.2（天然气）,6923185650348,100070514318,Not Found,,抓取失败,2026-04-28 09:20:55,d:\WorkSpace\01_自动化开发\App1_Price_Monitor品牌价格\error_screenshots\fail_JD_100070514318.png
京东,https://item.jd.com/100167111601.html,蓝调2燃气热水器13L,6923185655688,100167111601,Not Found,,抓取失败,2026-04-28 09:21:24,d:\WorkSpace\01_自动化开发\App1_Price_Monitor品牌价格\error_screenshots\fail_JD_100167111601.png
京东,https://item.jd.com/10176913186809.html,蓝调2燃气热水器13L,6923185655688,10176913186809,Not Found,,抓取失败,2026-04-28 09:21:50,d:\WorkSpace\01_自动化开发\App1_Price_Monitor品牌价格\error_screenshots\fail_JD_10176913186809.png
京东,https://item.jd.com/10092678440219.html,super5.0灶具（天然气）,6923185649656,10092678440219,Not Found,,抓取失败,2026-04-28 09:22:18,d:\WorkSpace\01_自动化开发\App1_Price_Monitor品牌价格\error_screenshots\fail_JD_10092678440219.png
京东,https://item.jd.com/100118324669.html,云米·泉先前置过滤器 Super,6923185649885,100118324669,Not Found,699,抓取失败,2026-04-28 09:22:45,d:\WorkSpace\01_自动化开发\App1_Price_Monitor品牌价格\error_screenshots\fail_JD_100118324669.png
京东,https://item.jd.com/10143724381196.html,云米·泉先前置过滤器 Super,6923185649885,10143724381196,599,699,破价警报,2026-04-28 09:23:07,d:\WorkSpace\01_自动化开发\App1_Price_Monitor品牌价格\price_screenshots\2026-04-28_JD_6923185649885_10143724381196.jpg
京东,https://item.jd.com/100028611839.html,云米AI电热水器 小蓝调50L,6923185649076,100028611839,636.65,,未知,2026-04-28 09:23:39,d:\WorkSpace\01_自动化开发\App1_Price_Monitor品牌价格\price_screenshots\2026-04-28_JD_6923185649076_100028611839.jpg
京东,https://item.jd.com/10114364850989.html,小鲸鱼 马桶盖,6923185654537,10114364850989,698.4,,未知,2026-04-28 09:24:12,d:\WorkSpace\01_自动化开发\App1_Price_Monitor品牌价格\price_screenshots\2026-04-28_JD_6923185654537_10114364850989.jpg
京东,https://item.jd.com/10168369255857.html,蓝调智能门锁（大屏猫眼版）,6923185654667,10168369255857,649.4,,未知,2026-04-28 09:24:45,d:\WorkSpace\01_自动化开发\App1_Price_Monitor品牌价格\price_screenshots\2026-04-28_JD_6923185654667_10168369255857.jpg
京东,https://item.jd.com/10152123375420.html,蓝调智能门锁（3D人脸版）,6923185654643,10152123375420,629.92,,未知,2026-04-28 09:25:16,d:\WorkSpace\01_自动化开发\App1_Price_Monitor品牌价格\price_screenshots\2026-04-28_JD_6923185654643_10152123375420.jpg
京东,https://item.jd.com/10075265423716.html,5.0KW聚能猛火灶,6923185650331,10075265423716,Not Found,,抓取失败,2026-04-28 09:25:39,d:\WorkSpace\01_自动化开发\App1_Price_Monitor品牌价格\error_screenshots\fail_JD_10075265423716.png
京东,https://item.jd.com/10152130264576.html,蓝调智能门锁（人脸猫眼版）,6923185654650,10152130264576,700,,未知,2026-04-28 09:25:56,d:\WorkSpace\01_自动化开发\App1_Price_Monitor品牌价格\price_screenshots\2026-04-28_JD_6923185654650_10152130264576.jpg
京东,https://item.jd.com/10101734415931.html,云米油烟机蓝调,6923185650973,10101734415931,859,,未知,2026-04-28 09:26:14,d:\WorkSpace\01_自动化开发\App1_Price_Monitor品牌价格\price_screenshots\2026-04-28_JD_6923185650973_10101734415931.jpg
京东,https://item.jd.com/10089284956258.html,flash烟机,6923185613664,10089284956258,899,,未知,2026-04-28 09:26:31,d:\WorkSpace\01_自动化开发\App1_Price_Monitor品牌价格\price_screenshots\2026-04-28_JD_6923185613664_10089284956258.jpg
京东,https://item.jd.com/10110061303564.html,云米互联网油烟机Flash,6923185613664,10110061303564,899,,未知,2026-04-28 09:26:48,d:\WorkSpace\01_自动化开发\App1_Price_Monitor品牌价格\price_screenshots\2026-04-28_JD_6923185613664_10110061303564.jpg
京东,https://item.jd.com/10110061303564.html,flash烟机,6923185613664,10110061303564,899,,未知,2026-04-28 09:27:06,d:\WorkSpace\01_自动化开发\App1_Price_Monitor品牌价格\price_screenshots\2026-04-28_JD_6923185613664_10110061303564.jpg
京东,https://item.jd.com/10090594806936.html,flash烟机,6923185613664,10090594806936,899,,未知,2026-04-28 09:27:24,d:\WorkSpace\01_自动化开发\App1_Price_Monitor品牌价格\price_screenshots\2026-04-28_JD_6923185613664_10090594806936.jpg
京东,https://item.jd.com/10089198115504.html,免镁棒-60L-3000w热水器,6923185611899,10089198115504,Not Found,,抓取失败,2026-04-28 09:27:41,d:\WorkSpace\01_自动化开发\App1_Price_Monitor品牌价格\error_screenshots\fail_JD_10089198115504.png
京东,https://item.jd.com/10093429580106.html,云米厨余垃圾处理器  PowerBox 尊享版,6923185610250,10093429580106,806.65,,未知,2026-04-28 09:27:58,d:\WorkSpace\01_自动化开发\App1_Price_Monitor品牌价格\price_screenshots\2026-04-28_JD_6923185610250_10093429580106.jpg
京东,https://item.jd.com/10168128067583.html,云米厨余垃圾处理器  PowerBox 尊享版,6923185610250,10168128067583,899,,未知,2026-04-28 09:28:17,d:\WorkSpace\01_自动化开发\App1_Price_Monitor品牌价格\price_screenshots\2026-04-28_JD_6923185610250_10168128067583.jpg
京东,https://item.jd.com/10091941834784.html,云米消毒柜（嵌入式）云米版,6923185604303,10091941834784,899,,未知,2026-04-28 09:28:50,d:\WorkSpace\01_自动化开发\App1_Price_Monitor品牌价格\price_screenshots\2026-04-28_JD_6923185604303_10091941834784.jpg
京东,https://item.jd.com/10103268736846.html,云米消毒柜（嵌入式）云米版,6923185604303,10103268736846,899,,未知,2026-04-28 09:29:22,d:\WorkSpace\01_自动化开发\App1_Price_Monitor品牌价格\price_screenshots\2026-04-28_JD_6923185604303_10103268736846.jpg
京东,https://item.jd.com/10105870187513.html,云米·泉先AI净水器蓝调600G+,6923185653592,10105870187513,648,999,破价警报,2026-04-28 09:29:55,d:\WorkSpace\01_自动化开发\App1_Price_Monitor品牌价格\price_screenshots\2026-04-28_JD_6923185653592_10105870187513.jpg
京东,https://item.jd.com/100220432807.html,蓝调2Pro-JSQ30-VGW1641,6923185656869,100220432807,1099,,未知,2026-04-28 09:30:39,d:\WorkSpace\01_自动化开发\App1_Price_Monitor品牌价格\price_screenshots\2026-04-28_JD_6923185656869_100220432807.jpg
京东,https://item.jd.com/100020870125.html,云米空调1匹两用挂机iCool 2T,S1648526111232,100020870125,1349,1099,高价待调整,2026-04-28 09:31:13,d:\WorkSpace\01_自动化开发\App1_Price_Monitor品牌价格\price_screenshots\2026-04-28_JD_S1648526111232_100020870125.jpg
京东,https://item.jd.com/10192764613659.html,门锁掌静脉,6923185655398,10192764613659,1067,,未知,2026-04-28 09:31:46,d:\WorkSpace\01_自动化开发\App1_Price_Monitor品牌价格\price_screenshots\2026-04-28_JD_6923185655398_10192764613659.jpg
京东,https://item.jd.com/100193851271.html,云米蓝调系列多功能冰沙机,6923185656135,100193851271,2787.8,,未知,2026-04-28 09:32:22,d:\WorkSpace\01_自动化开发\App1_Price_Monitor品牌价格\price_screenshots\2026-04-28_JD_6923185656135_100193851271.jpg
京东,https://item.jd.com/100147404904.html,云米AI油烟机 Smart 2 Pro,6923185653516,100147404904,1399,,未知,2026-04-28 09:32:51,d:\WorkSpace\01_自动化开发\App1_Price_Monitor品牌价格\price_screenshots\2026-04-28_JD_6923185653516_100147404904.jpg
京东,https://item.jd.com/10089254213735.html,flash烟机+power5.0（天然气）,S2409261034001,10089254213735,1299,1399,破价警报,2026-04-28 09:33:25,d:\WorkSpace\01_自动化开发\App1_Price_Monitor品牌价格\price_screenshots\2026-04-28_JD_S2409261034001_10089254213735.jpg
京东,https://item.jd.com/100223552856.html,小京龙900G,6923185654292,100223552856,898.87,1499,破价警报,2026-04-28 09:33:59,d:\WorkSpace\01_自动化开发\App1_Price_Monitor品牌价格\price_screenshots\2026-04-28_JD_6923185654292_100223552856.jpg
京东,https://item.jd.com/10143719582452.html,云米·泉先 AI冷热管线机 Super 2E,6923185650966,10143719582452,989.1,1599,破价警报,2026-04-28 09:34:34,d:\WorkSpace\01_自动化开发\App1_Price_Monitor品牌价格\price_screenshots\2026-04-28_JD_6923185650966_10143719582452.jpg
京东,https://item.jd.com/100309470648.html,云米AI油烟机Super升级,6923185605829,100309470648,1499,,未知,2026-04-28 09:35:10,d:\WorkSpace\01_自动化开发\App1_Price_Monitor品牌价格\price_screenshots\2026-04-28_JD_6923185605829_100309470648.jpg
京东,https://item.jd.com/100094220985.html,云米·泉先AI管线机Master2S,6923185652526,100094220985,705.48,1699,破价警报,2026-04-28 09:35:43,d:\WorkSpace\01_自动化开发\App1_Price_Monitor品牌价格\price_screenshots\2026-04-28_JD_6923185652526_100094220985.jpg
京东,https://item.jd.com/10111293867587.html,云米·泉先AI管线机Master2S,6923185652526,10111293867587,944.35,1699,破价警报,2026-04-28 09:36:04,d:\WorkSpace\01_自动化开发\App1_Price_Monitor品牌价格\price_screenshots\2026-04-28_JD_6923185652526_10111293867587.jpg
京东,https://item.jd.com/100141797446.html,鲜活泉系列 Smart 1000G(小竹泉）,6923185654247,100141797446,960.61,1699,破价警报,2026-04-28 09:36:36,d:\WorkSpace\01_自动化开发\App1_Price_Monitor品牌价格\price_screenshots\2026-04-28_JD_6923185654247_100141797446.jpg
京东,https://item.jd.com/100193748406.html,云米AI净饮机Super 2,6923185615415,100193748406,1062.36,1699,破价警报,2026-04-28 09:37:08,d:\WorkSpace\01_自动化开发\App1_Price_Monitor品牌价格\price_screenshots\2026-04-28_JD_6923185615415_100193748406.jpg
京东,https://item.jd.com/10190216497508.html,云米AI净饮机Super 2,6923185615415,10190216497508,1002.76,1699,破价警报,2026-04-28 09:37:40,d:\WorkSpace\01_自动化开发\App1_Price_Monitor品牌价格\price_screenshots\2026-04-28_JD_6923185615415_10190216497508.jpg
京东,https://item.jd.com/100113886253.html,云米AI净水器Super 2Y 1200G,6923185653981,100113886253,1185.42,1899,破价警报,2026-04-28 09:38:13,d:\WorkSpace\01_自动化开发\App1_Price_Monitor品牌价格\price_screenshots\2026-04-28_JD_6923185653981_100113886253.jpg
京东,https://item.jd.com/100152351404.html,云米AI净水器Super 2Y 1200G,6923185653981,100152351404,3511.27,1899,高价待调整,2026-04-28 09:38:45,d:\WorkSpace\01_自动化开发\App1_Price_Monitor品牌价格\price_screenshots\2026-04-28_JD_6923185653981_100152351404.jpg
京东,https://item.jd.com/10109665694149.html,云米AI净水器Super 2Y 1200G,6923185653981,10109665694149,1189.75,1899,破价警报,2026-04-28 09:39:20,d:\WorkSpace\01_自动化开发\App1_Price_Monitor品牌价格\price_screenshots\2026-04-28_JD_6923185653981_10109665694149.jpg
京东,https://item.jd.com/10137116625841.html,"即热1000G,MAIN84",6923185651116,10137116625841,1359.15,1899,破价警报,2026-04-28 09:39:52,d:\WorkSpace\01_自动化开发\App1_Price_Monitor品牌价格\price_screenshots\2026-04-28_JD_6923185651116_10137116625841.jpg
京东,https://item.jd.com/100216835595.html,云米AI冷热管线机Super2 Pro,6923185655794,100216835595,1448.68,1999,破价警报,2026-04-28 09:40:25,d:\WorkSpace\01_自动化开发\App1_Price_Monitor品牌价格\price_screenshots\2026-04-28_JD_6923185655794_100216835595.jpg
京东,https://item.jd.com/10190163229722.html,云米AI冷热管线机Super2 Pro,6923185655794,10190163229722,1598.99,1999,破价警报,2026-04-28 09:40:58,d:\WorkSpace\01_自动化开发\App1_Price_Monitor品牌价格\price_screenshots\2026-04-28_JD_6923185655794_10190163229722.jpg
京东,https://item.jd.com/10190186867694.html,云米AI冷热管线机Super2 Pro,6923185655794,10190186867694,1699,1999,破价警报,2026-04-28 09:41:31,d:\WorkSpace\01_自动化开发\App1_Price_Monitor品牌价格\price_screenshots\2026-04-28_JD_6923185655794_10190186867694.jpg
京东,https://item.jd.com/10130854696036.html,云米智能马桶 小鲸鱼 2 Pro,6923185654575,10130854696036,2398.7,,未知,2026-04-28 09:42:04,d:\WorkSpace\01_自动化开发\App1_Price_Monitor品牌价格\price_screenshots\2026-04-28_JD_6923185654575_10130854696036.jpg
京东,https://item.jd.com/100167111617.html,云米AI油烟机 鲲鹏Pro,6923185605379,100167111617,2489,,未知,2026-04-28 09:42:37,d:\WorkSpace\01_自动化开发\App1_Price_Monitor品牌价格\price_screenshots\2026-04-28_JD_6923185605379_100167111617.jpg
京东,https://item.jd.com/10114588738475.html,云米AI昆仑矿泉净水机 Super 2E 2500,6923185654254,10114588738475,1551.02,2499,破价警报,2026-04-28 09:43:09,d:\WorkSpace\01_自动化开发\App1_Price_Monitor品牌价格\price_screenshots\2026-04-28_JD_6923185654254_10114588738475.jpg
京东,https://item.jd.com/10116378745406.html,云米AI昆仑矿泉净水机 Super 2E 2500,6923185654254,10116378745406,1699,2499,破价警报,2026-04-28 09:43:45,d:\WorkSpace\01_自动化开发\App1_Price_Monitor品牌价格\price_screenshots\2026-04-28_JD_6923185654254_10116378745406.jpg
京东,https://item.jd.com/100135346870.html,云米AI昆仑矿泉净水机 Super 2E 2500,6923185654254,100135346870,1545.55,2499,破价警报,2026-04-28 09:44:18,d:\WorkSpace\01_自动化开发\App1_Price_Monitor品牌价格\price_screenshots\2026-04-28_JD_6923185654254_100135346870.jpg
京东,https://item.jd.com/100210261709.html,小京龙2Pro净矿,6923185656791,100210261709,1990.06,2499,破价警报,2026-04-28 09:44:49,d:\WorkSpace\01_自动化开发\App1_Price_Monitor品牌价格\price_screenshots\2026-04-28_JD_6923185656791_100210261709.jpg
京东,https://item.jd.com/100105676026.html,云米AI净水器昆仑 Super 2S 1200G,6923185653585,100105676026,1738.56,2699,破价警报,2026-04-28 09:45:21,d:\WorkSpace\01_自动化开发\App1_Price_Monitor品牌价格\price_screenshots\2026-04-28_JD_6923185653585_100105676026.jpg
京东,https://item.jd.com/10103267064546.html,蒸烤一体机FaceA1,6923185620136,10103267064546,2799,,未知,2026-04-28 09:45:54,d:\WorkSpace\01_自动化开发\App1_Price_Monitor品牌价格\price_screenshots\2026-04-28_JD_6923185620136_10103267064546.jpg
京东,https://item.jd.com/10206797283677.html,昆仑3 即热矿泉,6923185654445,10206797283677,2327.03,2999,破价警报,2026-04-28 09:46:27,d:\WorkSpace\01_自动化开发\App1_Price_Monitor品牌价格\price_screenshots\2026-04-28_JD_6923185654445_10206797283677.jpg
京东,https://item.jd.com/10202290093822.html,昆仑4 弱碱Pro 1400G,6923185655718,10202290093822,2999,3599,破价警报,2026-04-28 09:47:00,d:\WorkSpace\01_自动化开发\App1_Price_Monitor品牌价格\price_screenshots\2026-04-28_JD_6923185655718_10202290093822.jpg
京东,https://item.jd.com/100215523232.html,昆仑4 制冰台净,6923185655787,100215523232,3365.41,4399,破价警报,2026-04-28 09:47:33,d:\WorkSpace\01_自动化开发\App1_Price_Monitor品牌价格\price_screenshots\2026-04-28_JD_6923185655787_100215523232.jpg
拼多多,https://mobile.yangkeduo.com/goods.html?goods_id=912927521784,小京龙2Pro净矿,6923185656791,912927521784,1273,2499,破价警报 | 百亿补贴,2026-04-28 09:48:10,d:\WorkSpace\01_自动化开发\App1_Price_Monitor品牌价格\price_screenshots\2026-04-28_PDD_912927521784.jpg
拼多多,https://mobile.yangkeduo.com/goods.html?goods_id=908884844099,管线机2S,6923185652526,908884844099,999,1699,破价警报,2026-04-28 09:48:10,d:\WorkSpace\01_自动化开发\App1_Price_Monitor品牌价格\price_screenshots\2026-04-28_PDD_908884844099.jpg
拼多多,https://mobile.yangkeduo.com/goods.html?goods_id=908879495872,smart 前置过滤器 （VF4-A）,6923185621058,908879495872,289,499,破价警报,2026-04-28 09:48:11,d:\WorkSpace\01_自动化开发\App1_Price_Monitor品牌价格\price_screenshots\2026-04-28_PDD_908879495872.jpg
拼多多,https://mobile.yangkeduo.com/goods.html?goods_id=907974025123,小海豚1000G,6923185654865,907974025123,899,899,正常,2026-04-28 09:48:11,d:\WorkSpace\01_自动化开发\App1_Price_Monitor品牌价格\price_screenshots\2026-04-28_PDD_907974025123.jpg
拼多多,https://mobile.yangkeduo.com/goods.html?goods_id=907033710117,云米昆仑3矿泉净水器2S Pro,6923185656593,907033710117,2998,2899,高价待调整,2026-04-28 09:48:11,d:\WorkSpace\01_自动化开发\App1_Price_Monitor品牌价格\price_screenshots\2026-04-28_PDD_907033710117.jpg
拼多多,https://mobile.yangkeduo.com/goods.html?goods_id=873065157674,小海豚600G适用滤芯,6923185618379,873065157674,239,299,破价警报,2026-04-28 09:48:11,d:\WorkSpace\01_自动化开发\App1_Price_Monitor品牌价格\price_screenshots\2026-04-28_PDD_873065157674.jpg
拼多多,https://mobile.yangkeduo.com/goods.html?goods_id=872941778883,1000G复合滤芯,6923185653998,872941778883,288,298,破价警报,2026-04-28 09:48:11,d:\WorkSpace\01_自动化开发\App1_Price_Monitor品牌价格\price_screenshots\2026-04-28_PDD_872941778883.jpg
拼多多,https://mobile.yangkeduo.com/goods.html?goods_id=870799733097,油烟机 smart2,6923185653110,870799733097,1599,,正常,2026-04-28 09:48:11,d:\WorkSpace\01_自动化开发\App1_Price_Monitor品牌价格\price_screenshots\2026-04-28_PDD_870799733097.jpg
拼多多,https://mobile.yangkeduo.com/goods.html?goods_id=868834124642,云米AI油烟机Super升级,6923185605829,868834124642,1279,,正常,2026-04-28 09:48:11,d:\WorkSpace\01_自动化开发\App1_Price_Monitor品牌价格\price_screenshots\2026-04-28_PDD_868834124642.jpg
拼多多,https://mobile.yangkeduo.com/goods.html?goods_id=868851073714,小海豚3,6923185605867,868851073714,499,499,百亿补贴,2026-04-28 09:48:11,d:\WorkSpace\01_自动化开发\App1_Price_Monitor品牌价格\price_screenshots\2026-04-28_PDD_868851073714.jpg
拼多多,https://mobile.yangkeduo.com/goods.html?goods_id=862873034610,小海豚3,6923185605867,862873034610,618.8,499,高价待调整 | 百亿补贴,2026-04-28 09:48:15,d:\WorkSpace\01_自动化开发\App1_Price_Monitor品牌价格\price_screenshots\2026-04-28_PDD_862873034610.jpg
拼多多,https://mobile.yangkeduo.com/goods.html?goods_id=862584688956,门锁门禁卡,6923185654230,862584688956,25,19,高价待调整,2026-04-28 09:48:16,d:\WorkSpace\01_自动化开发\App1_Price_Monitor品牌价格\price_screenshots\2026-04-28_PDD_862584688956.jpg
拼多多,https://mobile.yangkeduo.com/goods.html?goods_id=861508688697,管线机2E,6923185650966,861508688697,1998,1599,高价待调整,2026-04-28 09:48:16,d:\WorkSpace\01_自动化开发\App1_Price_Monitor品牌价格\price_screenshots\2026-04-28_PDD_861508688697.jpg
拼多多,https://mobile.yangkeduo.com/goods.html?goods_id=852614628903,云米厨余垃圾处理器  PowerBox 尊享版,6923185610250,852614628903,889,,百亿补贴,2026-04-28 09:48:16,d:\WorkSpace\01_自动化开发\App1_Price_Monitor品牌价格\price_screenshots\2026-04-28_PDD_852614628903.jpg
拼多多,https://mobile.yangkeduo.com/goods.html?goods_id=852161740747,小海豚600G+,6923185653684,852161740747,899,559,高价待调整,2026-04-28 09:48:16,d:\WorkSpace\01_自动化开发\App1_Price_Monitor品牌价格\price_screenshots\2026-04-28_PDD_852161740747.jpg
拼多多,https://mobile.yangkeduo.com/goods.html?goods_id=852010588191,蓝调2Pro-JSQ30-VGW1641,6923185656869,852010588191,1099,,正常,2026-04-28 09:48:16,d:\WorkSpace\01_自动化开发\App1_Price_Monitor品牌价格\price_screenshots\2026-04-28_PDD_852010588191.jpg
拼多多,https://mobile.yangkeduo.com/goods.html?goods_id=850883552953,云米·泉先AI净水器蓝调600G+,6923185653592,850883552953,649,999,破价警报,2026-04-28 09:48:16,d:\WorkSpace\01_自动化开发\App1_Price_Monitor品牌价格\price_screenshots\2026-04-28_PDD_850883552953.jpg
拼多多,https://mobile.yangkeduo.com/goods.html?goods_id=850344043841,云米AI净饮机Super 2,6923185615415,850344043841,1009,1699,破价警报,2026-04-28 09:48:16,d:\WorkSpace\01_自动化开发\App1_Price_Monitor品牌价格\price_screenshots\2026-04-28_PDD_850344043841.jpg
拼多多,https://mobile.yangkeduo.com/goods.html?goods_id=849648457333,云米AI昆仑矿泉净水机 Super 2E 2500,6923185654254,849648457333,1549,2499,破价警报,2026-04-28 09:48:17,d:\WorkSpace\01_自动化开发\App1_Price_Monitor品牌价格\price_screenshots\2026-04-28_PDD_849648457333.jpg
拼多多,https://mobile.yangkeduo.com/goods.html?goods_id=849000374681,云米AI净水器Super 2Y 1200G,6923185653981,849000374681,2299,1899,高价待调整,2026-04-28 09:48:17,d:\WorkSpace\01_自动化开发\App1_Price_Monitor品牌价格\price_screenshots\2026-04-28_PDD_849000374681.jpg
拼多多,https://mobile.yangkeduo.com/goods.html?goods_id=837301408995,云米AI冷热管线机Super2 Pro,6923185655794,837301408995,1998,1999,正常,2026-04-28 09:48:21,d:\WorkSpace\01_自动化开发\App1_Price_Monitor品牌价格\price_screenshots\2026-04-28_PDD_837301408995.jpg
拼多多,https://mobile.yangkeduo.com/goods.html?goods_id=832431516907,门锁普通版E30,6923185656074,832431516907,569,,正常,2026-04-28 09:48:21,d:\WorkSpace\01_自动化开发\App1_Price_Monitor品牌价格\price_screenshots\2026-04-28_PDD_832431516907.jpg
拼多多,https://mobile.yangkeduo.com/goods.html?goods_id=823432069145,手持吸尘器,6923185611844,823432069145,999,602,高价待调整,2026-04-28 09:48:21,d:\WorkSpace\01_自动化开发\App1_Price_Monitor品牌价格\price_screenshots\2026-04-28_PDD_823432069145.jpg
拼多多,https://mobile.yangkeduo.com/goods.html?goods_id=774960777953,蓝调2燃气热水器13L,6923185655688,774960777953,679,,正常,2026-04-28 09:48:21,d:\WorkSpace\01_自动化开发\App1_Price_Monitor品牌价格\price_screenshots\2026-04-28_PDD_774960777953.jpg
拼多多,https://mobile.yangkeduo.com/goods.html?goods_id=767193647325,门锁掌静脉,6923185655398,767193647325,1104,,正常,2026-04-28 09:48:22,d:\WorkSpace\01_自动化开发\App1_Price_Monitor品牌价格\price_screenshots\2026-04-28_PDD_767193647325.jpg
拼多多,https://mobile.yangkeduo.com/goods.html?goods_id=765112154467,小鲸鱼 马桶盖,6923185654537,765112154467,699,,正常,2026-04-28 09:48:22,d:\WorkSpace\01_自动化开发\App1_Price_Monitor品牌价格\price_screenshots\2026-04-28_PDD_765112154467.jpg
拼多多,https://mobile.yangkeduo.com/goods.html?goods_id=763759392708,云米AI油烟机 鲲鹏Pro,6923185605379,763759392708,2499,,正常,2026-04-28 09:48:22,d:\WorkSpace\01_自动化开发\App1_Price_Monitor品牌价格\price_screenshots\2026-04-28_PDD_763759392708.jpg
拼多多,https://mobile.yangkeduo.com/goods.html?goods_id=761822913595,云米智能马桶 小鲸鱼 2 Pro,6923185654575,761822913595,3299,,正常,2026-04-28 09:48:22,d:\WorkSpace\01_自动化开发\App1_Price_Monitor品牌价格\price_screenshots\2026-04-28_PDD_761822913595.jpg
拼多多,https://mobile.yangkeduo.com/goods.html?goods_id=743885774552,云米蓝调智能门锁（基础版）,6923185655381,743885774552,729,,正常,2026-04-28 09:48:22,d:\WorkSpace\01_自动化开发\App1_Price_Monitor品牌价格\price_screenshots\2026-04-28_PDD_743885774552.jpg
拼多多,https://mobile.yangkeduo.com/goods.html?goods_id=739863611562,云米AI油烟机 Smart 2 Pro,6923185653516,739863611562,1499,,正常,2026-04-28 09:48:22,d:\WorkSpace\01_自动化开发\App1_Price_Monitor品牌价格\price_screenshots\2026-04-28_PDD_739863611562.jpg
拼多多,https://mobile.yangkeduo.com/goods.html?goods_id=705715580268,智能门锁锂电池(5000mAh),6923185652953,705715580268,114,99,高价待调整,2026-04-28 09:48:27,d:\WorkSpace\01_自动化开发\App1_Price_Monitor品牌价格\price_screenshots\2026-04-28_PDD_705715580268.jpg
拼多多,https://mobile.yangkeduo.com/goods.html?goods_id=661859626284,小海豚-40L-2000w热水器,6923185681281,661859626284,599,,正常,2026-04-28 09:48:27,d:\WorkSpace\01_自动化开发\App1_Price_Monitor品牌价格\price_screenshots\2026-04-28_PDD_661859626284.jpg
拼多多,https://mobile.yangkeduo.com/goods.html?goods_id=657344402006,云米油烟机蓝调,6923185650973,657344402006,859,,正常,2026-04-28 09:48:27,d:\WorkSpace\01_自动化开发\App1_Price_Monitor品牌价格\price_screenshots\2026-04-28_PDD_657344402006.jpg
拼多多,https://mobile.yangkeduo.com/goods.html?goods_id=490426355421,500L十字门冰箱,6923185651123,490426355421,3199,,正常,2026-04-28 09:48:27,d:\WorkSpace\01_自动化开发\App1_Price_Monitor品牌价格\price_screenshots\2026-04-28_PDD_490426355421.jpg
拼多多,https://mobile.yangkeduo.com/goods.html?goods_id=484037745334,云米AI燃气灶power 5.0（天然气）,6923185654377,484037745334,1099,,正常,2026-04-28 09:48:28,d:\WorkSpace\01_自动化开发\App1_Price_Monitor品牌价格\price_screenshots\2026-04-28_PDD_484037745334.jpg
拼多多,https://mobile.yangkeduo.com/goods.html?goods_id=413986425773,蓝调智能门锁（人脸猫眼版）,6923185654650,413986425773,709,,正常,2026-04-28 09:48:28,d:\WorkSpace\01_自动化开发\App1_Price_Monitor品牌价格\price_screenshots\2026-04-28_PDD_413986425773.jpg
拼多多,https://mobile.yangkeduo.com/goods.html?goods_id=364990106384,"即热1000G,MAIN84",6923185651116,364990106384,2999,1899,高价待调整,2026-04-28 09:48:28,d:\WorkSpace\01_自动化开发\App1_Price_Monitor品牌价格\price_screenshots\2026-04-28_PDD_364990106384.jpg
拼多多,https://mobile.yangkeduo.com/goods.html?goods_id=325232192898,冰箱603,6923185650935,325232192898,2459,,正常,2026-04-28 09:48:28,d:\WorkSpace\01_自动化开发\App1_Price_Monitor品牌价格\price_screenshots\2026-04-28_PDD_325232192898.jpg
拼多多,https://mobile.yangkeduo.com/goods.html?goods_id=296957182528,复合滤芯,"6923185600138,6923185600145",296957182528,439,,正常,2026-04-28 09:48:28,d:\WorkSpace\01_自动化开发\App1_Price_Monitor品牌价格\price_screenshots\2026-04-28_PDD_296957182528.jpg
拼多多,https://mobile.yangkeduo.com/goods.html?goods_id=291141614396,F3-五合一,6923185614258,291141614396,269,298,破价警报,2026-04-28 09:48:28,d:\WorkSpace\01_自动化开发\App1_Price_Monitor品牌价格\price_screenshots\2026-04-28_PDD_291141614396.jpg
拼多多,https://mobile.yangkeduo.com/goods.html?goods_id=290543633215,复合滤芯,"6923185614258,6923185616177",290543633215,199,,正常,2026-04-28 09:48:33,d:\WorkSpace\01_自动化开发\App1_Price_Monitor品牌价格\price_screenshots\2026-04-28_PDD_290543633215.jpg
拼多多,https://mobile.yangkeduo.com/goods.html?goods_id=273348857003,云米蓝调智能门锁（基础版）,6923185655381,273348857003,499,,正常,2026-04-28 09:48:33,d:\WorkSpace\01_自动化开发\App1_Price_Monitor品牌价格\price_screenshots\2026-04-28_PDD_273348857003.jpg
拼多多,https://mobile.yangkeduo.com/goods.html?goods_id=264080849667,霸王锁体,6923185622154,264080849667,150,150,正常,2026-04-28 09:48:33,d:\WorkSpace\01_自动化开发\App1_Price_Monitor品牌价格\price_screenshots\2026-04-28_PDD_264080849667.jpg
拼多多,https://mobile.yangkeduo.com/goods.html?goods_id=259115850200,蓝调智能门锁（3D人脸版）,6923185654643,259115850200,629,,正常,2026-04-28 09:48:33,d:\WorkSpace\01_自动化开发\App1_Price_Monitor品牌价格\price_screenshots\2026-04-28_PDD_259115850200.jpg
拼多多,https://mobile.yangkeduo.com/goods.html?goods_id=231833573024,小烤箱6L,6923185603221,231833573024,199,174,高价待调整,2026-04-28 09:48:33,d:\WorkSpace\01_自动化开发\App1_Price_Monitor品牌价格\price_screenshots\2026-04-28_PDD_231833573024.jpg
拼多多,https://mobile.yangkeduo.com/goods.html?goods_id=225501370546,小海豚3,6923185605867,225501370546,895.5,499,高价待调整,2026-04-28 09:48:33,d:\WorkSpace\01_自动化开发\App1_Price_Monitor品牌价格\price_screenshots\2026-04-28_PDD_225501370546.jpg
拼多多,https://mobile.yangkeduo.com/goods.html?goods_id=224216987554,复合滤芯,"6923185614258,6923185615750,6923185614265",224216987554,199,,正常,2026-04-28 09:48:34,d:\WorkSpace\01_自动化开发\App1_Price_Monitor品牌价格\price_screenshots\2026-04-28_PDD_224216987554.jpg
拼多多,https://mobile.yangkeduo.com/goods.html?goods_id=220820325711,云米消毒柜（嵌入式）云米版,6923185604303,220820325711,899,,正常,2026-04-28 09:48:34,d:\WorkSpace\01_自动化开发\App1_Price_Monitor品牌价格\price_screenshots\2026-04-28_PDD_220820325711.jpg
拼多多,https://mobile.yangkeduo.com/goods.html?goods_id=219486126363,flash烟机,6923185613664,219486126363,1399,,正常,2026-04-28 09:48:34,d:\WorkSpace\01_自动化开发\App1_Price_Monitor品牌价格\price_screenshots\2026-04-28_PDD_219486126363.jpg
拼多多,https://mobile.yangkeduo.com/goods.html?goods_id=209406625494,蓝调智能门锁（大屏猫眼版）,6923185654667,209406625494,999,,正常,2026-04-28 09:48:34,d:\WorkSpace\01_自动化开发\App1_Price_Monitor品牌价格\price_screenshots\2026-04-28_PDD_209406625494.jpg
拼多多,https://mobile.yangkeduo.com/goods.html?goods_id=205451808289,小厨宝,6923185611233,205451808289,282,,正常,2026-04-28 09:48:38,d:\WorkSpace\01_自动化开发\App1_Price_Monitor品牌价格\price_screenshots\2026-04-28_PDD_205451808289.jpg
拼多多,https://mobile.yangkeduo.com/goods.html?goods_id=205458105137,小海豚2 1000G,6923185654865,205458105137,899,899,正常,2026-04-28 09:48:38,d:\WorkSpace\01_自动化开发\App1_Price_Monitor品牌价格\price_screenshots\2026-04-28_PDD_205458105137.jpg
拼多多2,https://mobile.yangkeduo.com/goods.html?goods_id=926574119933,昆仑4弱碱 1400G,6923185655718,926574119933,3999,3599,高价待调整,2026-04-28 09:48:52,d:\WorkSpace\01_自动化开发\App1_Price_Monitor品牌价格\price_screenshots\2026-04-28_PDD_926574119933.jpg
拼多多2,https://mobile.yangkeduo.com/goods.html?goods_id=925977908012,云米昆仑3矿泉净水器2S Pro,6923185656593,925977908012,2998,2899,高价待调整,2026-04-28 09:48:52,d:\WorkSpace\01_自动化开发\App1_Price_Monitor品牌价格\price_screenshots\2026-04-28_PDD_925977908012.jpg
拼多多2,https://mobile.yangkeduo.com/goods.html?goods_id=925874862450,小京龙Pro1100G,6923185655220,925874862450,799,1099,破价警报 | 百亿补贴,2026-04-28 09:48:53,d:\WorkSpace\01_自动化开发\App1_Price_Monitor品牌价格\price_screenshots\2026-04-28_PDD_925874862450.jpg
拼多多2,https://mobile.yangkeduo.com/goods.html?goods_id=925737084752,门锁普通版E30,6923185656074,925737084752,799,,正常,2026-04-28 09:48:53,d:\WorkSpace\01_自动化开发\App1_Price_Monitor品牌价格\price_screenshots\2026-04-28_PDD_925737084752.jpg
拼多多2,https://mobile.yangkeduo.com/goods.html?goods_id=925730122772,蓝调智能门锁（大屏猫眼版）,6923185654667,925730122772,999,,正常,2026-04-28 09:48:53,d:\WorkSpace\01_自动化开发\App1_Price_Monitor品牌价格\price_screenshots\2026-04-28_PDD_925730122772.jpg
拼多多2,https://mobile.yangkeduo.com/goods.html?goods_id=925730329478,云米蓝调智能门锁（基础版）,6923185655381,925730329478,729,,正常,2026-04-28 09:48:53,d:\WorkSpace\01_自动化开发\App1_Price_Monitor品牌价格\price_screenshots\2026-04-28_PDD_925730329478.jpg
拼多多2,https://mobile.yangkeduo.com/goods.html?goods_id=925731404024,门锁掌静脉,6923185655398,925731404024,1499,,正常,2026-04-28 09:48:53,d:\WorkSpace\01_自动化开发\App1_Price_Monitor品牌价格\price_screenshots\2026-04-28_PDD_925731404024.jpg
拼多多2,https://mobile.yangkeduo.com/goods.html?goods_id=925231209174,蓝调智能门锁（人脸猫眼版）,6923185654650,925231209174,999,,正常,2026-04-28 09:48:53,d:\WorkSpace\01_自动化开发\App1_Price_Monitor品牌价格\price_screenshots\2026-04-28_PDD_925231209174.jpg
拼多多2,https://mobile.yangkeduo.com/goods.html?goods_id=925230364669,蓝调智能门锁（3D人脸版）,6923185654643,925230364669,1099,,正常,2026-04-28 09:48:53,d:\WorkSpace\01_自动化开发\App1_Price_Monitor品牌价格\price_screenshots\2026-04-28_PDD_925230364669.jpg
拼多多2,https://mobile.yangkeduo.com/goods.html?goods_id=917038452382,小海豚+管线机,"S2405281401001,S2407170910001",917038452382,1349,,正常,2026-04-28 09:48:53,d:\WorkSpace\01_自动化开发\App1_Price_Monitor品牌价格\price_screenshots\2026-04-28_PDD_917038452382.jpg
拼多多2,https://mobile.yangkeduo.com/goods.html?goods_id=917034829515,管线机2E,6923185650966,917034829515,869,1599,破价警报 | 百亿补贴,2026-04-28 09:48:57,d:\WorkSpace\01_自动化开发\App1_Price_Monitor品牌价格\price_screenshots\2026-04-28_PDD_917034829515.jpg
拼多多2,https://mobile.yangkeduo.com/goods.html?goods_id=917032713009,管线机2S,6923185652526,917032713009,669,1699,破价警报 | 百亿补贴,2026-04-28 09:48:57,d:\WorkSpace\01_自动化开发\App1_Price_Monitor品牌价格\price_screenshots\2026-04-28_PDD_917032713009.jpg
拼多多2,https://mobile.yangkeduo.com/goods.html?goods_id=917031150770,云米·泉先AI净水器蓝调600G+,6923185653592,917031150770,1299,999,高价待调整,2026-04-28 09:48:58,d:\WorkSpace\01_自动化开发\App1_Price_Monitor品牌价格\price_screenshots\2026-04-28_PDD_917031150770.jpg
拼多多2,https://mobile.yangkeduo.com/goods.html?goods_id=916996455515,云米AI冷热管线机Super2 Pro,6923185655794,916996455515,1449,1999,破价警报,2026-04-28 09:48:58,d:\WorkSpace\01_自动化开发\App1_Price_Monitor品牌价格\price_screenshots\2026-04-28_PDD_916996455515.jpg
拼多多2,https://mobile.yangkeduo.com/goods.html?goods_id=916452280972,900G,6923185654292,916452280972,749,1499,破价警报 | 百亿补贴,2026-04-28 09:48:58,d:\WorkSpace\01_自动化开发\App1_Price_Monitor品牌价格\price_screenshots\2026-04-28_PDD_916452280972.jpg
拼多多2,https://mobile.yangkeduo.com/goods.html?goods_id=916398420768,复合滤芯,"6923185614258,6923185615750,6923185614265",916398420768,258.98,,正常,2026-04-28 09:48:58,d:\WorkSpace\01_自动化开发\App1_Price_Monitor品牌价格\price_screenshots\2026-04-28_PDD_916398420768.jpg
拼多多2,https://mobile.yangkeduo.com/goods.html?goods_id=915797572693,600G滤芯套餐,S2412282008001,915797572693,904,,正常,2026-04-28 09:48:58,d:\WorkSpace\01_自动化开发\App1_Price_Monitor品牌价格\price_screenshots\2026-04-28_PDD_915797572693.jpg
拼多多2,https://mobile.yangkeduo.com/goods.html?goods_id=885690465484,小海豚600G+,6923185653684,885690465484,559,559,百亿补贴,2026-04-28 09:48:58,d:\WorkSpace\01_自动化开发\App1_Price_Monitor品牌价格\price_screenshots\2026-04-28_PDD_885690465484.jpg
拼多多2,https://mobile.yangkeduo.com/goods.html?goods_id=882919216767,小白龙 800G+,6923185653974,882919216767,1199,1299,破价警报,2026-04-28 09:48:58,d:\WorkSpace\01_自动化开发\App1_Price_Monitor品牌价格\price_screenshots\2026-04-28_PDD_882919216767.jpg
米家有品,https://m.xiaomiyoupin.com/detail?gid=169923,云米小厨宝6L,6923185611233,default,254,,价格正常,2026-04-28 09:49:10,d:\WorkSpace\01_自动化开发\App1_Price_Monitor品牌价格\price_screenshots\2026-04-28_YP_6923185611233_1777340949810.jpg
米家有品,https://m.xiaomiyoupin.com/detail?gid=169944,云米电热水器X1（50L）,6923185614920,default,569,,价格正常,2026-04-28 09:49:15,d:\WorkSpace\01_自动化开发\App1_Price_Monitor品牌价格\price_screenshots\2026-04-28_YP_6923185614920_1777340955216.jpg
米家有品,https://m.xiaomiyoupin.com/detail?gid=171451,云米AI燃气灶 Super   5.2（天然气）,6923185650348,default,529,,价格正常,2026-04-28 09:49:22,d:\WorkSpace\01_自动化开发\App1_Price_Monitor品牌价格\price_screenshots\2026-04-28_YP_6923185650348_1777340960785.jpg
米家有品,https://www.xiaomiyoupin.com/detail?gid=176105,蓝调2燃气热水器13L,6923185655688,default,Not Found,,未知,2026-04-28 09:49:24,
米家有品,https://m.xiaomiyoupin.com/detail?gid=169911,云米AI电热水器 小蓝调50L,6923185649076,default,559,,价格正常,2026-04-28 09:49:31,d:\WorkSpace\01_自动化开发\App1_Price_Monitor品牌价格\price_screenshots\2026-04-28_YP_6923185649076_1777340970104.jpg
米家有品,https://m.xiaomiyoupin.com/detail?gid=171512,云米油烟机蓝调,6923185650973,default,899,,价格正常,2026-04-28 09:49:36,d:\WorkSpace\01_自动化开发\App1_Price_Monitor品牌价格\price_screenshots\2026-04-28_YP_6923185650973_1777340976299.jpg
米家有品,https://www.xiaomiyoupin.com/detail?gid=171444,云米互联网油烟机Flash,6923185613664,default,Not Found,,未知,2026-04-28 09:49:39,
米家有品,https://m.xiaomiyoupin.com/detail?gid=115279,云米厨余垃圾处理器  PowerBox 尊享版,6923185610250,default,799,,价格正常,2026-04-28 09:49:46,d:\WorkSpace\01_自动化开发\App1_Price_Monitor品牌价格\price_screenshots\2026-04-28_YP_6923185610250_1777340984662.jpg
米家有品,https://m.xiaomiyoupin.com/detail?gid=103805,云米消毒柜（嵌入式）云米版,6923185604303,default,1729,,价格正常,2026-04-28 09:49:53,d:\WorkSpace\01_自动化开发\App1_Price_Monitor品牌价格\price_screenshots\2026-04-28_YP_6923185604303_1777340991900.jpg
米家有品,https://www.xiaomiyoupin.com/detail?gid=171459,云米AI油烟机Smart,6923185649229,default,Not Found,899,未知,2026-04-28 09:49:55,
米家有品,https://m.xiaomiyoupin.com/detail?gid=171425,云米AI油烟机 Super,6923185649762,default,Not Found,,未知,2026-04-28 09:49:57,
米家有品,https://www.xiaomiyoupin.com/detail?gid=178114,云米蓝调系列多功能冰沙机,6923185656135,default,Not Found,,未知,2026-04-28 09:49:59,
米家有品,https://www.xiaomiyoupin.com/detail?gid=176835,云米AI油烟机 Smart 2 Pro,6923185653516,default,Not Found,,未知,2026-04-28 09:50:02,
米家有品,https://m.xiaomiyoupin.com/detail?gid=176640,云米AI油烟机 鲲鹏Pro,6923185605379,default,1999,,价格正常,2026-04-28 09:50:08,d:\WorkSpace\01_自动化开发\App1_Price_Monitor品牌价格\price_screenshots\2026-04-28_YP_6923185605379_1777341007239.jpg
拼多多,https://mobile.yangkeduo.com/goods.html?goods_id=912927521784,小京龙2Pro净矿,6923185656791,912927521784,1273,2499,破价警报 | 百亿活动相关,2026-04-28 17:12:11,无截图
拼多多,https://mobile.yangkeduo.com/goods.html?goods_id=908884844099,管线机2S,6923185652526,908884844099,999,1699,破价警报,2026-04-28 17:12:11,无截图
拼多多,https://mobile.yangkeduo.com/goods.html?goods_id=908879495872,smart 前置过滤器 （VF4-A）,6923185621058,908879495872,289,499,破价警报 | 百亿活动相关,2026-04-28 17:12:11,无截图
拼多多,https://mobile.yangkeduo.com/goods.html?goods_id=907974025123,小海豚1000G,6923185654865,907974025123,899,899,百亿活动相关,2026-04-28 17:12:11,无截图
拼多多,https://mobile.yangkeduo.com/goods.html?goods_id=907033710117,云米昆仑3矿泉净水器2S Pro,6923185656593,907033710117,2998,2899,高价待调整,2026-04-28 17:12:11,无截图
拼多多,https://mobile.yangkeduo.com/goods.html?goods_id=873065157674,小海豚600G适用滤芯,6923185618379,873065157674,598,299,高价待调整,2026-04-28 17:12:11,无截图
拼多多,https://mobile.yangkeduo.com/goods.html?goods_id=872941778883,1000G复合滤芯,6923185653998,872941778883,288,298,破价警报,2026-04-28 17:12:11,无截图
拼多多,https://mobile.yangkeduo.com/goods.html?goods_id=870799733097,油烟机 smart2,6923185653110,870799733097,1599,,正常,2026-04-28 17:12:11,无截图
拼多多,https://mobile.yangkeduo.com/goods.html?goods_id=868834124642,云米AI油烟机Super升级,6923185605829,868834124642,1279,,百亿活动相关,2026-04-28 17:12:11,无截图
拼多多,https://mobile.yangkeduo.com/goods.html?goods_id=868851073714,小海豚3,6923185605867,868851073714,499,499,百亿活动相关,2026-04-28 17:12:11,无截图
拼多多,https://mobile.yangkeduo.com/goods.html?goods_id=862873034610,小海豚3,6923185605867,862873034610,618.8,499,高价待调整 | 百亿活动相关,2026-04-28 17:12:11,无截图
拼多多,https://mobile.yangkeduo.com/goods.html?goods_id=862584688956,门锁门禁卡,6923185654230,862584688956,25,19,高价待调整,2026-04-28 17:12:11,无截图
拼多多,https://mobile.yangkeduo.com/goods.html?goods_id=861508688697,管线机2E,6923185650966,861508688697,1998,1599,高价待调整,2026-04-28 17:12:11,无截图
拼多多,https://mobile.yangkeduo.com/goods.html?goods_id=852932116812,云米净水器600G小海豚升级版厨下式RO反渗透直饮家用,全店抓取,852932116812,772,,百亿活动相关,2026-04-28 17:12:11,无截图
拼多多,https://mobile.yangkeduo.com/goods.html?goods_id=852614628903,云米厨余垃圾处理器  PowerBox 尊享版,6923185610250,852614628903,799,,百亿活动相关,2026-04-28 17:12:11,无截图
拼多多,https://mobile.yangkeduo.com/goods.html?goods_id=852161740747,小海豚600G+,6923185653684,852161740747,899,559,高价待调整,2026-04-28 17:12:11,无截图
拼多多,https://mobile.yangkeduo.com/goods.html?goods_id=852010588191,蓝调2Pro-JSQ30-VGW1641,6923185656869,852010588191,1099,,正常,2026-04-28 17:12:11,无截图
拼多多,https://mobile.yangkeduo.com/goods.html?goods_id=850883552953,云米·泉先AI净水器蓝调600G+,6923185653592,850883552953,649,999,破价警报 | 百亿活动相关,2026-04-28 17:12:11,无截图
拼多多,https://mobile.yangkeduo.com/goods.html?goods_id=850344043841,云米AI净饮机Super 2,6923185615415,850344043841,1009,1699,破价警报 | 百亿活动相关,2026-04-28 17:12:11,无截图
拼多多,https://mobile.yangkeduo.com/goods.html?goods_id=849648457333,云米AI昆仑矿泉净水机 Super 2E 2500,6923185654254,849648457333,1549,2499,破价警报 | 百亿活动相关,2026-04-28 17:12:11,无截图
拼多多,https://mobile.yangkeduo.com/goods.html?goods_id=849000374681,云米AI净水器Super 2Y 1200G,6923185653981,849000374681,2299,1899,高价待调整,2026-04-28 17:12:11,无截图
拼多多,https://mobile.yangkeduo.com/goods.html?goods_id=846212481564,云米蓝调2双胆电热水器60L超短超薄速热增容大水量3000W杀菌安全,全店抓取,846212481564,1199,,正常,2026-04-28 17:12:11,无截图
拼多多,https://mobile.yangkeduo.com/goods.html?goods_id=837301408995,云米AI冷热管线机Super2 Pro,6923185655794,837301408995,1449,1999,破价警报 | 百亿活动相关,2026-04-28 17:12:11,无截图
拼多多,https://mobile.yangkeduo.com/goods.html?goods_id=832431516907,门锁普通版E30,6923185656074,832431516907,499,,百亿活动相关,2026-04-28 17:12:11,无截图
拼多多,https://mobile.yangkeduo.com/goods.html?goods_id=823432069145,手持吸尘器,6923185611844,823432069145,999,602,高价待调整,2026-04-28 17:12:11,无截图
拼多多,https://mobile.yangkeduo.com/goods.html?goods_id=819506595979,云米净水器  600G+ 新升级厨下式RO反渗透直饮家用,全店抓取,819506595979,1099,,正常,2026-04-28 17:12:11,无截图
拼多多,https://mobile.yangkeduo.com/goods.html?goods_id=806062288852,云米无线手持吸尘器家用立式除螨大吸力吸尘机A9长续航宠物家庭,全店抓取,806062288852,999,,正常,2026-04-28 17:12:11,无截图
拼多多,https://mobile.yangkeduo.com/goods.html?goods_id=795732084979,云米燃气热水器增压水伺服恒温省气抗风节能排气16L已接入米家APP,全店抓取,795732084979,1599,,正常,2026-04-28 17:12:11,无截图
拼多多,https://mobile.yangkeduo.com/goods.html?goods_id=791982350266,云米3200W电热水器智能抑菌速热节能一级能效增容已接入米家app,全店抓取,791982350266,799,,正常,2026-04-28 17:12:11,无截图
拼多多,https://mobile.yangkeduo.com/goods.html?goods_id=791968310970,云米智能电热水器3200W节能变频增容速热家用浴室洗澡抑菌50L/60L,全店抓取,791968310970,759,,正常,2026-04-28 17:12:11,无截图
拼多多,https://mobile.yangkeduo.com/goods.html?goods_id=791519887797,云米超薄零嵌510L大容量冰箱美妆舱底部散热一级变频双开门风冷,全店抓取,791519887797,2789,,百亿活动相关,2026-04-28 17:12:11,无截图
拼多多,https://mobile.yangkeduo.com/goods.html?goods_id=784230725200,云米鲲鹏PRO烟机28m³大吸力聚能猛火灶一级能效烟灶联动厨电套装,全店抓取,784230725200,2899,,正常,2026-04-28 17:12:11,无截图
拼多多,https://mobile.yangkeduo.com/goods.html?goods_id=783305466570,云米智能烘干晾衣架语音声控离线全自动升降阳台LED照明Smart超薄,全店抓取,783305466570,1299,,正常,2026-04-28 17:12:11,无截图
拼多多,https://mobile.yangkeduo.com/goods.html?goods_id=783304689053,【声控晾衣架】云米智能电动晾衣架无线遥控大容量自动升降控制,全店抓取,783304689053,999,,正常,2026-04-28 17:12:11,无截图
拼多多,https://mobile.yangkeduo.com/goods.html?goods_id=774960777953,蓝调2燃气热水器13L,6923185655688,774960777953,679,,百亿活动相关,2026-04-28 17:12:11,无截图
拼多多,https://mobile.yangkeduo.com/goods.html?goods_id=767193647325,门锁掌静脉,6923185655398,767193647325,1104,,百亿活动相关,2026-04-28 17:12:11,无截图
拼多多,https://mobile.yangkeduo.com/goods.html?goods_id=765112154467,小鲸鱼 马桶盖,6923185654537,765112154467,699,,百亿活动相关,2026-04-28 17:12:11,无截图
拼多多,https://mobile.yangkeduo.com/goods.html?goods_id=763759392708,云米AI油烟机 鲲鹏Pro,6923185605379,763759392708,1999,,百亿活动相关,2026-04-28 17:12:11,无截图
拼多多,https://mobile.yangkeduo.com/goods.html?goods_id=761822913595,云米智能马桶 小鲸鱼 2 Pro,6923185654575,761822913595,2399,,百亿活动相关,2026-04-28 17:12:11,无截图
拼多多,https://mobile.yangkeduo.com/goods.html?goods_id=743885774552,云米蓝调智能门锁（基础版）,6923185655381,743885774552,499,,百亿活动相关,2026-04-28 17:12:11,无截图
拼多多,https://mobile.yangkeduo.com/goods.html?goods_id=739863611562,云米AI油烟机 Smart 2 Pro,6923185653516,739863611562,1499,,正常,2026-04-28 17:12:11,无截图
拼多多,https://mobile.yangkeduo.com/goods.html?goods_id=705715580268,智能门锁锂电池(5000mAh),6923185652953,705715580268,114,99,高价待调整,2026-04-28 17:12:11,无截图
拼多多,https://mobile.yangkeduo.com/goods.html?goods_id=697436012016,【新品】云米120°超广角猫眼全自动智能门锁家用客厅室内高清大屏,全店抓取,697436012016,999,,正常,2026-04-28 17:12:11,无截图
拼多多,https://mobile.yangkeduo.com/goods.html?goods_id=691819698413,云米电热水器50/60升洗澡家用浴室速热大容量省电防漏电警示安全,全店抓取,691819698413,799,,正常,2026-04-28 17:12:11,无截图
拼多多,https://mobile.yangkeduo.com/goods.html?goods_id=661859626284,小海豚-40L-2000w热水器,6923185681281,661859626284,599,,正常,2026-04-28 17:12:11,无截图
拼多多,https://mobile.yangkeduo.com/goods.html?goods_id=657344402006,云米油烟机蓝调,6923185650973,657344402006,859,,百亿活动相关,2026-04-28 17:12:11,无截图
拼多多,https://mobile.yangkeduo.com/goods.html?goods_id=635152751061,【全域烘干】云米全自动升降式智能室内嵌入式折叠晾衣机Super2Y,全店抓取,635152751061,1699,,正常,2026-04-28 17:12:11,无截图
拼多多,https://mobile.yangkeduo.com/goods.html?goods_id=620077061933,云米嵌入式冰洗套装500升超薄十字四门冰箱&12KG大容量洗烘一体,全店抓取,620077061933,6499,,正常,2026-04-28 17:12:11,无截图
拼多多,https://mobile.yangkeduo.com/goods.html?goods_id=620029199628,云米冰洗套装510升嵌入式风冷冰箱&12公斤大容量洗烘一体洗衣机,全店抓取,620029199628,5899,,正常,2026-04-28 17:12:11,无截图
拼多多,https://mobile.yangkeduo.com/goods.html?goods_id=618360171773,云米超薄烟灶热套装飓风吸力抽油烟机5.2KW聚能灶超薄双胆热水器,全店抓取,618360171773,4599,,正常,2026-04-28 17:12:11,无截图
拼多多,https://mobile.yangkeduo.com/goods.html?goods_id=615426357041,云米空调1.5匹一级能效变频冷暖两用节能家用挂机 AI全域风Super3,全店抓取,615426357041,3099,,正常,2026-04-28 17:12:11,无截图
拼多多,https://mobile.yangkeduo.com/goods.html?goods_id=614821960857,云米大容量冰洗套装603升独立制冰冰箱&10KG全自动洗烘一体洗衣机,全店抓取,614821960857,4468,,百亿活动相关,2026-04-28 17:12:11,无截图
拼多多,https://mobile.yangkeduo.com/goods.html?goods_id=614813745328,云米超薄嵌入式冰洗套餐500升风冷无霜冰箱&10公斤洗烘一体洗衣机,全店抓取,614813745328,5566,,百亿活动相关,2026-04-28 17:12:11,无截图
拼多多,https://mobile.yangkeduo.com/goods.html?goods_id=604410073495,VIOMI云米冷热管线机饮水机壁挂式双出水台式管线机UV杀菌,全店抓取,604410073495,899,,正常,2026-04-28 17:12:11,无截图
拼多多,https://mobile.yangkeduo.com/goods.html?goods_id=602716906408,【升级】云米空调1.5匹智能变频冷暖新一级舒适风空调挂机 Smart3,全店抓取,602716906408,2199,,正常,2026-04-28 17:12:11,无截图
拼多多,https://mobile.yangkeduo.com/goods.html?goods_id=600491440603,【新品】云米空调1.5匹智能变频冷暖新三级舒适风空调挂机 Smart3,全店抓取,600491440603,2099,,正常,2026-04-28 17:12:11,无截图
拼多多,https://mobile.yangkeduo.com/goods.html?goods_id=600131174099,【美妆超薄零嵌】云米510升嵌入式双开门一级风冷无霜银离子冰箱,全店抓取,600131174099,2798,,百亿活动相关,2026-04-28 17:12:11,无截图
拼多多,https://mobile.yangkeduo.com/goods.html?goods_id=583103526676,【新品上市】云米嵌入式母婴冰箱十字四开门家用变频风冷无霜513L,全店抓取,583103526676,4499,,正常,2026-04-28 17:12:11,无截图
拼多多,https://mobile.yangkeduo.com/goods.html?goods_id=573873753845,云米前置过滤器Super智能自动冲洗全屋前置净水器家用自来水冲洗,全店抓取,573873753845,599,,正常,2026-04-28 17:12:11,无截图
拼多多,https://mobile.yangkeduo.com/goods.html?goods_id=551388417367,【田曦薇推荐】云米扫地机器人扫拖一体语音全自动智能吸尘器Pro,全店抓取,551388417367,999,,正常,2026-04-28 17:12:11,无截图
拼多多,https://mobile.yangkeduo.com/goods.html?goods_id=540840221349,云米净水器家用厨下式直饮水过滤器RO反渗透无陈水母婴直饮1200G,全店抓取,540840221349,1999,,正常,2026-04-28 17:12:11,无截图
拼多多,https://mobile.yangkeduo.com/goods.html?goods_id=539854309519,云米12KG滚筒洗衣机家用全自动大容量洗烘一体机防抖动超薄全嵌,全店抓取,539854309519,3699,,正常,2026-04-28 17:12:11,无截图
拼多多,https://mobile.yangkeduo.com/goods.html?goods_id=539850688350,【美妆超薄零嵌】云米冰箱609mm嵌入式风冷无霜AI双变频一级510升,全店抓取,539850688350,3499,,正常,2026-04-28 17:12:11,无截图
拼多多,https://mobile.yangkeduo.com/goods.html?goods_id=535675329481,云米石墨烯踢脚线电暖器加湿家用速热取暖器节能室内暖风机电暖气,全店抓取,535675329481,499,,正常,2026-04-28 17:12:11,无截图
拼多多,https://mobile.yangkeduo.com/goods.html?goods_id=534931901352,云米净水器家用直饮ro反渗透SuperY 1200G管线机前置过滤器套装,全店抓取,534931901352,2699,,正常,2026-04-28 17:12:11,无截图
拼多多,https://mobile.yangkeduo.com/goods.html?goods_id=525667451666,【大屏冰箱】云米超薄全嵌入式T型冰箱三门一级变频风冷无霜412升,全店抓取,525667451666,5999,,正常,2026-04-28 17:12:11,无截图
拼多多,https://mobile.yangkeduo.com/goods.html?goods_id=521949122103,云米一体智能马桶座圈加热一键清洗虹吸离座自动冲水小金龙增压版,全店抓取,521949122103,2999,,正常,2026-04-28 17:12:11,无截图
拼多多,https://mobile.yangkeduo.com/goods.html?goods_id=516748248645,云米电热水器8L小厨宝家用厨房速热储水式节能厨房神器VEW0831,全店抓取,516748248645,499,,正常,2026-04-28 17:12:11,无截图
拼多多,https://mobile.yangkeduo.com/goods.html?goods_id=515237643272,云米电热水器AI美肤洗 780mm超薄 1级能效双胆三管速热 Super2Pro,全店抓取,515237643272,1699,,正常,2026-04-28 17:12:11,无截图
拼多多,https://mobile.yangkeduo.com/goods.html?goods_id=495274606168,【田曦薇推荐】云米智能洗地机超薄双贴边大吸力超长续航 Smart2,全店抓取,495274606168,1799,,正常,2026-04-28 17:12:11,无截图
拼多多,https://mobile.yangkeduo.com/goods.html?goods_id=490426355421,500L十字门冰箱,6923185651123,490426355421,3199,,百亿活动相关,2026-04-28 17:12:11,无截图
拼多多,https://mobile.yangkeduo.com/goods.html?goods_id=490150938954,【安享王空调3匹】云米柜机变频冷暖家用商用智能自清洁节能三级,全店抓取,490150938954,4999,,正常,2026-04-28 17:12:11,无截图
拼多多,https://mobile.yangkeduo.com/goods.html?goods_id=490111298360,云米家用空调1.5匹变频冷暖自清洁手机联网AI静音节能挂机新三级,全店抓取,490111298360,2199,,正常,2026-04-28 17:12:11,无截图
拼多多,https://mobile.yangkeduo.com/goods.html?goods_id=490081202590,云米即热恒温4档烘干 9重安全防护 智能低压系统 Nano2E,全店抓取,490081202590,1999,,正常,2026-04-28 17:12:11,无截图
拼多多,https://mobile.yangkeduo.com/goods.html?goods_id=484037745334,云米AI燃气灶power 5.0（天然气）,6923185654377,484037745334,1099,,正常,2026-04-28 17:12:11,无截图
拼多多,https://mobile.yangkeduo.com/goods.html?goods_id=480070620581,【冷热直饮套装】云米净水器家用厨下管线机套装一键即热制冷直饮,全店抓取,480070620581,2399,,正常,2026-04-28 17:12:11,无截图
拼多多,https://mobile.yangkeduo.com/goods.html?goods_id=472256690941,云米智能马桶即热活水清洗家用卫生间恒温烘干抗菌低压系统Nano2E,全店抓取,472256690941,2499,,正常,2026-04-28 17:12:11,无截图
拼多多,https://mobile.yangkeduo.com/goods.html?goods_id=466437108089,云米TDS水质检测笔测水质仪饮用水检测器家用自来水水质测试仪器,全店抓取,466437108089,99,,正常,2026-04-28 17:12:11,无截图
拼多多,https://mobile.yangkeduo.com/goods.html?goods_id=463332030781,【吸扫拖3合1】云米全自动集尘扫地吸尘机器人alpha2pro清洁一体,全店抓取,463332030781,1799,,正常,2026-04-28 17:12:11,无截图
拼多多,https://mobile.yangkeduo.com/goods.html?goods_id=452924828720,云米净饮一体机台式净水器即热型饮水机家用免安装X2minimango,全店抓取,452924828720,899,,正常,2026-04-28 17:12:11,无截图
拼多多,https://mobile.yangkeduo.com/goods.html?goods_id=431395946988,云米侧吸烟灶套装大吸力抽油烟机5.0KW燃气灶厨房家用智能wingS1,全店抓取,431395946988,1399,,正常,2026-04-28 17:12:11,无截图
拼多多,https://mobile.yangkeduo.com/goods.html?goods_id=427349642190,（有）云米净饮一体机台式净水器即热型饮水机净水器水过滤机,全店抓取,427349642190,1089,,正常,2026-04-28 17:12:11,无截图
拼多多,https://mobile.yangkeduo.com/goods.html?goods_id=423988590355,云米净水器super Y 1200G滤芯复合滤芯RO滤芯,全店抓取,423988590355,100,,正常,2026-04-28 17:12:11,无截图
拼多多,https://mobile.yangkeduo.com/goods.html?goods_id=423724952357,云米燃气热水器即热零冷水双增压 3重防冻 4段燃烧 5重净化 Super,全店抓取,423724952357,1999,,正常,2026-04-28 17:12:11,无截图
拼多多,https://mobile.yangkeduo.com/goods.html?goods_id=414747194884,云米净饮一体机台式净水器即热型饮水机家用免安装X2加一支滤芯套,全店抓取,414747194884,1199,,正常,2026-04-28 17:12:11,无截图
拼多多,https://mobile.yangkeduo.com/goods.html?goods_id=413986425773,蓝调智能门锁（人脸猫眼版）,6923185654650,413986425773,709,,百亿活动相关,2026-04-28 17:12:11,无截图
拼多多,https://mobile.yangkeduo.com/goods.html?goods_id=408451368894,云米智能全自动一体马桶恒温座圈臀部清洗虹吸自动冲水家用小金龙,全店抓取,408451368894,2399,,正常,2026-04-28 17:12:11,无截图
拼多多,https://mobile.yangkeduo.com/goods.html?goods_id=407741710364,云米25m³顶侧爆吸大吸力智目吸烟机 5.2KW聚能猛火灶烟灶套装家用,全店抓取,407741710364,3699,,正常,2026-04-28 17:12:11,无截图
拼多多,https://mobile.yangkeduo.com/goods.html?goods_id=405167616548,云米净水器家用直饮厨下式RO反渗透超滤净水机无桶小白龙800G,全店抓取,405167616548,1599,,正常,2026-04-28 17:12:11,无截图
拼多多,https://mobile.yangkeduo.com/goods.html?goods_id=405069782417,【升级小海豚】云米净水器800G通量&竹炭滤芯厨下式RO反渗透家用,全店抓取,405069782417,1099,,正常,2026-04-28 17:12:11,无截图
拼多多,https://mobile.yangkeduo.com/goods.html?goods_id=403868159413,云米蒸烤一体机厨房家用嵌入式蒸烤箱45L大蒸汽电烤箱VSO4501-B,全店抓取,403868159413,1999,,正常,2026-04-28 17:12:11,无截图
拼多多,https://mobile.yangkeduo.com/goods.html?goods_id=391465779831,云米热水器13L家用智能洗澡燃气热水器水气双调恒温液化气,全店抓取,391465779831,999,,正常,2026-04-28 17:12:11,无截图
拼多多,https://mobile.yangkeduo.com/goods.html?goods_id=383502560587,【田曦薇推荐】云米落地扇直流变频台立两用无极调速小爱语音联网,全店抓取,383502560587,329,,正常,2026-04-28 17:12:11,无截图
拼多多,https://mobile.yangkeduo.com/goods.html?goods_id=383400493031,云米智能即热式家用饮水机1键即热电热水壶Tee mini 1.8L水吧,全店抓取,383400493031,269,,正常,2026-04-28 17:12:11,无截图
拼多多,https://mobile.yangkeduo.com/goods.html?goods_id=382839923175,云米顶侧双吸烟灶套装22m³大吸力抽油烟机聚能猛火灶节能燃气家用,全店抓取,382839923175,1899,,正常,2026-04-28 17:12:11,无截图
拼多多,https://mobile.yangkeduo.com/goods.html?goods_id=382544460689,【杀毒王2匹】云米家用空调变频冷暖柜机立式客厅智能节能 新三级,全店抓取,382544460689,3999,,正常,2026-04-28 17:12:11,无截图
拼多多,https://mobile.yangkeduo.com/goods.html?goods_id=376344667102,云米1.5匹家用新风语音空调变频冷暖新一级能效智能恒温免孔安装,全店抓取,376344667102,3099,,正常,2026-04-28 17:12:11,无截图
拼多多,https://mobile.yangkeduo.com/goods.html?goods_id=375507459489,云米管线机家用直饮机壁挂式UV杀菌加热一体机厨房加热饮水机MG2B,全店抓取,375507459489,899,,正常,2026-04-28 17:12:11,无截图
拼多多,https://mobile.yangkeduo.com/goods.html?goods_id=369184383310,【吸扫拖三合一】云米全自动扫地机器人鲸吸扫地拖地吸尘 Alpha3,全店抓取,369184383310,3699,,正常,2026-04-28 17:12:11,无截图
拼多多,https://mobile.yangkeduo.com/goods.html?goods_id=366671128859,【干湿分储】云米冰箱超薄变频一级风冷无霜十字冰箱四开门 546升,全店抓取,366671128859,3499,,正常,2026-04-28 17:12:11,无截图
拼多多,https://mobile.yangkeduo.com/goods.html?goods_id=365033069371,云米全自动智能门锁密码锁家用电子锁防盗指纹锁超长续航eLink 2C,全店抓取,365033069371,899,,正常,2026-04-28 17:12:11,无截图
拼多多,https://mobile.yangkeduo.com/goods.html?goods_id=365007215970,云米Super Y1200G大通量厨下净水器RO反渗透管线机前置过滤器套装,全店抓取,365007215970,2599,,正常,2026-04-28 17:12:11,无截图
拼多多,https://mobile.yangkeduo.com/goods.html?goods_id=364990106384,"即热1000G,MAIN84",6923185651116,364990106384,1359,1899,破价警报 | 百亿活动相关,2026-04-28 17:12:11,无截图
拼多多,https://mobile.yangkeduo.com/goods.html?goods_id=356164755389,【全屋净水三件套装】云米净水器管线机前置过滤器即热小海豚600G,全店抓取,356164755389,2299,,正常,2026-04-28 17:12:11,无截图
拼多多,https://mobile.yangkeduo.com/goods.html?goods_id=355550841910,【鲜活营养守护先锋奖】云米延鲜AI冰箱一级双变频风冷无霜636升,全店抓取,355550841910,3499,,正常,2026-04-28 17:12:11,无截图
拼多多,https://mobile.yangkeduo.com/goods.html?goods_id=339737903336,【智能声控】云米家用晾衣架电动晾衣机阳台全自动升降Smart S,全店抓取,339737903336,999,,正常,2026-04-28 17:12:11,无截图
拼多多,https://mobile.yangkeduo.com/goods.html?goods_id=338636261947,【1键智洗】云米洗衣机全自动8公斤波轮租房家用防缠绕洗脱一体,全店抓取,338636261947,999,,正常,2026-04-28 17:12:11,无截图
拼多多,https://mobile.yangkeduo.com/goods.html?goods_id=325803370945,【杀菌】云米空调大3匹柜机一级家用变频冷暖客厅变频冷暖自清洁,全店抓取,325803370945,5299,,正常,2026-04-28 17:12:11,无截图
拼多多,https://mobile.yangkeduo.com/goods.html?goods_id=325232192898,冰箱603,6923185650935,325232192898,2459,,百亿活动相关,2026-04-28 17:12:11,无截图
拼多多,https://mobile.yangkeduo.com/goods.html?goods_id=309984364103,云米智能烘干晾衣架语音声控离线全自动升降阳台LED照明Smart超薄,全店抓取,309984364103,1299,,正常,2026-04-28 17:12:11,无截图
拼多多,https://mobile.yangkeduo.com/goods.html?goods_id=296957182528,复合滤芯,"6923185600138,6923185600145",296957182528,439,,正常,2026-04-28 17:12:11,无截图
拼多多,https://mobile.yangkeduo.com/goods.html?goods_id=293928589058,云米大吸力侧吸烟灶套装抽油烟机猛火燃气灶装嵌入式节能家用厨房,全店抓取,293928589058,1399,,正常,2026-04-28 17:12:11,无截图
拼多多,https://mobile.yangkeduo.com/goods.html?goods_id=291146640482,云米净水器滤芯家用通用系列厨下1A1号2号滤芯RO反渗透滤芯复合,全店抓取,291146640482,199,,正常,2026-04-28 17:12:11,无截图
拼多多,https://mobile.yangkeduo.com/goods.html?goods_id=291141614396,F3-五合一,6923185614258,291141614396,499,298,高价待调整,2026-04-28 17:12:11,无截图
拼多多,https://mobile.yangkeduo.com/goods.html?goods_id=290543633215,复合滤芯,"6923185614258,6923185616177",290543633215,199,,正常,2026-04-28 17:12:11,无截图
拼多多,https://mobile.yangkeduo.com/goods.html?goods_id=289678345008,【内衣母婴专属】云米1KG迷你洗衣机家用全自动洗脱一体除菌波轮,全店抓取,289678345008,1299,,正常,2026-04-28 17:12:11,无截图
拼多多,https://mobile.yangkeduo.com/goods.html?goods_id=289613839419,【智能双投放】云米洗衣机10公斤洗烘一体变频一级能效全自动滚筒,全店抓取,289613839419,2399,,正常,2026-04-28 17:12:11,无截图
拼多多,https://mobile.yangkeduo.com/goods.html?goods_id=289608993802,【超薄洗衣机】云米洗衣机全自动10公斤滚筒47CM超薄洗脱一体,全店抓取,289608993802,2499,,正常,2026-04-28 17:12:11,无截图
拼多多,https://mobile.yangkeduo.com/goods.html?goods_id=289729238975,【杀毒王3匹】云米家用空调变频冷暖柜机立式客厅智能节能新三级,全店抓取,289729238975,3899,,正常,2026-04-28 17:12:11,无截图
拼多多,https://mobile.yangkeduo.com/goods.html?goods_id=283191769057,云米互联网洗碗机4套台面式免安装智能语音控制高温消毒杀菌烘干,全店抓取,283191769057,699,,正常,2026-04-28 17:12:11,无截图
拼多多,https://mobile.yangkeduo.com/goods.html?goods_id=276965357470,云米598升双开门对开门变频一级能效风冷无霜超薄嵌入式智能冰箱,全店抓取,276965357470,2799,,正常,2026-04-28 17:12:11,无截图
拼多多,https://mobile.yangkeduo.com/goods.html?goods_id=276658474666,【全屋智能】云米净饮一体机X2Pro台式免安装净水器即热式饮水机,全店抓取,276658474666,1099,,正常,2026-04-28 17:12:11,无截图
拼多多,https://mobile.yangkeduo.com/goods.html?goods_id=273348857003,云米蓝调智能门锁（基础版）,6923185655381,273348857003,499,,百亿活动相关,2026-04-28 17:12:11,无截图
拼多多,https://mobile.yangkeduo.com/goods.html?goods_id=268591343924,云米顶侧大吸力抽油烟机聚能猛火灶智能家用厨房烟灶套装flash2,全店抓取,268591343924,2499,,正常,2026-04-28 17:12:11,无截图
拼多多,https://mobile.yangkeduo.com/goods.html?goods_id=264080849667,霸王锁体,6923185622154,264080849667,150,150,正常,2026-04-28 17:12:11,无截图
拼多多,https://mobile.yangkeduo.com/goods.html?goods_id=259795065484,【杀毒王】云米空调1.5匹变频冷暖1级能效杀病毒循环除菌 Super2s,全店抓取,259795065484,2499,,正常,2026-04-28 17:12:11,无截图
拼多多,https://mobile.yangkeduo.com/goods.html?goods_id=259115850200,蓝调智能门锁（3D人脸版）,6923185654643,259115850200,629,,百亿活动相关,2026-04-28 17:12:11,无截图
拼多多,https://mobile.yangkeduo.com/goods.html?goods_id=258855020077,云米456升超薄嵌入式对开门双开门变频风冷无霜智能家用电冰箱,全店抓取,258855020077,999,,正常,2026-04-28 17:12:11,无截图
拼多多,https://mobile.yangkeduo.com/goods.html?goods_id=251420900843,【田曦薇推荐】云米负离子空气循环扇大学生宿舍家用直流变频风扇,全店抓取,251420900843,529,,正常,2026-04-28 17:12:11,无截图
拼多多,https://mobile.yangkeduo.com/goods.html?goods_id=249751266813,【DD直驱超薄】云米洗衣机洗烘一体全自动一级能效智能滚筒10公斤,全店抓取,249751266813,2999,,正常,2026-04-28 17:12:11,无截图
拼多多,https://mobile.yangkeduo.com/goods.html?goods_id=247862575297,【DD直驱智能双投放】云米洗衣机全自动10KG一级能效洗脱一体滚筒,全店抓取,247862575297,2499,,正常,2026-04-28 17:12:11,无截图
拼多多,https://mobile.yangkeduo.com/goods.html?goods_id=247228990842,云米智能马桶抗菌座圈恒温即热双增压自动冲水烘干坐便器Nano2,全店抓取,247228990842,2699,,正常,2026-04-28 17:12:11,无截图
拼多多,https://mobile.yangkeduo.com/goods.html?goods_id=246986456918,【小海豚1000G管线机套装】云米净水器家用厨下一键即热制冷直饮,全店抓取,246986456918,2199,,正常,2026-04-28 17:12:11,无截图
拼多多,https://mobile.yangkeduo.com/goods.html?goods_id=245465996610,云米管线机壁挂台式两用冷热开水机家用调温即热饮水机带uv杀菌,全店抓取,245465996610,1999,,正常,2026-04-28 17:12:11,无截图
拼多多,https://mobile.yangkeduo.com/goods.html?goods_id=245015637978,云米电热水器蓝调3200W安全速热卫生间洗澡8倍大水量抑菌水质可视,全店抓取,245015637978,1099,,正常,2026-04-28 17:12:11,无截图
拼多多,https://mobile.yangkeduo.com/goods.html?goods_id=245008294548,云米大容量洗碗机10套家用嵌入式智目洗全自动热风烘干除菌消毒,全店抓取,245008294548,2098,,正常,2026-04-28 17:12:11,无截图
拼多多,https://mobile.yangkeduo.com/goods.html?goods_id=243153009643,云米净饮机X2系列滤芯X2mini mango复合滤芯5in1/6in1 RO反渗透,全店抓取,243153009643,288,,正常,2026-04-28 17:12:11,无截图
拼多多,https://mobile.yangkeduo.com/goods.html?goods_id=241667411785,云米即热式饮水机1键即热水吧3档控温4L大容量台式免安装,全店抓取,241667411785,589,,正常,2026-04-28 17:12:11,无截图
拼多多,https://mobile.yangkeduo.com/goods.html?goods_id=237591380789,云米全自动智能马桶水箱泡沫盾抗菌即热恒温座圈离座冲水小鲸鱼2,全店抓取,237591380789,1999,,正常,2026-04-28 17:12:11,无截图
拼多多,https://mobile.yangkeduo.com/goods.html?goods_id=237590247709,【1小时洗烘】云米全自动洗衣机1级能效10公斤洗烘一体烘干机滚筒,全店抓取,237590247709,2399,,正常,2026-04-28 17:12:11,无截图
拼多多,https://mobile.yangkeduo.com/goods.html?goods_id=231833573024,小烤箱6L,6923185603221,231833573024,199,174,高价待调整,2026-04-28 17:12:11,无截图
拼多多,https://mobile.yangkeduo.com/goods.html?goods_id=228907185185,云米16L零冷水燃气热水器家用智能变频即热水气双调恒温安全防冻,全店抓取,228907185185,1699,,正常,2026-04-28 17:12:11,无截图
拼多多,https://mobile.yangkeduo.com/goods.html?goods_id=227970049599,云米净水器水龙头过滤器自来水家用厨房超滤滤水器前置净化器,全店抓取,227970049599,159,,正常,2026-04-28 17:12:11,无截图
拼多多,https://mobile.yangkeduo.com/goods.html?goods_id=226771358169,1云米净水器家用厨房农村水龙头过滤器自来水净化器MT1/2,全店抓取,226771358169,79,,正常,2026-04-28 17:12:11,无截图
拼多多,https://mobile.yangkeduo.com/goods.html?goods_id=223485946991,云米智能洗碗机10套热风烘干消毒嵌入式洗烘存一体家用IronA1,全店抓取,223485946991,2299,,正常,2026-04-28 17:12:11,无截图
拼多多,https://mobile.yangkeduo.com/goods.html?goods_id=225501370546,小海豚3,6923185605867,225501370546,999,499,高价待调整,2026-04-28 17:12:11,无截图
拼多多,https://mobile.yangkeduo.com/goods.html?goods_id=224216987554,云米净水器滤芯S2、Fast厨下1A400G600G 1号复合滤芯RO反渗透滤芯,全店抓取,224216987554,499,,正常,2026-04-28 17:12:11,无截图
拼多多,https://mobile.yangkeduo.com/goods.html?goods_id=223686266452,云米全自动滚筒洗衣机10KG洗烘一体除菌家用智能投放超薄嵌入M2,全店抓取,223686266452,3299,,正常,2026-04-28 17:12:11,无截图
拼多多,https://mobile.yangkeduo.com/goods.html?goods_id=223486025603,云米互联网洗碗机全自动家用8套热风烘干消毒嵌入式Iron X1,全店抓取,223486025603,1799,,正常,2026-04-28 17:12:11,无截图
拼多多,https://mobile.yangkeduo.com/goods.html?goods_id=222446512832,【冷酷王】云米大一匹单冷空调独立除湿秒速制冷家用卧室节能变频,全店抓取,222446512832,1699,,正常,2026-04-28 17:12:11,无截图
拼多多,https://mobile.yangkeduo.com/goods.html?goods_id=221876010591,云米净水器家用直饮RO反渗透净饮一体净水机滤芯1200GSuper2max,全店抓取,221876010591,4299,,正常,2026-04-28 17:12:11,无截图
拼多多,https://mobile.yangkeduo.com/goods.html?goods_id=221842463604,1小米云米净水器RO反渗透纯水机厨下家用直饮过滤器饮水机600加仑,全店抓取,221842463604,1300,,正常,2026-04-28 17:12:11,无截图
拼多多,https://mobile.yangkeduo.com/goods.html?goods_id=221686401936,【空调套装】云米空调3室1厅组合 新1级能效3P柜机+新1级1.5P挂机,全店抓取,221686401936,10999,,正常,2026-04-28 17:12:11,无截图
拼多多,https://mobile.yangkeduo.com/goods.html?goods_id=221565163539,【语音柔风王】云米空调柜机冷暖双变频一级能效客厅立式智能空调,全店抓取,221565163539,6499,,正常,2026-04-28 17:12:11,无截图
拼多多,https://mobile.yangkeduo.com/goods.html?goods_id=220936223742,云米燃气热水器变频恒温8大安全防护 家用节能防冻速热FireC113L,全店抓取,220936223742,1099,,正常,2026-04-28 17:12:11,无截图
拼多多,https://mobile.yangkeduo.com/goods.html?goods_id=220867531419,"(X2Pro链接,少量差评可做备选)云米净饮一体机X2mini Mango",全店抓取,220867531419,1099,,正常,2026-04-28 17:12:11,无截图
拼多多,https://mobile.yangkeduo.com/goods.html?goods_id=220820325711,云米消毒柜（嵌入式）云米版,6923185604303,220820325711,899,,百亿活动相关,2026-04-28 17:12:11,无截图
拼多多,https://mobile.yangkeduo.com/goods.html?goods_id=219691919640,【阳光暖烘】云米智能晾衣架全自动升降联网烘干电动晾衣机阳台,全店抓取,219691919640,1599,,正常,2026-04-28 17:12:11,无截图
拼多多,https://mobile.yangkeduo.com/goods.html?goods_id=219492848549,云米家用门锁智能锁指纹密码锁防盗门电子门锁全自动推拉门锁,全店抓取,219492848549,1299,,正常,2026-04-28 17:12:11,无截图
拼多多,https://mobile.yangkeduo.com/goods.html?goods_id=219486126363,flash烟机,6923185613664,219486126363,899,,百亿活动相关,2026-04-28 17:12:11,无截图
拼多多,https://mobile.yangkeduo.com/goods.html?goods_id=217541928957,云米真空保温杯轻便携不锈钢大学生自习室茶杯300ml,全店抓取,217541928957,89,,正常,2026-04-28 17:12:11,无截图
拼多多,https://mobile.yangkeduo.com/goods.html?goods_id=217105737391,云米智能马桶浴霸套装 即热全自动座便器  小爱语音浴霸 卫浴套装,全店抓取,217105737391,3499,,正常,2026-04-28 17:12:11,无截图
拼多多,https://mobile.yangkeduo.com/goods.html?goods_id=215991927819,【烟灶联动】云米顶侧3吸大吸力抽油烟机聚能燃气灶烟灶套装Super,全店抓取,215991927819,2499,,正常,2026-04-28 17:12:11,无截图
拼多多,https://mobile.yangkeduo.com/goods.html?goods_id=215505605173,【上门安装】云米电热水器安全速热家用洗澡储水式省电VEW605A,全店抓取,215505605173,599,,正常,2026-04-28 17:12:11,无截图
拼多多,https://mobile.yangkeduo.com/goods.html?goods_id=215498018054,【空调套装】云米空调1室1厅组合 新1级能效2P柜机+新1级1.5P挂机,全店抓取,215498018054,6199,,正常,2026-04-28 17:12:11,无截图
拼多多,https://mobile.yangkeduo.com/goods.html?goods_id=214448170082,云米即热水吧办公室台式免安装宿舍小型饮水机2.5L大容量烧热水壶,全店抓取,214448170082,299,,正常,2026-04-28 17:12:11,无截图
拼多多,https://mobile.yangkeduo.com/goods.html?goods_id=213946234221,云米无线手持吸尘器家用立式除螨大吸力吸尘机A9长续航宠物家庭,全店抓取,213946234221,899,,正常,2026-04-28 17:12:11,无截图
拼多多,https://mobile.yangkeduo.com/goods.html?goods_id=212124982919,云米踢脚线电暖器家用客厅节能速热加湿取暖器语音控制智能定时,全店抓取,212124982919,699,,正常,2026-04-28 17:12:11,无截图
拼多多,https://mobile.yangkeduo.com/goods.html?goods_id=211439538390,云米即热饮水机1键即热水吧4档控温4L大容量台式免安装,全店抓取,211439538390,429,,正常,2026-04-28 17:12:11,无截图
拼多多,https://mobile.yangkeduo.com/goods.html?goods_id=209415771537,【声控晾衣架】云米智能电动晾衣架无线遥控大容量自动升降控制,全店抓取,209415771537,899,,正常,2026-04-28 17:12:11,无截图
拼多多,https://mobile.yangkeduo.com/goods.html?goods_id=209406625494,蓝调智能门锁（大屏猫眼版）,6923185654667,209406625494,999,,正常,2026-04-28 17:12:11,无截图
拼多多,https://mobile.yangkeduo.com/goods.html?goods_id=208077402678,【柔风王】云米空调1.5匹新1级能效变频冷暖超大导板挂机 Smart2S,全店抓取,208077402678,2399,,正常,2026-04-28 17:12:11,无截图
拼多多,https://mobile.yangkeduo.com/goods.html?goods_id=208074025148,云米净水器600G小海豚厨下式RO反渗透直饮过滤器净饮机家用出租屋,全店抓取,208074025148,899,,正常,2026-04-28 17:12:11,无截图
拼多多,https://mobile.yangkeduo.com/goods.html?goods_id=208071231700,云米60L速热电热水器3000W一级节能变频增容租房安全已接入米家AP,全店抓取,208071231700,749,,正常,2026-04-28 17:12:11,无截图
拼多多,https://mobile.yangkeduo.com/goods.html?goods_id=208069905615,【杀病毒空调】云米大1匹空调变频冷暖自动调温一级能效 Super2s,全店抓取,208069905615,2099,,正常,2026-04-28 17:12:11,无截图
拼多多,https://mobile.yangkeduo.com/goods.html?goods_id=207799885384,【超薄除螨】云米家用全自动洗烘一体10公斤洗衣机滚筒 Master S,全店抓取,207799885384,2699,,正常,2026-04-28 17:12:11,无截图
拼多多,https://mobile.yangkeduo.com/goods.html?goods_id=207783866280,【超窄冰箱】云米冰箱风冷无霜AI双变频78CM超窄对开门电冰箱436L,全店抓取,207783866280,2199,,正常,2026-04-28 17:12:11,无截图
拼多多,https://mobile.yangkeduo.com/goods.html?goods_id=207250698147,400加仑智能净水器 RO反渗透纯水机无桶 MR432-D,全店抓取,207250698147,899,,正常,2026-04-28 17:12:11,无截图
拼多多,https://mobile.yangkeduo.com/goods.html?goods_id=205628593157,云米滚筒10kg大容量家用全自动洗烘一体洗衣机除菌节能智能互联,全店抓取,205628593157,1899,,正常,2026-04-28 17:12:11,无截图
拼多多,https://mobile.yangkeduo.com/goods.html?goods_id=205463909525,【十字冰箱】云米十字四开门冰箱精细分储AI双变频风冷无霜410升,全店抓取,205463909525,2699,,正常,2026-04-28 17:12:11,无截图
拼多多,https://mobile.yangkeduo.com/goods.html?goods_id=205442655354,【超薄冰箱】云米冰箱嵌入式双开门变频风冷无霜大容量对开456升,全店抓取,205442655354,2699,,正常,2026-04-28 17:12:11,无截图
拼多多,https://mobile.yangkeduo.com/goods.html?goods_id=205451808289,小厨宝,6923185611233,205451808289,359,,正常,2026-04-28 17:12:11,无截图
拼多多,https://mobile.yangkeduo.com/goods.html?goods_id=205467667434,[新品上市]VIOMI 云米净水器600G小海豚3厨下式RO反渗透直饮家用,全店抓取,205467667434,69,,正常,2026-04-28 17:12:11,无截图
拼多多,https://mobile.yangkeduo.com/goods.html?goods_id=205378217791,1级能效云米燃气灶 可联网 10重安保 厨房灶具 天然气猛火灶4500W,全店抓取,205378217791,799,,正常,2026-04-28 17:12:11,无截图
拼多多,https://mobile.yangkeduo.com/goods.html?goods_id=205448553075,云米电热水器VEW605家用小型储水速热节能漏电保护60L,全店抓取,205448553075,599,,正常,2026-04-28 17:12:11,无截图
拼多多,https://mobile.yangkeduo.com/goods.html?goods_id=205458105137,小海豚2 1000G,6923185654865,205458105137,899,899,百亿活动相关,2026-04-28 17:12:11,无截图
拼多多2,https://mobile.yangkeduo.com/goods.html?goods_id=942754114793,云米AI燃气热水器 智控恒温防冻节能安全水质净化精准控温13L强排,全店抓取,942754114793,999,,正常,2026-04-28 17:16:41,无截图
拼多多2,https://mobile.yangkeduo.com/goods.html?goods_id=942740482351,云米AI燃气热水器 智控恒温防冻节能安全水质净化精准控温13L强排,全店抓取,942740482351,999,,正常,2026-04-28 17:16:41,无截图
拼多多2,https://mobile.yangkeduo.com/goods.html?goods_id=942656610557,云米即热净水器厨房家用直饮RO反渗透加热净饮一体机1000G,全店抓取,942656610557,2999,,正常,2026-04-28 17:16:41,无截图
拼多多2,https://mobile.yangkeduo.com/goods.html?goods_id=939930331098,VIOMI云米 滤芯 反渗透滤芯RO膜,全店抓取,939930331098,598,,正常,2026-04-28 17:16:41,无截图
拼多多2,https://mobile.yangkeduo.com/goods.html?goods_id=939928309801,VIOMI云米 滤芯 反渗透滤芯RO膜,全店抓取,939928309801,239,,正常,2026-04-28 17:16:41,无截图
拼多多2,https://mobile.yangkeduo.com/goods.html?goods_id=939760939921,云米净水器Super2Y1200G家用直饮厨下式RO反渗透鲜活泉无陈水,全店抓取,939760939921,999,,百亿活动相关,2026-04-28 17:16:41,无截图
拼多多2,https://mobile.yangkeduo.com/goods.html?goods_id=932391238524,VIOMI 云米净水器小海豚3 厨下式RO反渗透直饮家用 无罐一体式,全店抓取,932391238524,895.5,,正常,2026-04-28 17:16:41,无截图
拼多多2,https://mobile.yangkeduo.com/goods.html?goods_id=931163598005,云米净水器Super2Y1200G家用直饮厨下式RO反渗透鲜活泉无陈水,全店抓取,931163598005,2299,,正常,2026-04-28 17:16:41,无截图
拼多多2,https://mobile.yangkeduo.com/goods.html?goods_id=926760918505,VIOMI云米净水器小海豚600G+升级版厨下式 RO 反渗透直饮家用,全店抓取,926760918505,904,,正常,2026-04-28 17:16:41,无截图
拼多多2,https://mobile.yangkeduo.com/goods.html?goods_id=926574119933,昆仑4弱碱 1400G,6923185655718,926574119933,2999,3599,破价警报 | 百亿活动相关,2026-04-28 17:16:41,无截图
拼多多2,https://mobile.yangkeduo.com/goods.html?goods_id=926440536018,云米小厨宝6L电热水器厨房卫生间出水恒温储水式小型速热神器加热,全店抓取,926440536018,399,,正常,2026-04-28 17:16:41,无截图
拼多多2,https://mobile.yangkeduo.com/goods.html?goods_id=925977908012,云米昆仑3矿泉净水器2S Pro,6923185656593,925977908012,2998,2899,高价待调整,2026-04-28 17:16:41,无截图
拼多多2,https://mobile.yangkeduo.com/goods.html?goods_id=925958299439,云米(VIOMI) 家用昆仑4弱碱1200G 矿物质直饮反渗透厨下过滤器,全店抓取,925958299439,3999,,正常,2026-04-28 17:16:41,无截图
拼多多2,https://mobile.yangkeduo.com/goods.html?goods_id=925904229459,VIOMI云米净水器600G小蓝调厨下式RO反渗透直饮家用6年长效,全店抓取,925904229459,728,,百亿活动相关,2026-04-28 17:16:41,无截图
拼多多2,https://mobile.yangkeduo.com/goods.html?goods_id=925874862450,小京龙Pro1100G,6923185655220,925874862450,799,1099,破价警报 | 百亿活动相关,2026-04-28 17:16:41,无截图
拼多多2,https://mobile.yangkeduo.com/goods.html?goods_id=925737084752,门锁普通版E30,6923185656074,925737084752,499,,百亿活动相关,2026-04-28 17:16:41,无截图
拼多多2,https://mobile.yangkeduo.com/goods.html?goods_id=916998985237,云米(VIOMI)净水机昆仑3 2E净矿1000G净水器 6年RO膜 接入米家,全店抓取,916998985237,2599,,正常,2026-04-28 17:16:41,无截图
拼多多2,https://mobile.yangkeduo.com/goods.html?goods_id=925730122772,蓝调智能门锁（大屏猫眼版）,6923185654667,925730122772,999,,正常,2026-04-28 17:16:41,无截图
拼多多2,https://mobile.yangkeduo.com/goods.html?goods_id=925730329478,云米蓝调智能门锁（基础版）,6923185655381,925730329478,499,,百亿活动相关,2026-04-28 17:16:41,无截图
拼多多2,https://mobile.yangkeduo.com/goods.html?goods_id=925731404024,门锁掌静脉,6923185655398,925731404024,1069,,百亿活动相关,2026-04-28 17:16:41,无截图
拼多多2,https://mobile.yangkeduo.com/goods.html?goods_id=925231209174,蓝调智能门锁（人脸猫眼版）,6923185654650,925231209174,709,,百亿活动相关,2026-04-28 17:16:41,无截图
拼多多2,https://mobile.yangkeduo.com/goods.html?goods_id=925230364669,蓝调智能门锁（3D人脸版）,6923185654643,925230364669,629,,百亿活动相关,2026-04-28 17:16:41,无截图
拼多多2,https://mobile.yangkeduo.com/goods.html?goods_id=920795499656,VIOMI云米小海豚3净水器5年长效RO反渗透厨下一体机水过滤大通量,全店抓取,920795499656,1299,,正常,2026-04-28 17:16:41,无截图
拼多多2,https://mobile.yangkeduo.com/goods.html?goods_id=920088070226,云米新品鲲鹏PRO油烟机28m³大吸力易清洁挥手智控烟灶联动小噪音,全店抓取,920088070226,2399,,正常,2026-04-28 17:16:41,无截图
拼多多2,https://mobile.yangkeduo.com/goods.html?goods_id=918828889854,VIOMI云米净水器600G小蓝调厨下式RO反渗透直饮家用6年长效,全店抓取,918828889854,1299,,正常,2026-04-28 17:16:41,无截图
拼多多2,https://mobile.yangkeduo.com/goods.html?goods_id=917044137245,云米前置过滤器家用自来水前置净水器自动反冲洗全屋净水机大流量,全店抓取,917044137245,498,,正常,2026-04-28 17:16:41,无截图
拼多多2,https://mobile.yangkeduo.com/goods.html?goods_id=917042534932,云米前置过滤器家用自来水前置净水器自动反冲洗全屋净水机大流量,全店抓取,917042534932,498,,正常,2026-04-28 17:16:41,无截图
拼多多2,https://mobile.yangkeduo.com/goods.html?goods_id=917038452382,小海豚+管线机,"S2405281401001,S2407170910001",917038452382,1349,,百亿活动相关,2026-04-28 17:16:41,无截图
拼多多2,https://mobile.yangkeduo.com/goods.html?goods_id=917034829515,管线机2E,6923185650966,917034829515,869,1599,破价警报 | 百亿活动相关,2026-04-28 17:16:41,无截图
拼多多2,https://mobile.yangkeduo.com/goods.html?goods_id=917032713009,管线机2S,6923185652526,917032713009,669,1699,破价警报 | 百亿活动相关,2026-04-28 17:16:41,无截图
拼多多2,https://mobile.yangkeduo.com/goods.html?goods_id=917031150770,云米·泉先AI净水器蓝调600G+,6923185653592,917031150770,649,999,破价警报 | 百亿活动相关,2026-04-28 17:16:41,无截图
拼多多2,https://mobile.yangkeduo.com/goods.html?goods_id=917001945930,云米矿泉台式净饮机即热式饮水机直饮家用矿化加热一体机净水器,全店抓取,917001945930,2199,,正常,2026-04-28 17:16:41,无截图
拼多多2,https://mobile.yangkeduo.com/goods.html?goods_id=916996455515,云米AI冷热管线机Super2 Pro,6923185655794,916996455515,1449,1999,破价警报 | 百亿活动相关,2026-04-28 17:16:41,无截图
拼多多2,https://mobile.yangkeduo.com/goods.html?goods_id=916452280972,900G,6923185654292,916452280972,749,1499,破价警报 | 百亿活动相关,2026-04-28 17:16:41,无截图
拼多多2,https://mobile.yangkeduo.com/goods.html?goods_id=916441693850,云米(VIOMI) 小海豚PRO 家用净水机 净水器 反渗透大通量 RO膜,全店抓取,916441693850,899,,百亿活动相关,2026-04-28 17:16:41,无截图
拼多多2,https://mobile.yangkeduo.com/goods.html?goods_id=916398420768,复合滤芯,"6923185614258,6923185615750,6923185614265",916398420768,128.98,,百亿活动相关,2026-04-28 17:16:41,无截图
拼多多2,https://mobile.yangkeduo.com/goods.html?goods_id=915797572693,600G滤芯套餐,S2412282008001,915797572693,904,,正常,2026-04-28 17:16:41,无截图
拼多多2,https://mobile.yangkeduo.com/goods.html?goods_id=885690465484,小海豚600G+,6923185653684,885690465484,559,559,百亿活动相关,2026-04-28 17:16:41,无截图
拼多多2,https://mobile.yangkeduo.com/goods.html?goods_id=882919216767,小白龙 800G+,6923185653974,882919216767,1199,1299,破价警报,2026-04-28 17:16:41,无截图
拼多多2,https://mobile.yangkeduo.com/goods.html?goods_id=879245702873,VIOMI云米小海豚3净水器5年长效RO反渗透厨下一体机水过滤大通量,全店抓取,879245702873,1299,,正常,2026-04-28 17:16:41,无截图
拼多多2,https://mobile.yangkeduo.com/goods.html?goods_id=874350558652,VIOMI云米滤芯 小海豚3适用,全店抓取,874350558652,129,,百亿活动相关,2026-04-28 17:16:41,无截图
拼多多2,https://mobile.yangkeduo.com/goods.html?goods_id=873053402073,VIOMI云米小海豚3净水器5年长效RO反渗透厨下一体机水过滤大通量,全店抓取,873053402073,1199,,正常,2026-04-28 17:16:41,无截图
拼多多2,https://mobile.yangkeduo.com/goods.html?goods_id=530950162370,云米小海豚2 1000G净水器净水机管线机即热饮水机前置过滤器套装,全店抓取,530950162370,1799,,正常,2026-04-28 17:16:41,无截图
拼多多2,https://mobile.yangkeduo.com/goods.html?goods_id=500282125061,云米1.5匹变频冷暖Milano2ProAI语音UVC除菌新一级智能电器挂机,全店抓取,500282125061,2799,,正常,2026-04-28 17:16:41,无截图
拼多多2,https://mobile.yangkeduo.com/goods.html?goods_id=497869228081,云米521升风冷无霜一级变频十字四开门对开门大容量智能电器冰箱,全店抓取,497869228081,2799,,正常,2026-04-28 17:16:41,无截图
拼多多2,https://mobile.yangkeduo.com/goods.html?goods_id=491420502929,云米1.5匹AI智能电器变频空调冷暖两用新一级省电家用杀菌挂机,全店抓取,491420502929,2599,,正常,2026-04-28 17:16:41,无截图
拼多多2,https://mobile.yangkeduo.com/goods.html?goods_id=489538266025,云米TDS水质检测笔测水质仪饮用水检测器家用自来水水质测试仪器,全店抓取,489538266025,99,,正常,2026-04-28 17:16:41,无截图
拼多多2,https://mobile.yangkeduo.com/goods.html?goods_id=6120759451,云米VO1602电烤箱多功能烤箱家用烘焙小型蛋糕电烤鸡翅披萨16L,全店抓取,6120759451,149,,正常,2026-04-28 17:16:41,无截图
米家有品,https://m.xiaomiyoupin.com/detail?gid=169923,云米小厨宝6L,6923185611233,default,254,,价格正常,2026-04-28 17:18:11,d:\WorkSpace\01_自动化开发\App1_Price_Monitor品牌价格\price_screenshots\2026-04-28_YP_6923185611233_1777367890314.jpg
米家有品,https://m.xiaomiyoupin.com/detail?gid=169944,云米电热水器X1（50L）,6923185614920,default,569,,价格正常,2026-04-28 17:18:17,d:\WorkSpace\01_自动化开发\App1_Price_Monitor品牌价格\price_screenshots\2026-04-28_YP_6923185614920_1777367896422.jpg
米家有品,https://m.xiaomiyoupin.com/detail?gid=171451,云米AI燃气灶 Super   5.2（天然气）,6923185650348,default,439,,价格正常,2026-04-28 17:18:24,d:\WorkSpace\01_自动化开发\App1_Price_Monitor品牌价格\price_screenshots\2026-04-28_YP_6923185650348_1777367902582.jpg
米家有品,https://www.xiaomiyoupin.com/detail?gid=176105,蓝调2燃气热水器13L,6923185655688,default,Not Found,,未知,2026-04-28 17:18:26,
米家有品,https://m.xiaomiyoupin.com/detail?gid=169911,云米AI电热水器 小蓝调50L,6923185649076,default,559,,价格正常,2026-04-28 17:18:33,d:\WorkSpace\01_自动化开发\App1_Price_Monitor品牌价格\price_screenshots\2026-04-28_YP_6923185649076_1777367911938.jpg
米家有品,https://m.xiaomiyoupin.com/detail?gid=171512,云米油烟机蓝调,6923185650973,default,899,,价格正常,2026-04-28 17:18:39,d:\WorkSpace\01_自动化开发\App1_Price_Monitor品牌价格\price_screenshots\2026-04-28_YP_6923185650973_1777367918229.jpg
米家有品,https://www.xiaomiyoupin.com/detail?gid=171444,云米互联网油烟机Flash,6923185613664,default,Not Found,,未知,2026-04-28 17:18:42,
米家有品,https://m.xiaomiyoupin.com/detail?gid=115279,云米厨余垃圾处理器  PowerBox 尊享版,6923185610250,default,799,,价格正常,2026-04-28 17:18:49,d:\WorkSpace\01_自动化开发\App1_Price_Monitor品牌价格\price_screenshots\2026-04-28_YP_6923185610250_1777367927579.jpg
米家有品,https://m.xiaomiyoupin.com/detail?gid=103805,云米消毒柜（嵌入式）云米版,6923185604303,default,1729,,价格正常,2026-04-28 17:18:55,d:\WorkSpace\01_自动化开发\App1_Price_Monitor品牌价格\price_screenshots\2026-04-28_YP_6923185604303_1777367934044.jpg
米家有品,https://www.xiaomiyoupin.com/detail?gid=171459,云米AI油烟机Smart,6923185649229,default,Not Found,899,未知,2026-04-28 17:18:57,
米家有品,https://m.xiaomiyoupin.com/detail?gid=171425,云米AI油烟机 Super,6923185649762,default,Not Found,,未知,2026-04-28 17:18:59,
米家有品,https://www.xiaomiyoupin.com/detail?gid=178114,云米蓝调系列多功能冰沙机,6923185656135,default,Not Found,,未知,2026-04-28 17:19:01,
米家有品,https://www.xiaomiyoupin.com/detail?gid=176835,云米AI油烟机 Smart 2 Pro,6923185653516,default,Not Found,,未知,2026-04-28 17:19:04,
米家有品,https://m.xiaomiyoupin.com/detail?gid=176640,云米AI油烟机 鲲鹏Pro,6923185605379,default,1999,,价格正常,2026-04-28 17:19:10,d:\WorkSpace\01_自动化开发\App1_Price_Monitor品牌价格\price_screenshots\2026-04-28_YP_6923185605379_1777367949308.jpg
拼多多,https://mobile.yangkeduo.com/goods.html?goods_id=912927521784,小京龙2Pro净矿,6923185656791,912927521784,1273,2499,破价警报 | 百亿活动相关,2026-04-28 18:16:23,无截图
拼多多,https://mobile.yangkeduo.com/goods.html?goods_id=908884844099,管线机2S,6923185652526,908884844099,999,1699,破价警报,2026-04-28 18:16:23,无截图
拼多多,https://mobile.yangkeduo.com/goods.html?goods_id=908879495872,smart 前置过滤器 （VF4-A）,6923185621058,908879495872,289,499,破价警报 | 百亿活动相关,2026-04-28 18:16:23,无截图
拼多多,https://mobile.yangkeduo.com/goods.html?goods_id=907974025123,小海豚1000G,6923185654865,907974025123,899,899,百亿活动相关,2026-04-28 18:16:23,无截图
拼多多,https://mobile.yangkeduo.com/goods.html?goods_id=907033710117,云米昆仑3矿泉净水器2S Pro,6923185656593,907033710117,2998,2899,高价待调整,2026-04-28 18:16:23,无截图
拼多多,https://mobile.yangkeduo.com/goods.html?goods_id=873065157674,小海豚600G适用滤芯,6923185618379,873065157674,598,299,高价待调整,2026-04-28 18:16:23,无截图
拼多多,https://mobile.yangkeduo.com/goods.html?goods_id=872941778883,1000G复合滤芯,6923185653998,872941778883,288,298,破价警报,2026-04-28 18:16:23,无截图
拼多多,https://mobile.yangkeduo.com/goods.html?goods_id=870799733097,油烟机 smart2,6923185653110,870799733097,1599,,正常,2026-04-28 18:16:23,无截图
拼多多,https://mobile.yangkeduo.com/goods.html?goods_id=868834124642,云米AI油烟机Super升级,6923185605829,868834124642,1279,,百亿活动相关,2026-04-28 18:16:23,无截图
拼多多,https://mobile.yangkeduo.com/goods.html?goods_id=868851073714,小海豚3,6923185605867,868851073714,499,499,百亿活动相关,2026-04-28 18:16:23,无截图
拼多多,https://mobile.yangkeduo.com/goods.html?goods_id=862873034610,小海豚3,6923185605867,862873034610,618.8,499,高价待调整 | 百亿活动相关,2026-04-28 18:16:23,无截图
拼多多,https://mobile.yangkeduo.com/goods.html?goods_id=862584688956,门锁门禁卡,6923185654230,862584688956,25,19,高价待调整,2026-04-28 18:16:23,无截图
拼多多,https://mobile.yangkeduo.com/goods.html?goods_id=861508688697,管线机2E,6923185650966,861508688697,1998,1599,高价待调整,2026-04-28 18:16:23,无截图
拼多多,https://mobile.yangkeduo.com/goods.html?goods_id=852932116812,云米净水器600G小海豚升级版厨下式RO反渗透直饮家用,852932116812,852932116812,772,,百亿活动相关,2026-04-28 18:16:23,无截图
拼多多,https://mobile.yangkeduo.com/goods.html?goods_id=852614628903,云米厨余垃圾处理器  PowerBox 尊享版,6923185610250,852614628903,799,,百亿活动相关,2026-04-28 18:16:23,无截图
拼多多,https://mobile.yangkeduo.com/goods.html?goods_id=852161740747,小海豚600G+,6923185653684,852161740747,899,559,高价待调整,2026-04-28 18:16:23,无截图
拼多多,https://mobile.yangkeduo.com/goods.html?goods_id=852010588191,蓝调2Pro-JSQ30-VGW1641,6923185656869,852010588191,1099,,正常,2026-04-28 18:16:23,无截图
拼多多,https://mobile.yangkeduo.com/goods.html?goods_id=850883552953,云米·泉先AI净水器蓝调600G+,6923185653592,850883552953,649,999,破价警报 | 百亿活动相关,2026-04-28 18:16:23,无截图
拼多多,https://mobile.yangkeduo.com/goods.html?goods_id=850344043841,云米AI净饮机Super 2,6923185615415,850344043841,1009,1699,破价警报 | 百亿活动相关,2026-04-28 18:16:23,无截图
拼多多,https://mobile.yangkeduo.com/goods.html?goods_id=849648457333,云米AI昆仑矿泉净水机 Super 2E 2500,6923185654254,849648457333,1549,2499,破价警报 | 百亿活动相关,2026-04-28 18:16:23,无截图
拼多多,https://mobile.yangkeduo.com/goods.html?goods_id=849000374681,云米AI净水器Super 2Y 1200G,6923185653981,849000374681,2299,1899,高价待调整,2026-04-28 18:16:23,无截图
拼多多,https://mobile.yangkeduo.com/goods.html?goods_id=846212481564,云米蓝调2双胆电热水器60L超短超薄速热增容大水量3000W杀菌安全,846212481564,846212481564,1199,,正常,2026-04-28 18:16:23,无截图
拼多多,https://mobile.yangkeduo.com/goods.html?goods_id=837301408995,云米AI冷热管线机Super2 Pro,6923185655794,837301408995,1449,1999,破价警报 | 百亿活动相关,2026-04-28 18:16:23,无截图
拼多多,https://mobile.yangkeduo.com/goods.html?goods_id=832431516907,门锁普通版E30,6923185656074,832431516907,499,,百亿活动相关,2026-04-28 18:16:23,无截图
拼多多,https://mobile.yangkeduo.com/goods.html?goods_id=823432069145,手持吸尘器,6923185611844,823432069145,999,602,高价待调整,2026-04-28 18:16:23,无截图
拼多多,https://mobile.yangkeduo.com/goods.html?goods_id=819506595979,云米净水器  600G+ 新升级厨下式RO反渗透直饮家用,819506595979,819506595979,1099,,正常,2026-04-28 18:16:23,无截图
拼多多,https://mobile.yangkeduo.com/goods.html?goods_id=806062288852,云米无线手持吸尘器家用立式除螨大吸力吸尘机A9长续航宠物家庭,806062288852,806062288852,999,,正常,2026-04-28 18:16:23,无截图
拼多多,https://mobile.yangkeduo.com/goods.html?goods_id=795732084979,云米燃气热水器增压水伺服恒温省气抗风节能排气16L已接入米家APP,795732084979,795732084979,1599,,正常,2026-04-28 18:16:23,无截图
拼多多,https://mobile.yangkeduo.com/goods.html?goods_id=791982350266,云米3200W电热水器智能抑菌速热节能一级能效增容已接入米家app,791982350266,791982350266,799,,正常,2026-04-28 18:16:23,无截图
拼多多,https://mobile.yangkeduo.com/goods.html?goods_id=791968310970,云米智能电热水器3200W节能变频增容速热家用浴室洗澡抑菌50L/60L,791968310970,791968310970,759,,正常,2026-04-28 18:16:23,无截图
拼多多,https://mobile.yangkeduo.com/goods.html?goods_id=791519887797,云米超薄零嵌510L大容量冰箱美妆舱底部散热一级变频双开门风冷,791519887797,791519887797,2789,,百亿活动相关,2026-04-28 18:16:23,无截图
拼多多,https://mobile.yangkeduo.com/goods.html?goods_id=784230725200,云米鲲鹏PRO烟机28m³大吸力聚能猛火灶一级能效烟灶联动厨电套装,784230725200,784230725200,2899,,正常,2026-04-28 18:16:23,无截图
拼多多,https://mobile.yangkeduo.com/goods.html?goods_id=783305466570,云米智能烘干晾衣架语音声控离线全自动升降阳台LED照明Smart超薄,783305466570,783305466570,1299,,正常,2026-04-28 18:16:23,无截图
拼多多,https://mobile.yangkeduo.com/goods.html?goods_id=783304689053,【声控晾衣架】云米智能电动晾衣架无线遥控大容量自动升降控制,783304689053,783304689053,999,,正常,2026-04-28 18:16:23,无截图
拼多多,https://mobile.yangkeduo.com/goods.html?goods_id=774960777953,蓝调2燃气热水器13L,6923185655688,774960777953,679,,百亿活动相关,2026-04-28 18:16:23,无截图
拼多多,https://mobile.yangkeduo.com/goods.html?goods_id=767193647325,门锁掌静脉,6923185655398,767193647325,1104,,百亿活动相关,2026-04-28 18:16:23,无截图
拼多多,https://mobile.yangkeduo.com/goods.html?goods_id=765112154467,小鲸鱼 马桶盖,6923185654537,765112154467,699,,百亿活动相关,2026-04-28 18:16:23,无截图
拼多多,https://mobile.yangkeduo.com/goods.html?goods_id=763759392708,云米AI油烟机 鲲鹏Pro,6923185605379,763759392708,1999,,百亿活动相关,2026-04-28 18:16:23,无截图
拼多多,https://mobile.yangkeduo.com/goods.html?goods_id=761822913595,云米智能马桶 小鲸鱼 2 Pro,6923185654575,761822913595,2399,,百亿活动相关,2026-04-28 18:16:23,无截图
拼多多,https://mobile.yangkeduo.com/goods.html?goods_id=743885774552,云米蓝调智能门锁（基础版）,6923185655381,743885774552,499,,百亿活动相关,2026-04-28 18:16:23,无截图
拼多多,https://mobile.yangkeduo.com/goods.html?goods_id=739863611562,云米AI油烟机 Smart 2 Pro,6923185653516,739863611562,1499,,正常,2026-04-28 18:16:23,无截图
拼多多,https://mobile.yangkeduo.com/goods.html?goods_id=705715580268,智能门锁锂电池(5000mAh),6923185652953,705715580268,114,99,高价待调整,2026-04-28 18:16:23,无截图
拼多多,https://mobile.yangkeduo.com/goods.html?goods_id=697436012016,【新品】云米120°超广角猫眼全自动智能门锁家用客厅室内高清大屏,697436012016,697436012016,999,,正常,2026-04-28 18:16:23,无截图
拼多多,https://mobile.yangkeduo.com/goods.html?goods_id=691819698413,云米电热水器50/60升洗澡家用浴室速热大容量省电防漏电警示安全,691819698413,691819698413,799,,正常,2026-04-28 18:16:23,无截图
拼多多,https://mobile.yangkeduo.com/goods.html?goods_id=661859626284,小海豚-40L-2000w热水器,6923185681281,661859626284,599,,正常,2026-04-28 18:16:23,无截图
拼多多,https://mobile.yangkeduo.com/goods.html?goods_id=657344402006,云米油烟机蓝调,6923185650973,657344402006,859,,百亿活动相关,2026-04-28 18:16:23,无截图
拼多多,https://mobile.yangkeduo.com/goods.html?goods_id=635152751061,【全域烘干】云米全自动升降式智能室内嵌入式折叠晾衣机Super2Y,635152751061,635152751061,1699,,正常,2026-04-28 18:16:23,无截图
拼多多,https://mobile.yangkeduo.com/goods.html?goods_id=620077061933,云米嵌入式冰洗套装500升超薄十字四门冰箱&12KG大容量洗烘一体,620077061933,620077061933,6499,,正常,2026-04-28 18:16:23,无截图
拼多多,https://mobile.yangkeduo.com/goods.html?goods_id=620029199628,云米冰洗套装510升嵌入式风冷冰箱&12公斤大容量洗烘一体洗衣机,620029199628,620029199628,5899,,正常,2026-04-28 18:16:23,无截图
拼多多,https://mobile.yangkeduo.com/goods.html?goods_id=618360171773,云米超薄烟灶热套装飓风吸力抽油烟机5.2KW聚能灶超薄双胆热水器,618360171773,618360171773,4599,,正常,2026-04-28 18:16:23,无截图
拼多多,https://mobile.yangkeduo.com/goods.html?goods_id=615426357041,云米空调1.5匹一级能效变频冷暖两用节能家用挂机 AI全域风Super3,615426357041,615426357041,3099,,正常,2026-04-28 18:16:23,无截图
拼多多,https://mobile.yangkeduo.com/goods.html?goods_id=614821960857,云米大容量冰洗套装603升独立制冰冰箱&10KG全自动洗烘一体洗衣机,614821960857,614821960857,4468,,百亿活动相关,2026-04-28 18:16:23,无截图
拼多多,https://mobile.yangkeduo.com/goods.html?goods_id=614813745328,云米超薄嵌入式冰洗套餐500升风冷无霜冰箱&10公斤洗烘一体洗衣机,614813745328,614813745328,5566,,百亿活动相关,2026-04-28 18:16:23,无截图
拼多多,https://mobile.yangkeduo.com/goods.html?goods_id=604410073495,VIOMI云米冷热管线机饮水机壁挂式双出水台式管线机UV杀菌,604410073495,604410073495,899,,正常,2026-04-28 18:16:23,无截图
拼多多,https://mobile.yangkeduo.com/goods.html?goods_id=602716906408,【升级】云米空调1.5匹智能变频冷暖新一级舒适风空调挂机 Smart3,602716906408,602716906408,2199,,正常,2026-04-28 18:16:23,无截图
拼多多,https://mobile.yangkeduo.com/goods.html?goods_id=600491440603,【新品】云米空调1.5匹智能变频冷暖新三级舒适风空调挂机 Smart3,600491440603,600491440603,2099,,正常,2026-04-28 18:16:23,无截图
拼多多,https://mobile.yangkeduo.com/goods.html?goods_id=600131174099,【美妆超薄零嵌】云米510升嵌入式双开门一级风冷无霜银离子冰箱,600131174099,600131174099,2798,,百亿活动相关,2026-04-28 18:16:23,无截图
拼多多,https://mobile.yangkeduo.com/goods.html?goods_id=583103526676,【新品上市】云米嵌入式母婴冰箱十字四开门家用变频风冷无霜513L,583103526676,583103526676,4499,,正常,2026-04-28 18:16:23,无截图
拼多多,https://mobile.yangkeduo.com/goods.html?goods_id=573873753845,云米前置过滤器Super智能自动冲洗全屋前置净水器家用自来水冲洗,573873753845,573873753845,599,,正常,2026-04-28 18:16:23,无截图
拼多多,https://mobile.yangkeduo.com/goods.html?goods_id=551388417367,【田曦薇推荐】云米扫地机器人扫拖一体语音全自动智能吸尘器Pro,551388417367,551388417367,999,,正常,2026-04-28 18:16:23,无截图
拼多多,https://mobile.yangkeduo.com/goods.html?goods_id=540840221349,云米净水器家用厨下式直饮水过滤器RO反渗透无陈水母婴直饮1200G,540840221349,540840221349,1999,,正常,2026-04-28 18:16:23,无截图
拼多多,https://mobile.yangkeduo.com/goods.html?goods_id=539854309519,云米12KG滚筒洗衣机家用全自动大容量洗烘一体机防抖动超薄全嵌,539854309519,539854309519,3699,,正常,2026-04-28 18:16:23,无截图
拼多多,https://mobile.yangkeduo.com/goods.html?goods_id=539850688350,【美妆超薄零嵌】云米冰箱609mm嵌入式风冷无霜AI双变频一级510升,539850688350,539850688350,3499,,正常,2026-04-28 18:16:23,无截图
拼多多,https://mobile.yangkeduo.com/goods.html?goods_id=535675329481,云米石墨烯踢脚线电暖器加湿家用速热取暖器节能室内暖风机电暖气,535675329481,535675329481,499,,正常,2026-04-28 18:16:23,无截图
拼多多,https://mobile.yangkeduo.com/goods.html?goods_id=534931901352,云米净水器家用直饮ro反渗透SuperY 1200G管线机前置过滤器套装,534931901352,534931901352,2699,,正常,2026-04-28 18:16:23,无截图
拼多多,https://mobile.yangkeduo.com/goods.html?goods_id=525667451666,【大屏冰箱】云米超薄全嵌入式T型冰箱三门一级变频风冷无霜412升,525667451666,525667451666,5999,,正常,2026-04-28 18:16:23,无截图
拼多多,https://mobile.yangkeduo.com/goods.html?goods_id=521949122103,云米一体智能马桶座圈加热一键清洗虹吸离座自动冲水小金龙增压版,521949122103,521949122103,2999,,正常,2026-04-28 18:16:23,无截图
拼多多,https://mobile.yangkeduo.com/goods.html?goods_id=516748248645,云米电热水器8L小厨宝家用厨房速热储水式节能厨房神器VEW0831,516748248645,516748248645,499,,正常,2026-04-28 18:16:23,无截图
拼多多,https://mobile.yangkeduo.com/goods.html?goods_id=515237643272,云米电热水器AI美肤洗 780mm超薄 1级能效双胆三管速热 Super2Pro,515237643272,515237643272,1699,,正常,2026-04-28 18:16:23,无截图
拼多多,https://mobile.yangkeduo.com/goods.html?goods_id=495274606168,【田曦薇推荐】云米智能洗地机超薄双贴边大吸力超长续航 Smart2,495274606168,495274606168,1799,,正常,2026-04-28 18:16:23,无截图
拼多多,https://mobile.yangkeduo.com/goods.html?goods_id=490426355421,500L十字门冰箱,6923185651123,490426355421,3199,,百亿活动相关,2026-04-28 18:16:23,无截图
拼多多,https://mobile.yangkeduo.com/goods.html?goods_id=490150938954,【安享王空调3匹】云米柜机变频冷暖家用商用智能自清洁节能三级,490150938954,490150938954,4999,,正常,2026-04-28 18:16:23,无截图
拼多多,https://mobile.yangkeduo.com/goods.html?goods_id=490111298360,云米家用空调1.5匹变频冷暖自清洁手机联网AI静音节能挂机新三级,490111298360,490111298360,2199,,正常,2026-04-28 18:16:23,无截图
拼多多,https://mobile.yangkeduo.com/goods.html?goods_id=490081202590,云米即热恒温4档烘干 9重安全防护 智能低压系统 Nano2E,490081202590,490081202590,1999,,正常,2026-04-28 18:16:23,无截图
拼多多,https://mobile.yangkeduo.com/goods.html?goods_id=484037745334,云米AI燃气灶power 5.0（天然气）,6923185654377,484037745334,1099,,正常,2026-04-28 18:16:23,无截图
拼多多,https://mobile.yangkeduo.com/goods.html?goods_id=480070620581,【冷热直饮套装】云米净水器家用厨下管线机套装一键即热制冷直饮,480070620581,480070620581,2399,,正常,2026-04-28 18:16:23,无截图
拼多多,https://mobile.yangkeduo.com/goods.html?goods_id=472256690941,云米智能马桶即热活水清洗家用卫生间恒温烘干抗菌低压系统Nano2E,472256690941,472256690941,2499,,正常,2026-04-28 18:16:23,无截图
拼多多,https://mobile.yangkeduo.com/goods.html?goods_id=466437108089,云米TDS水质检测笔测水质仪饮用水检测器家用自来水水质测试仪器,466437108089,466437108089,99,,正常,2026-04-28 18:16:23,无截图
拼多多,https://mobile.yangkeduo.com/goods.html?goods_id=463332030781,【吸扫拖3合1】云米全自动集尘扫地吸尘机器人alpha2pro清洁一体,463332030781,463332030781,1799,,正常,2026-04-28 18:16:23,无截图
拼多多,https://mobile.yangkeduo.com/goods.html?goods_id=452924828720,云米净饮一体机台式净水器即热型饮水机家用免安装X2minimango,452924828720,452924828720,899,,正常,2026-04-28 18:16:23,无截图
拼多多,https://mobile.yangkeduo.com/goods.html?goods_id=431395946988,云米侧吸烟灶套装大吸力抽油烟机5.0KW燃气灶厨房家用智能wingS1,431395946988,431395946988,1399,,正常,2026-04-28 18:16:23,无截图
拼多多,https://mobile.yangkeduo.com/goods.html?goods_id=427349642190,（有）云米净饮一体机台式净水器即热型饮水机净水器水过滤机,427349642190,427349642190,1089,,正常,2026-04-28 18:16:23,无截图
拼多多,https://mobile.yangkeduo.com/goods.html?goods_id=423988590355,云米净水器super Y 1200G滤芯复合滤芯RO滤芯,423988590355,423988590355,100,,正常,2026-04-28 18:16:23,无截图
拼多多,https://mobile.yangkeduo.com/goods.html?goods_id=423724952357,云米燃气热水器即热零冷水双增压 3重防冻 4段燃烧 5重净化 Super,423724952357,423724952357,1999,,正常,2026-04-28 18:16:23,无截图
拼多多,https://mobile.yangkeduo.com/goods.html?goods_id=414747194884,云米净饮一体机台式净水器即热型饮水机家用免安装X2加一支滤芯套,414747194884,414747194884,1199,,正常,2026-04-28 18:16:23,无截图
拼多多,https://mobile.yangkeduo.com/goods.html?goods_id=413986425773,蓝调智能门锁（人脸猫眼版）,6923185654650,413986425773,709,,百亿活动相关,2026-04-28 18:16:23,无截图
拼多多,https://mobile.yangkeduo.com/goods.html?goods_id=408451368894,云米智能全自动一体马桶恒温座圈臀部清洗虹吸自动冲水家用小金龙,408451368894,408451368894,2399,,正常,2026-04-28 18:16:23,无截图
拼多多,https://mobile.yangkeduo.com/goods.html?goods_id=407741710364,云米25m³顶侧爆吸大吸力智目吸烟机 5.2KW聚能猛火灶烟灶套装家用,407741710364,407741710364,3699,,正常,2026-04-28 18:16:23,无截图
拼多多,https://mobile.yangkeduo.com/goods.html?goods_id=405167616548,云米净水器家用直饮厨下式RO反渗透超滤净水机无桶小白龙800G,405167616548,405167616548,1599,,正常,2026-04-28 18:16:23,无截图
拼多多,https://mobile.yangkeduo.com/goods.html?goods_id=405069782417,【升级小海豚】云米净水器800G通量&竹炭滤芯厨下式RO反渗透家用,405069782417,405069782417,1099,,正常,2026-04-28 18:16:23,无截图
拼多多,https://mobile.yangkeduo.com/goods.html?goods_id=403868159413,云米蒸烤一体机厨房家用嵌入式蒸烤箱45L大蒸汽电烤箱VSO4501-B,403868159413,403868159413,1999,,正常,2026-04-28 18:16:23,无截图
拼多多,https://mobile.yangkeduo.com/goods.html?goods_id=391465779831,云米热水器13L家用智能洗澡燃气热水器水气双调恒温液化气,391465779831,391465779831,999,,正常,2026-04-28 18:16:23,无截图
拼多多,https://mobile.yangkeduo.com/goods.html?goods_id=383502560587,【田曦薇推荐】云米落地扇直流变频台立两用无极调速小爱语音联网,383502560587,383502560587,329,,正常,2026-04-28 18:16:23,无截图
拼多多,https://mobile.yangkeduo.com/goods.html?goods_id=383400493031,云米智能即热式家用饮水机1键即热电热水壶Tee mini 1.8L水吧,383400493031,383400493031,269,,正常,2026-04-28 18:16:23,无截图
拼多多,https://mobile.yangkeduo.com/goods.html?goods_id=382839923175,云米顶侧双吸烟灶套装22m³大吸力抽油烟机聚能猛火灶节能燃气家用,382839923175,382839923175,1899,,正常,2026-04-28 18:16:23,无截图
拼多多,https://mobile.yangkeduo.com/goods.html?goods_id=382544460689,【杀毒王2匹】云米家用空调变频冷暖柜机立式客厅智能节能 新三级,382544460689,382544460689,3999,,正常,2026-04-28 18:16:23,无截图
拼多多,https://mobile.yangkeduo.com/goods.html?goods_id=376344667102,云米1.5匹家用新风语音空调变频冷暖新一级能效智能恒温免孔安装,376344667102,376344667102,3099,,正常,2026-04-28 18:16:23,无截图
拼多多,https://mobile.yangkeduo.com/goods.html?goods_id=375507459489,云米管线机家用直饮机壁挂式UV杀菌加热一体机厨房加热饮水机MG2B,375507459489,375507459489,899,,正常,2026-04-28 18:16:23,无截图
拼多多,https://mobile.yangkeduo.com/goods.html?goods_id=369184383310,【吸扫拖三合一】云米全自动扫地机器人鲸吸扫地拖地吸尘 Alpha3,369184383310,369184383310,3699,,正常,2026-04-28 18:16:23,无截图
拼多多,https://mobile.yangkeduo.com/goods.html?goods_id=366671128859,【干湿分储】云米冰箱超薄变频一级风冷无霜十字冰箱四开门 546升,366671128859,366671128859,3499,,正常,2026-04-28 18:16:23,无截图
拼多多,https://mobile.yangkeduo.com/goods.html?goods_id=365033069371,云米全自动智能门锁密码锁家用电子锁防盗指纹锁超长续航eLink 2C,365033069371,365033069371,899,,正常,2026-04-28 18:16:23,无截图
拼多多,https://mobile.yangkeduo.com/goods.html?goods_id=365007215970,云米Super Y1200G大通量厨下净水器RO反渗透管线机前置过滤器套装,365007215970,365007215970,2599,,正常,2026-04-28 18:16:23,无截图
拼多多,https://mobile.yangkeduo.com/goods.html?goods_id=364990106384,"即热1000G,MAIN84",6923185651116,364990106384,1359,1899,破价警报 | 百亿活动相关,2026-04-28 18:16:23,无截图
拼多多,https://mobile.yangkeduo.com/goods.html?goods_id=356164755389,【全屋净水三件套装】云米净水器管线机前置过滤器即热小海豚600G,356164755389,356164755389,2299,,正常,2026-04-28 18:16:23,无截图
拼多多,https://mobile.yangkeduo.com/goods.html?goods_id=355550841910,【鲜活营养守护先锋奖】云米延鲜AI冰箱一级双变频风冷无霜636升,355550841910,355550841910,3499,,正常,2026-04-28 18:16:23,无截图
拼多多,https://mobile.yangkeduo.com/goods.html?goods_id=339737903336,【智能声控】云米家用晾衣架电动晾衣机阳台全自动升降Smart S,339737903336,339737903336,999,,正常,2026-04-28 18:16:23,无截图
拼多多,https://mobile.yangkeduo.com/goods.html?goods_id=338636261947,【1键智洗】云米洗衣机全自动8公斤波轮租房家用防缠绕洗脱一体,338636261947,338636261947,999,,正常,2026-04-28 18:16:23,无截图
拼多多,https://mobile.yangkeduo.com/goods.html?goods_id=325803370945,【杀菌】云米空调大3匹柜机一级家用变频冷暖客厅变频冷暖自清洁,325803370945,325803370945,5299,,正常,2026-04-28 18:16:23,无截图
拼多多,https://mobile.yangkeduo.com/goods.html?goods_id=325232192898,冰箱603,6923185650935,325232192898,2459,,百亿活动相关,2026-04-28 18:16:23,无截图
拼多多,https://mobile.yangkeduo.com/goods.html?goods_id=309984364103,云米智能烘干晾衣架语音声控离线全自动升降阳台LED照明Smart超薄,309984364103,309984364103,1299,,正常,2026-04-28 18:16:23,无截图
拼多多,https://mobile.yangkeduo.com/goods.html?goods_id=296957182528,复合滤芯,"6923185600138,6923185600145",296957182528,439,,正常,2026-04-28 18:16:23,无截图
拼多多,https://mobile.yangkeduo.com/goods.html?goods_id=293928589058,云米大吸力侧吸烟灶套装抽油烟机猛火燃气灶装嵌入式节能家用厨房,293928589058,293928589058,1399,,正常,2026-04-28 18:16:23,无截图
拼多多,https://mobile.yangkeduo.com/goods.html?goods_id=291146640482,云米净水器滤芯家用通用系列厨下1A1号2号滤芯RO反渗透滤芯复合,291146640482,291146640482,199,,正常,2026-04-28 18:16:23,无截图
拼多多,https://mobile.yangkeduo.com/goods.html?goods_id=291141614396,F3-五合一,6923185614258,291141614396,499,298,高价待调整,2026-04-28 18:16:23,无截图
拼多多,https://mobile.yangkeduo.com/goods.html?goods_id=290543633215,复合滤芯,"6923185614258,6923185616177",290543633215,199,,正常,2026-04-28 18:16:23,无截图
拼多多,https://mobile.yangkeduo.com/goods.html?goods_id=289678345008,【内衣母婴专属】云米1KG迷你洗衣机家用全自动洗脱一体除菌波轮,289678345008,289678345008,1299,,正常,2026-04-28 18:16:23,无截图
拼多多,https://mobile.yangkeduo.com/goods.html?goods_id=289613839419,【智能双投放】云米洗衣机10公斤洗烘一体变频一级能效全自动滚筒,289613839419,289613839419,2399,,正常,2026-04-28 18:16:23,无截图
拼多多,https://mobile.yangkeduo.com/goods.html?goods_id=289608993802,【超薄洗衣机】云米洗衣机全自动10公斤滚筒47CM超薄洗脱一体,289608993802,289608993802,2499,,正常,2026-04-28 18:16:23,无截图
拼多多,https://mobile.yangkeduo.com/goods.html?goods_id=289729238975,【杀毒王3匹】云米家用空调变频冷暖柜机立式客厅智能节能新三级,289729238975,289729238975,3899,,正常,2026-04-28 18:16:23,无截图
拼多多,https://mobile.yangkeduo.com/goods.html?goods_id=283191769057,云米互联网洗碗机4套台面式免安装智能语音控制高温消毒杀菌烘干,283191769057,283191769057,699,,正常,2026-04-28 18:16:23,无截图
拼多多,https://mobile.yangkeduo.com/goods.html?goods_id=276965357470,云米598升双开门对开门变频一级能效风冷无霜超薄嵌入式智能冰箱,276965357470,276965357470,2799,,正常,2026-04-28 18:16:23,无截图
拼多多,https://mobile.yangkeduo.com/goods.html?goods_id=276658474666,【全屋智能】云米净饮一体机X2Pro台式免安装净水器即热式饮水机,276658474666,276658474666,1099,,正常,2026-04-28 18:16:23,无截图
拼多多,https://mobile.yangkeduo.com/goods.html?goods_id=273348857003,云米蓝调智能门锁（基础版）,6923185655381,273348857003,499,,百亿活动相关,2026-04-28 18:16:23,无截图
拼多多,https://mobile.yangkeduo.com/goods.html?goods_id=268591343924,云米顶侧大吸力抽油烟机聚能猛火灶智能家用厨房烟灶套装flash2,268591343924,268591343924,2499,,正常,2026-04-28 18:16:23,无截图
拼多多,https://mobile.yangkeduo.com/goods.html?goods_id=264080849667,霸王锁体,6923185622154,264080849667,150,150,正常,2026-04-28 18:16:23,无截图
拼多多,https://mobile.yangkeduo.com/goods.html?goods_id=259795065484,【杀毒王】云米空调1.5匹变频冷暖1级能效杀病毒循环除菌 Super2s,259795065484,259795065484,2499,,正常,2026-04-28 18:16:23,无截图
拼多多,https://mobile.yangkeduo.com/goods.html?goods_id=259115850200,蓝调智能门锁（3D人脸版）,6923185654643,259115850200,629,,百亿活动相关,2026-04-28 18:16:23,无截图
拼多多,https://mobile.yangkeduo.com/goods.html?goods_id=258855020077,云米456升超薄嵌入式对开门双开门变频风冷无霜智能家用电冰箱,258855020077,258855020077,999,,正常,2026-04-28 18:16:23,无截图
拼多多,https://mobile.yangkeduo.com/goods.html?goods_id=251420900843,【田曦薇推荐】云米负离子空气循环扇大学生宿舍家用直流变频风扇,251420900843,251420900843,529,,正常,2026-04-28 18:16:23,无截图
拼多多,https://mobile.yangkeduo.com/goods.html?goods_id=249751266813,【DD直驱超薄】云米洗衣机洗烘一体全自动一级能效智能滚筒10公斤,249751266813,249751266813,2999,,正常,2026-04-28 18:16:23,无截图
拼多多,https://mobile.yangkeduo.com/goods.html?goods_id=247862575297,【DD直驱智能双投放】云米洗衣机全自动10KG一级能效洗脱一体滚筒,247862575297,247862575297,2499,,正常,2026-04-28 18:16:23,无截图
拼多多,https://mobile.yangkeduo.com/goods.html?goods_id=247228990842,云米智能马桶抗菌座圈恒温即热双增压自动冲水烘干坐便器Nano2,247228990842,247228990842,2699,,正常,2026-04-28 18:16:23,无截图
拼多多,https://mobile.yangkeduo.com/goods.html?goods_id=246986456918,【小海豚1000G管线机套装】云米净水器家用厨下一键即热制冷直饮,246986456918,246986456918,2199,,正常,2026-04-28 18:16:23,无截图
拼多多,https://mobile.yangkeduo.com/goods.html?goods_id=245465996610,云米管线机壁挂台式两用冷热开水机家用调温即热饮水机带uv杀菌,245465996610,245465996610,1999,,正常,2026-04-28 18:16:23,无截图
拼多多,https://mobile.yangkeduo.com/goods.html?goods_id=245015637978,云米电热水器蓝调3200W安全速热卫生间洗澡8倍大水量抑菌水质可视,245015637978,245015637978,1099,,正常,2026-04-28 18:16:23,无截图
拼多多,https://mobile.yangkeduo.com/goods.html?goods_id=245008294548,云米大容量洗碗机10套家用嵌入式智目洗全自动热风烘干除菌消毒,245008294548,245008294548,2098,,正常,2026-04-28 18:16:23,无截图
拼多多,https://mobile.yangkeduo.com/goods.html?goods_id=243153009643,云米净饮机X2系列滤芯X2mini mango复合滤芯5in1/6in1 RO反渗透,243153009643,243153009643,288,,正常,2026-04-28 18:16:23,无截图
拼多多,https://mobile.yangkeduo.com/goods.html?goods_id=241667411785,云米即热式饮水机1键即热水吧3档控温4L大容量台式免安装,241667411785,241667411785,589,,正常,2026-04-28 18:16:23,无截图
拼多多,https://mobile.yangkeduo.com/goods.html?goods_id=237591380789,云米全自动智能马桶水箱泡沫盾抗菌即热恒温座圈离座冲水小鲸鱼2,237591380789,237591380789,1999,,正常,2026-04-28 18:16:23,无截图
拼多多,https://mobile.yangkeduo.com/goods.html?goods_id=237590247709,【1小时洗烘】云米全自动洗衣机1级能效10公斤洗烘一体烘干机滚筒,237590247709,237590247709,2399,,正常,2026-04-28 18:16:23,无截图
拼多多,https://mobile.yangkeduo.com/goods.html?goods_id=231833573024,小烤箱6L,6923185603221,231833573024,199,174,高价待调整,2026-04-28 18:16:23,无截图
拼多多,https://mobile.yangkeduo.com/goods.html?goods_id=228907185185,云米16L零冷水燃气热水器家用智能变频即热水气双调恒温安全防冻,228907185185,228907185185,1699,,正常,2026-04-28 18:16:23,无截图
拼多多,https://mobile.yangkeduo.com/goods.html?goods_id=227970049599,云米净水器水龙头过滤器自来水家用厨房超滤滤水器前置净化器,227970049599,227970049599,159,,正常,2026-04-28 18:16:23,无截图
拼多多,https://mobile.yangkeduo.com/goods.html?goods_id=226771358169,1云米净水器家用厨房农村水龙头过滤器自来水净化器MT1/2,226771358169,226771358169,79,,正常,2026-04-28 18:16:23,无截图
拼多多,https://mobile.yangkeduo.com/goods.html?goods_id=223485946991,云米智能洗碗机10套热风烘干消毒嵌入式洗烘存一体家用IronA1,223485946991,223485946991,2299,,正常,2026-04-28 18:16:23,无截图
拼多多,https://mobile.yangkeduo.com/goods.html?goods_id=225501370546,小海豚3,6923185605867,225501370546,999,499,高价待调整,2026-04-28 18:16:23,无截图
拼多多,https://mobile.yangkeduo.com/goods.html?goods_id=224216987554,云米净水器滤芯S2、Fast厨下1A400G600G 1号复合滤芯RO反渗透滤芯,224216987554,224216987554,499,,正常,2026-04-28 18:16:23,无截图
拼多多,https://mobile.yangkeduo.com/goods.html?goods_id=223686266452,云米全自动滚筒洗衣机10KG洗烘一体除菌家用智能投放超薄嵌入M2,223686266452,223686266452,3299,,正常,2026-04-28 18:16:23,无截图
拼多多,https://mobile.yangkeduo.com/goods.html?goods_id=223486025603,云米互联网洗碗机全自动家用8套热风烘干消毒嵌入式Iron X1,223486025603,223486025603,1799,,正常,2026-04-28 18:16:23,无截图
拼多多,https://mobile.yangkeduo.com/goods.html?goods_id=222446512832,【冷酷王】云米大一匹单冷空调独立除湿秒速制冷家用卧室节能变频,222446512832,222446512832,1699,,正常,2026-04-28 18:16:23,无截图
拼多多,https://mobile.yangkeduo.com/goods.html?goods_id=221876010591,云米净水器家用直饮RO反渗透净饮一体净水机滤芯1200GSuper2max,221876010591,221876010591,4299,,正常,2026-04-28 18:16:23,无截图
拼多多,https://mobile.yangkeduo.com/goods.html?goods_id=221842463604,1小米云米净水器RO反渗透纯水机厨下家用直饮过滤器饮水机600加仑,221842463604,221842463604,1300,,正常,2026-04-28 18:16:23,无截图
拼多多,https://mobile.yangkeduo.com/goods.html?goods_id=221686401936,【空调套装】云米空调3室1厅组合 新1级能效3P柜机+新1级1.5P挂机,221686401936,221686401936,10999,,正常,2026-04-28 18:16:23,无截图
拼多多,https://mobile.yangkeduo.com/goods.html?goods_id=221565163539,【语音柔风王】云米空调柜机冷暖双变频一级能效客厅立式智能空调,221565163539,221565163539,6499,,正常,2026-04-28 18:16:23,无截图
拼多多,https://mobile.yangkeduo.com/goods.html?goods_id=220936223742,云米燃气热水器变频恒温8大安全防护 家用节能防冻速热FireC113L,220936223742,220936223742,1099,,正常,2026-04-28 18:16:23,无截图
拼多多,https://mobile.yangkeduo.com/goods.html?goods_id=220867531419,"(X2Pro链接,少量差评可做备选)云米净饮一体机X2mini Mango",220867531419,220867531419,1099,,正常,2026-04-28 18:16:23,无截图
拼多多,https://mobile.yangkeduo.com/goods.html?goods_id=220820325711,云米消毒柜（嵌入式）云米版,6923185604303,220820325711,899,,百亿活动相关,2026-04-28 18:16:23,无截图
拼多多,https://mobile.yangkeduo.com/goods.html?goods_id=219691919640,【阳光暖烘】云米智能晾衣架全自动升降联网烘干电动晾衣机阳台,219691919640,219691919640,1599,,正常,2026-04-28 18:16:23,无截图
拼多多,https://mobile.yangkeduo.com/goods.html?goods_id=219492848549,云米家用门锁智能锁指纹密码锁防盗门电子门锁全自动推拉门锁,219492848549,219492848549,1299,,正常,2026-04-28 18:16:23,无截图
拼多多,https://mobile.yangkeduo.com/goods.html?goods_id=219486126363,flash烟机,6923185613664,219486126363,899,,百亿活动相关,2026-04-28 18:16:23,无截图
拼多多,https://mobile.yangkeduo.com/goods.html?goods_id=217541928957,云米真空保温杯轻便携不锈钢大学生自习室茶杯300ml,217541928957,217541928957,89,,正常,2026-04-28 18:16:23,无截图
拼多多,https://mobile.yangkeduo.com/goods.html?goods_id=217105737391,云米智能马桶浴霸套装 即热全自动座便器  小爱语音浴霸 卫浴套装,217105737391,217105737391,3499,,正常,2026-04-28 18:16:23,无截图
拼多多,https://mobile.yangkeduo.com/goods.html?goods_id=215991927819,【烟灶联动】云米顶侧3吸大吸力抽油烟机聚能燃气灶烟灶套装Super,215991927819,215991927819,2499,,正常,2026-04-28 18:16:23,无截图
拼多多,https://mobile.yangkeduo.com/goods.html?goods_id=215505605173,【上门安装】云米电热水器安全速热家用洗澡储水式省电VEW605A,215505605173,215505605173,599,,正常,2026-04-28 18:16:23,无截图
拼多多,https://mobile.yangkeduo.com/goods.html?goods_id=215498018054,【空调套装】云米空调1室1厅组合 新1级能效2P柜机+新1级1.5P挂机,215498018054,215498018054,6199,,正常,2026-04-28 18:16:23,无截图
拼多多,https://mobile.yangkeduo.com/goods.html?goods_id=214448170082,云米即热水吧办公室台式免安装宿舍小型饮水机2.5L大容量烧热水壶,214448170082,214448170082,299,,正常,2026-04-28 18:16:23,无截图
拼多多,https://mobile.yangkeduo.com/goods.html?goods_id=213946234221,云米无线手持吸尘器家用立式除螨大吸力吸尘机A9长续航宠物家庭,213946234221,213946234221,899,,正常,2026-04-28 18:16:23,无截图
拼多多,https://mobile.yangkeduo.com/goods.html?goods_id=212124982919,云米踢脚线电暖器家用客厅节能速热加湿取暖器语音控制智能定时,212124982919,212124982919,699,,正常,2026-04-28 18:16:23,无截图
拼多多,https://mobile.yangkeduo.com/goods.html?goods_id=211439538390,云米即热饮水机1键即热水吧4档控温4L大容量台式免安装,211439538390,211439538390,429,,正常,2026-04-28 18:16:23,无截图
拼多多,https://mobile.yangkeduo.com/goods.html?goods_id=209415771537,【声控晾衣架】云米智能电动晾衣架无线遥控大容量自动升降控制,209415771537,209415771537,899,,正常,2026-04-28 18:16:23,无截图
拼多多,https://mobile.yangkeduo.com/goods.html?goods_id=209406625494,蓝调智能门锁（大屏猫眼版）,6923185654667,209406625494,999,,正常,2026-04-28 18:16:23,无截图
拼多多,https://mobile.yangkeduo.com/goods.html?goods_id=208077402678,【柔风王】云米空调1.5匹新1级能效变频冷暖超大导板挂机 Smart2S,208077402678,208077402678,2399,,正常,2026-04-28 18:16:23,无截图
拼多多,https://mobile.yangkeduo.com/goods.html?goods_id=208074025148,云米净水器600G小海豚厨下式RO反渗透直饮过滤器净饮机家用出租屋,208074025148,208074025148,899,,正常,2026-04-28 18:16:23,无截图
拼多多,https://mobile.yangkeduo.com/goods.html?goods_id=208071231700,云米60L速热电热水器3000W一级节能变频增容租房安全已接入米家AP,208071231700,208071231700,749,,正常,2026-04-28 18:16:23,无截图
拼多多,https://mobile.yangkeduo.com/goods.html?goods_id=208069905615,【杀病毒空调】云米大1匹空调变频冷暖自动调温一级能效 Super2s,208069905615,208069905615,2099,,正常,2026-04-28 18:16:23,无截图
拼多多,https://mobile.yangkeduo.com/goods.html?goods_id=207799885384,【超薄除螨】云米家用全自动洗烘一体10公斤洗衣机滚筒 Master S,207799885384,207799885384,2699,,正常,2026-04-28 18:16:23,无截图
拼多多,https://mobile.yangkeduo.com/goods.html?goods_id=207783866280,【超窄冰箱】云米冰箱风冷无霜AI双变频78CM超窄对开门电冰箱436L,207783866280,207783866280,2199,,正常,2026-04-28 18:16:23,无截图
拼多多,https://mobile.yangkeduo.com/goods.html?goods_id=207250698147,400加仑智能净水器 RO反渗透纯水机无桶 MR432-D,207250698147,207250698147,899,,正常,2026-04-28 18:16:23,无截图
拼多多,https://mobile.yangkeduo.com/goods.html?goods_id=205628593157,云米滚筒10kg大容量家用全自动洗烘一体洗衣机除菌节能智能互联,205628593157,205628593157,1899,,正常,2026-04-28 18:16:23,无截图
拼多多,https://mobile.yangkeduo.com/goods.html?goods_id=205463909525,【十字冰箱】云米十字四开门冰箱精细分储AI双变频风冷无霜410升,205463909525,205463909525,2699,,正常,2026-04-28 18:16:23,无截图
拼多多,https://mobile.yangkeduo.com/goods.html?goods_id=205442655354,【超薄冰箱】云米冰箱嵌入式双开门变频风冷无霜大容量对开456升,205442655354,205442655354,2699,,正常,2026-04-28 18:16:23,无截图
拼多多,https://mobile.yangkeduo.com/goods.html?goods_id=205451808289,小厨宝,6923185611233,205451808289,359,,正常,2026-04-28 18:16:23,无截图
拼多多,https://mobile.yangkeduo.com/goods.html?goods_id=205467667434,[新品上市]VIOMI 云米净水器600G小海豚3厨下式RO反渗透直饮家用,205467667434,205467667434,69,,正常,2026-04-28 18:16:23,无截图
拼多多,https://mobile.yangkeduo.com/goods.html?goods_id=205378217791,1级能效云米燃气灶 可联网 10重安保 厨房灶具 天然气猛火灶4500W,205378217791,205378217791,799,,正常,2026-04-28 18:16:23,无截图
拼多多,https://mobile.yangkeduo.com/goods.html?goods_id=205448553075,云米电热水器VEW605家用小型储水速热节能漏电保护60L,205448553075,205448553075,599,,正常,2026-04-28 18:16:23,无截图
拼多多,https://mobile.yangkeduo.com/goods.html?goods_id=205458105137,小海豚2 1000G,6923185654865,205458105137,899,899,百亿活动相关,2026-04-28 18:16:23,无截图
拼多多2,https://mobile.yangkeduo.com/goods.html?goods_id=942754114793,云米AI燃气热水器 智控恒温防冻节能安全水质净化精准控温13L强排,942754114793,942754114793,999,,正常,2026-04-28 18:20:51,无截图
拼多多2,https://mobile.yangkeduo.com/goods.html?goods_id=942740482351,云米AI燃气热水器 智控恒温防冻节能安全水质净化精准控温13L强排,942740482351,942740482351,999,,正常,2026-04-28 18:20:51,无截图
拼多多2,https://mobile.yangkeduo.com/goods.html?goods_id=942656610557,云米即热净水器厨房家用直饮RO反渗透加热净饮一体机1000G,942656610557,942656610557,2999,,正常,2026-04-28 18:20:51,无截图
拼多多2,https://mobile.yangkeduo.com/goods.html?goods_id=939930331098,VIOMI云米 滤芯 反渗透滤芯RO膜,939930331098,939930331098,598,,正常,2026-04-28 18:20:51,无截图
拼多多2,https://mobile.yangkeduo.com/goods.html?goods_id=939928309801,VIOMI云米 滤芯 反渗透滤芯RO膜,939928309801,939928309801,239,,正常,2026-04-28 18:20:51,无截图
拼多多2,https://mobile.yangkeduo.com/goods.html?goods_id=939760939921,云米净水器Super2Y1200G家用直饮厨下式RO反渗透鲜活泉无陈水,939760939921,939760939921,999,,百亿活动相关,2026-04-28 18:20:51,无截图
拼多多2,https://mobile.yangkeduo.com/goods.html?goods_id=932391238524,VIOMI 云米净水器小海豚3 厨下式RO反渗透直饮家用 无罐一体式,932391238524,932391238524,895.5,,正常,2026-04-28 18:20:51,无截图
拼多多2,https://mobile.yangkeduo.com/goods.html?goods_id=931163598005,云米净水器Super2Y1200G家用直饮厨下式RO反渗透鲜活泉无陈水,931163598005,931163598005,2299,,正常,2026-04-28 18:20:51,无截图
拼多多2,https://mobile.yangkeduo.com/goods.html?goods_id=926760918505,VIOMI云米净水器小海豚600G+升级版厨下式 RO 反渗透直饮家用,926760918505,926760918505,904,,正常,2026-04-28 18:20:51,无截图
拼多多2,https://mobile.yangkeduo.com/goods.html?goods_id=926574119933,昆仑4弱碱 1400G,6923185655718,926574119933,2999,3599,破价警报 | 百亿活动相关,2026-04-28 18:20:51,无截图
拼多多2,https://mobile.yangkeduo.com/goods.html?goods_id=926440536018,云米小厨宝6L电热水器厨房卫生间出水恒温储水式小型速热神器加热,926440536018,926440536018,399,,正常,2026-04-28 18:20:51,无截图
拼多多2,https://mobile.yangkeduo.com/goods.html?goods_id=925977908012,云米昆仑3矿泉净水器2S Pro,6923185656593,925977908012,2998,2899,高价待调整,2026-04-28 18:20:51,无截图
拼多多2,https://mobile.yangkeduo.com/goods.html?goods_id=925958299439,云米(VIOMI) 家用昆仑4弱碱1200G 矿物质直饮反渗透厨下过滤器,925958299439,925958299439,3999,,正常,2026-04-28 18:20:51,无截图
拼多多2,https://mobile.yangkeduo.com/goods.html?goods_id=925904229459,VIOMI云米净水器600G小蓝调厨下式RO反渗透直饮家用6年长效,925904229459,925904229459,728,,百亿活动相关,2026-04-28 18:20:51,无截图
拼多多2,https://mobile.yangkeduo.com/goods.html?goods_id=925874862450,小京龙Pro1100G,6923185655220,925874862450,799,1099,破价警报 | 百亿活动相关,2026-04-28 18:20:51,无截图
拼多多2,https://mobile.yangkeduo.com/goods.html?goods_id=925737084752,门锁普通版E30,6923185656074,925737084752,499,,百亿活动相关,2026-04-28 18:20:51,无截图
拼多多2,https://mobile.yangkeduo.com/goods.html?goods_id=916998985237,云米(VIOMI)净水机昆仑3 2E净矿1000G净水器 6年RO膜 接入米家,916998985237,916998985237,2599,,正常,2026-04-28 18:20:51,无截图
拼多多2,https://mobile.yangkeduo.com/goods.html?goods_id=925730122772,蓝调智能门锁（大屏猫眼版）,6923185654667,925730122772,999,,正常,2026-04-28 18:20:51,无截图
拼多多2,https://mobile.yangkeduo.com/goods.html?goods_id=925730329478,云米蓝调智能门锁（基础版）,6923185655381,925730329478,499,,百亿活动相关,2026-04-28 18:20:51,无截图
拼多多2,https://mobile.yangkeduo.com/goods.html?goods_id=925731404024,门锁掌静脉,6923185655398,925731404024,1069,,百亿活动相关,2026-04-28 18:20:51,无截图
拼多多2,https://mobile.yangkeduo.com/goods.html?goods_id=925231209174,蓝调智能门锁（人脸猫眼版）,6923185654650,925231209174,709,,百亿活动相关,2026-04-28 18:20:51,无截图
拼多多2,https://mobile.yangkeduo.com/goods.html?goods_id=925230364669,蓝调智能门锁（3D人脸版）,6923185654643,925230364669,629,,百亿活动相关,2026-04-28 18:20:51,无截图
拼多多2,https://mobile.yangkeduo.com/goods.html?goods_id=920795499656,VIOMI云米小海豚3净水器5年长效RO反渗透厨下一体机水过滤大通量,920795499656,920795499656,1299,,正常,2026-04-28 18:20:51,无截图
拼多多2,https://mobile.yangkeduo.com/goods.html?goods_id=920088070226,云米新品鲲鹏PRO油烟机28m³大吸力易清洁挥手智控烟灶联动小噪音,920088070226,920088070226,2399,,正常,2026-04-28 18:20:51,无截图
拼多多2,https://mobile.yangkeduo.com/goods.html?goods_id=918828889854,VIOMI云米净水器600G小蓝调厨下式RO反渗透直饮家用6年长效,918828889854,918828889854,1299,,正常,2026-04-28 18:20:51,无截图
拼多多2,https://mobile.yangkeduo.com/goods.html?goods_id=917044137245,云米前置过滤器家用自来水前置净水器自动反冲洗全屋净水机大流量,917044137245,917044137245,498,,正常,2026-04-28 18:20:51,无截图
拼多多2,https://mobile.yangkeduo.com/goods.html?goods_id=917042534932,云米前置过滤器家用自来水前置净水器自动反冲洗全屋净水机大流量,917042534932,917042534932,498,,正常,2026-04-28 18:20:51,无截图
拼多多2,https://mobile.yangkeduo.com/goods.html?goods_id=917038452382,小海豚+管线机,"S2405281401001,S2407170910001",917038452382,1349,,百亿活动相关,2026-04-28 18:20:51,无截图
拼多多2,https://mobile.yangkeduo.com/goods.html?goods_id=917034829515,管线机2E,6923185650966,917034829515,869,1599,破价警报 | 百亿活动相关,2026-04-28 18:20:51,无截图
拼多多2,https://mobile.yangkeduo.com/goods.html?goods_id=917032713009,管线机2S,6923185652526,917032713009,669,1699,破价警报 | 百亿活动相关,2026-04-28 18:20:51,无截图
拼多多2,https://mobile.yangkeduo.com/goods.html?goods_id=917031150770,云米·泉先AI净水器蓝调600G+,6923185653592,917031150770,649,999,破价警报 | 百亿活动相关,2026-04-28 18:20:51,无截图
拼多多2,https://mobile.yangkeduo.com/goods.html?goods_id=917001945930,云米矿泉台式净饮机即热式饮水机直饮家用矿化加热一体机净水器,917001945930,917001945930,2199,,正常,2026-04-28 18:20:51,无截图
拼多多2,https://mobile.yangkeduo.com/goods.html?goods_id=916996455515,云米AI冷热管线机Super2 Pro,6923185655794,916996455515,1449,1999,破价警报 | 百亿活动相关,2026-04-28 18:20:51,无截图
拼多多2,https://mobile.yangkeduo.com/goods.html?goods_id=916452280972,900G,6923185654292,916452280972,749,1499,破价警报 | 百亿活动相关,2026-04-28 18:20:51,无截图
拼多多2,https://mobile.yangkeduo.com/goods.html?goods_id=916441693850,云米(VIOMI) 小海豚PRO 家用净水机 净水器 反渗透大通量 RO膜,916441693850,916441693850,899,,百亿活动相关,2026-04-28 18:20:51,无截图
拼多多2,https://mobile.yangkeduo.com/goods.html?goods_id=916398420768,复合滤芯,"6923185614258,6923185615750,6923185614265",916398420768,128.98,,百亿活动相关,2026-04-28 18:20:51,无截图
拼多多2,https://mobile.yangkeduo.com/goods.html?goods_id=915797572693,600G滤芯套餐,S2412282008001,915797572693,904,,正常,2026-04-28 18:20:51,无截图
拼多多2,https://mobile.yangkeduo.com/goods.html?goods_id=885690465484,小海豚600G+,6923185653684,885690465484,559,559,百亿活动相关,2026-04-28 18:20:51,无截图
拼多多2,https://mobile.yangkeduo.com/goods.html?goods_id=882919216767,小白龙 800G+,6923185653974,882919216767,1199,1299,破价警报,2026-04-28 18:20:51,无截图
拼多多2,https://mobile.yangkeduo.com/goods.html?goods_id=879245702873,VIOMI云米小海豚3净水器5年长效RO反渗透厨下一体机水过滤大通量,879245702873,879245702873,1299,,正常,2026-04-28 18:20:51,无截图
拼多多2,https://mobile.yangkeduo.com/goods.html?goods_id=874350558652,VIOMI云米滤芯 小海豚3适用,874350558652,874350558652,129,,百亿活动相关,2026-04-28 18:20:51,无截图
拼多多2,https://mobile.yangkeduo.com/goods.html?goods_id=873053402073,VIOMI云米小海豚3净水器5年长效RO反渗透厨下一体机水过滤大通量,873053402073,873053402073,1199,,正常,2026-04-28 18:20:51,无截图
拼多多2,https://mobile.yangkeduo.com/goods.html?goods_id=530950162370,云米小海豚2 1000G净水器净水机管线机即热饮水机前置过滤器套装,530950162370,530950162370,1799,,正常,2026-04-28 18:20:51,无截图
拼多多2,https://mobile.yangkeduo.com/goods.html?goods_id=500282125061,云米1.5匹变频冷暖Milano2ProAI语音UVC除菌新一级智能电器挂机,500282125061,500282125061,2799,,正常,2026-04-28 18:20:51,无截图
拼多多2,https://mobile.yangkeduo.com/goods.html?goods_id=497869228081,云米521升风冷无霜一级变频十字四开门对开门大容量智能电器冰箱,497869228081,497869228081,2799,,正常,2026-04-28 18:20:51,无截图
拼多多2,https://mobile.yangkeduo.com/goods.html?goods_id=491420502929,云米1.5匹AI智能电器变频空调冷暖两用新一级省电家用杀菌挂机,491420502929,491420502929,2599,,正常,2026-04-28 18:20:51,无截图
拼多多2,https://mobile.yangkeduo.com/goods.html?goods_id=489538266025,云米TDS水质检测笔测水质仪饮用水检测器家用自来水水质测试仪器,489538266025,489538266025,99,,正常,2026-04-28 18:20:51,无截图
拼多多2,https://mobile.yangkeduo.com/goods.html?goods_id=6120759451,云米VO1602电烤箱多功能烤箱家用烘焙小型蛋糕电烤鸡翅披萨16L,6120759451,6120759451,149,,正常,2026-04-28 18:20:51,无截图
拼多多,https://mobile.yangkeduo.com/goods.html?goods_id=912927521784,小京龙2Pro净矿,6923185656791,912927521784,1273,2499,破价警报 | 百亿活动相关,2026-04-28 18:55:15,无截图
拼多多,https://mobile.yangkeduo.com/goods.html?goods_id=908884844099,管线机2S,6923185652526,908884844099,999,1699,破价警报,2026-04-28 18:55:15,无截图
拼多多,https://mobile.yangkeduo.com/goods.html?goods_id=908879495872,smart 前置过滤器 （VF4-A）,6923185621058,908879495872,289,499,破价警报 | 百亿活动相关,2026-04-28 18:55:15,无截图
拼多多,https://mobile.yangkeduo.com/goods.html?goods_id=907974025123,小海豚1000G,6923185654865,907974025123,899,899,百亿活动相关,2026-04-28 18:55:15,无截图
拼多多,https://mobile.yangkeduo.com/goods.html?goods_id=907033710117,云米昆仑3矿泉净水器2S Pro,6923185656593,907033710117,2998,2899,高价待调整,2026-04-28 18:55:15,无截图
拼多多,https://mobile.yangkeduo.com/goods.html?goods_id=873065157674,小海豚600G适用滤芯,6923185618379,873065157674,598,299,高价待调整,2026-04-28 18:55:15,无截图
拼多多,https://mobile.yangkeduo.com/goods.html?goods_id=872941778883,1000G复合滤芯,6923185653998,872941778883,288,298,破价警报,2026-04-28 18:55:15,无截图
拼多多,https://mobile.yangkeduo.com/goods.html?goods_id=870799733097,油烟机 smart2,6923185653110,870799733097,1599,,正常,2026-04-28 18:55:15,无截图
拼多多,https://mobile.yangkeduo.com/goods.html?goods_id=868834124642,云米AI油烟机Super升级,6923185605829,868834124642,1279,,百亿活动相关,2026-04-28 18:55:15,无截图
拼多多,https://mobile.yangkeduo.com/goods.html?goods_id=868851073714,小海豚3,6923185605867,868851073714,499,499,百亿活动相关,2026-04-28 18:55:15,无截图
拼多多,https://mobile.yangkeduo.com/goods.html?goods_id=862873034610,小海豚3,6923185605867,862873034610,618.8,499,高价待调整 | 百亿活动相关,2026-04-28 18:55:15,无截图
拼多多,https://mobile.yangkeduo.com/goods.html?goods_id=862584688956,门锁门禁卡,6923185654230,862584688956,25,19,高价待调整,2026-04-28 18:55:15,无截图
拼多多,https://mobile.yangkeduo.com/goods.html?goods_id=861508688697,管线机2E,6923185650966,861508688697,1998,1599,高价待调整,2026-04-28 18:55:15,无截图
拼多多,https://mobile.yangkeduo.com/goods.html?goods_id=852932116812,云米净水器600G小海豚升级版厨下式RO反渗透直饮家用,852932116812,852932116812,772,,百亿活动相关,2026-04-28 18:55:15,无截图
拼多多,https://mobile.yangkeduo.com/goods.html?goods_id=852614628903,云米厨余垃圾处理器  PowerBox 尊享版,6923185610250,852614628903,799,,百亿活动相关,2026-04-28 18:55:15,无截图
拼多多,https://mobile.yangkeduo.com/goods.html?goods_id=852161740747,小海豚600G+,6923185653684,852161740747,899,559,高价待调整,2026-04-28 18:55:15,无截图
拼多多,https://mobile.yangkeduo.com/goods.html?goods_id=852010588191,蓝调2Pro-JSQ30-VGW1641,6923185656869,852010588191,1099,,正常,2026-04-28 18:55:15,无截图
拼多多,https://mobile.yangkeduo.com/goods.html?goods_id=850883552953,云米·泉先AI净水器蓝调600G+,6923185653592,850883552953,649,999,破价警报 | 百亿活动相关,2026-04-28 18:55:15,无截图
拼多多,https://mobile.yangkeduo.com/goods.html?goods_id=850344043841,云米AI净饮机Super 2,6923185615415,850344043841,1009,1699,破价警报 | 百亿活动相关,2026-04-28 18:55:15,无截图
拼多多,https://mobile.yangkeduo.com/goods.html?goods_id=849648457333,云米AI昆仑矿泉净水机 Super 2E 2500,6923185654254,849648457333,1549,2499,破价警报 | 百亿活动相关,2026-04-28 18:55:15,无截图
拼多多,https://mobile.yangkeduo.com/goods.html?goods_id=862873034610,小海豚3,6923185605867,862873034610,618.8,499,高价待调整 | 百亿活动相关,,无截图
拼多多,https://mobile.yangkeduo.com/goods.html?goods_id=862584688956,门锁门禁卡,6923185654230,862584688956,25,19,高价待调整,,无截图
拼多多,https://mobile.yangkeduo.com/goods.html?goods_id=861508688697,管线机2E,6923185650966,861508688697,1998,1599,高价待调整,,无截图
拼多多,https://mobile.yangkeduo.com/goods.html?goods_id=852932116812,云米净水器600G小海豚升级版厨下式RO反渗透直饮家用,852932116812,852932116812,772,,百亿活动相关,,无截图
拼多多,https://mobile.yangkeduo.com/goods.html?goods_id=852614628903,云米厨余垃圾处理器  PowerBox 尊享版,6923185610250,852614628903,799,,百亿活动相关,,无截图
拼多多,https://mobile.yangkeduo.com/goods.html?goods_id=852161740747,小海豚600G+,6923185653684,852161740747,899,559,高价待调整,,无截图
拼多多,https://mobile.yangkeduo.com/goods.html?goods_id=852010588191,蓝调2Pro-JSQ30-VGW1641,6923185656869,852010588191,1099,,正常,,无截图
拼多多,https://mobile.yangkeduo.com/goods.html?goods_id=850883552953,云米·泉先AI净水器蓝调600G+,6923185653592,850883552953,649,999,破价警报 | 百亿活动相关,,无截图
拼多多,https://mobile.yangkeduo.com/goods.html?goods_id=850344043841,云米AI净饮机Super 2,6923185615415,850344043841,1009,1699,破价警报 | 百亿活动相关,,无截图
拼多多,https://mobile.yangkeduo.com/goods.html?goods_id=849648457333,云米AI昆仑矿泉净水机 Super 2E 2500,6923185654254,849648457333,1549,2499,破价警报 | 百亿活动相关,,无截图
拼多多,https://mobile.yangkeduo.com/goods.html?goods_id=849000374681,云米AI净水器Super 2Y 1200G,6923185653981,849000374681,2299,1899,高价待调整,2026-04-28 18:55:15,无截图
拼多多,https://mobile.yangkeduo.com/goods.html?goods_id=846212481564,云米蓝调2双胆电热水器60L超短超薄速热增容大水量3000W杀菌安全,846212481564,846212481564,1199,,正常,2026-04-28 18:55:15,无截图
拼多多,https://mobile.yangkeduo.com/goods.html?goods_id=837301408995,云米AI冷热管线机Super2 Pro,6923185655794,837301408995,1449,1999,破价警报 | 百亿活动相关,2026-04-28 18:55:15,无截图
拼多多,https://mobile.yangkeduo.com/goods.html?goods_id=832431516907,门锁普通版E30,6923185656074,832431516907,499,,百亿活动相关,2026-04-28 18:55:15,无截图
拼多多,https://mobile.yangkeduo.com/goods.html?goods_id=823432069145,手持吸尘器,6923185611844,823432069145,999,602,高价待调整,2026-04-28 18:55:15,无截图
拼多多,https://mobile.yangkeduo.com/goods.html?goods_id=819506595979,云米净水器  600G+ 新升级厨下式RO反渗透直饮家用,819506595979,819506595979,1099,,正常,2026-04-28 18:55:15,无截图
拼多多,https://mobile.yangkeduo.com/goods.html?goods_id=806062288852,云米无线手持吸尘器家用立式除螨大吸力吸尘机A9长续航宠物家庭,806062288852,806062288852,999,,正常,2026-04-28 18:55:15,无截图
拼多多,https://mobile.yangkeduo.com/goods.html?goods_id=795732084979,云米燃气热水器增压水伺服恒温省气抗风节能排气16L已接入米家APP,795732084979,795732084979,1599,,正常,2026-04-28 18:55:15,无截图
拼多多,https://mobile.yangkeduo.com/goods.html?goods_id=791982350266,云米3200W电热水器智能抑菌速热节能一级能效增容已接入米家app,791982350266,791982350266,799,,正常,2026-04-28 18:55:15,无截图
拼多多,https://mobile.yangkeduo.com/goods.html?goods_id=791968310970,云米智能电热水器3200W节能变频增容速热家用浴室洗澡抑菌50L/60L,791968310970,791968310970,759,,正常,2026-04-28 18:55:15,无截图
拼多多,https://mobile.yangkeduo.com/goods.html?goods_id=791519887797,云米超薄零嵌510L大容量冰箱美妆舱底部散热一级变频双开门风冷,791519887797,791519887797,2789,,百亿活动相关,2026-04-28 18:55:15,无截图
拼多多,https://mobile.yangkeduo.com/goods.html?goods_id=784230725200,云米鲲鹏PRO烟机28m³大吸力聚能猛火灶一级能效烟灶联动厨电套装,784230725200,784230725200,2899,,正常,2026-04-28 18:55:15,无截图
拼多多,https://mobile.yangkeduo.com/goods.html?goods_id=783305466570,云米智能烘干晾衣架语音声控离线全自动升降阳台LED照明Smart超薄,783305466570,783305466570,1299,,正常,2026-04-28 18:55:15,无截图
拼多多,https://mobile.yangkeduo.com/goods.html?goods_id=783304689053,【声控晾衣架】云米智能电动晾衣架无线遥控大容量自动升降控制,783304689053,783304689053,999,,正常,2026-04-28 18:55:15,无截图
拼多多,https://mobile.yangkeduo.com/goods.html?goods_id=774960777953,蓝调2燃气热水器13L,6923185655688,774960777953,679,,百亿活动相关,2026-04-28 18:55:15,无截图
拼多多,https://mobile.yangkeduo.com/goods.html?goods_id=767193647325,门锁掌静脉,6923185655398,767193647325,1104,,百亿活动相关,2026-04-28 18:55:15,无截图
拼多多,https://mobile.yangkeduo.com/goods.html?goods_id=765112154467,小鲸鱼 马桶盖,6923185654537,765112154467,699,,百亿活动相关,2026-04-28 18:55:15,无截图
拼多多,https://mobile.yangkeduo.com/goods.html?goods_id=763759392708,云米AI油烟机 鲲鹏Pro,6923185605379,763759392708,1999,,百亿活动相关,2026-04-28 18:55:15,无截图
拼多多,https://mobile.yangkeduo.com/goods.html?goods_id=761822913595,云米智能马桶 小鲸鱼 2 Pro,6923185654575,761822913595,2399,,百亿活动相关,2026-04-28 18:55:15,无截图
拼多多,https://mobile.yangkeduo.com/goods.html?goods_id=743885774552,云米蓝调智能门锁（基础版）,6923185655381,743885774552,499,,百亿活动相关,2026-04-28 18:55:15,无截图
拼多多,https://mobile.yangkeduo.com/goods.html?goods_id=739863611562,云米AI油烟机 Smart 2 Pro,6923185653516,739863611562,1499,,正常,2026-04-28 18:55:15,无截图
拼多多,https://mobile.yangkeduo.com/goods.html?goods_id=705715580268,智能门锁锂电池(5000mAh),6923185652953,705715580268,114,99,高价待调整,2026-04-28 18:55:15,无截图
拼多多,https://mobile.yangkeduo.com/goods.html?goods_id=697436012016,【新品】云米120°超广角猫眼全自动智能门锁家用客厅室内高清大屏,697436012016,697436012016,999,,正常,2026-04-28 18:55:15,无截图
拼多多,https://mobile.yangkeduo.com/goods.html?goods_id=691819698413,云米电热水器50/60升洗澡家用浴室速热大容量省电防漏电警示安全,691819698413,691819698413,799,,正常,2026-04-28 18:55:15,无截图
拼多多,https://mobile.yangkeduo.com/goods.html?goods_id=661859626284,小海豚-40L-2000w热水器,6923185681281,661859626284,599,,正常,2026-04-28 18:55:15,无截图
拼多多,https://mobile.yangkeduo.com/goods.html?goods_id=657344402006,云米油烟机蓝调,6923185650973,657344402006,859,,百亿活动相关,2026-04-28 18:55:15,无截图
拼多多,https://mobile.yangkeduo.com/goods.html?goods_id=635152751061,【全域烘干】云米全自动升降式智能室内嵌入式折叠晾衣机Super2Y,635152751061,635152751061,1699,,正常,2026-04-28 18:55:15,无截图
拼多多,https://mobile.yangkeduo.com/goods.html?goods_id=620077061933,云米嵌入式冰洗套装500升超薄十字四门冰箱&12KG大容量洗烘一体,620077061933,620077061933,6499,,正常,2026-04-28 18:55:15,无截图
拼多多,https://mobile.yangkeduo.com/goods.html?goods_id=620029199628,云米冰洗套装510升嵌入式风冷冰箱&12公斤大容量洗烘一体洗衣机,620029199628,620029199628,5899,,正常,2026-04-28 18:55:15,无截图
拼多多,https://mobile.yangkeduo.com/goods.html?goods_id=618360171773,云米超薄烟灶热套装飓风吸力抽油烟机5.2KW聚能灶超薄双胆热水器,618360171773,618360171773,4599,,正常,2026-04-28 18:55:15,无截图
拼多多,https://mobile.yangkeduo.com/goods.html?goods_id=615426357041,云米空调1.5匹一级能效变频冷暖两用节能家用挂机 AI全域风Super3,615426357041,615426357041,3099,,正常,2026-04-28 18:55:15,无截图
拼多多,https://mobile.yangkeduo.com/goods.html?goods_id=614821960857,云米大容量冰洗套装603升独立制冰冰箱&10KG全自动洗烘一体洗衣机,614821960857,614821960857,4468,,百亿活动相关,2026-04-28 18:55:15,无截图
拼多多,https://mobile.yangkeduo.com/goods.html?goods_id=614813745328,云米超薄嵌入式冰洗套餐500升风冷无霜冰箱&10公斤洗烘一体洗衣机,614813745328,614813745328,5566,,百亿活动相关,2026-04-28 18:55:15,无截图
拼多多,https://mobile.yangkeduo.com/goods.html?goods_id=604410073495,VIOMI云米冷热管线机饮水机壁挂式双出水台式管线机UV杀菌,604410073495,604410073495,899,,正常,2026-04-28 18:55:15,无截图
拼多多,https://mobile.yangkeduo.com/goods.html?goods_id=602716906408,【升级】云米空调1.5匹智能变频冷暖新一级舒适风空调挂机 Smart3,602716906408,602716906408,2199,,正常,2026-04-28 18:55:15,无截图
拼多多,https://mobile.yangkeduo.com/goods.html?goods_id=600491440603,【新品】云米空调1.5匹智能变频冷暖新三级舒适风空调挂机 Smart3,600491440603,600491440603,2099,,正常,2026-04-28 18:55:15,无截图
拼多多,https://mobile.yangkeduo.com/goods.html?goods_id=600131174099,【美妆超薄零嵌】云米510升嵌入式双开门一级风冷无霜银离子冰箱,600131174099,600131174099,2798,,百亿活动相关,2026-04-28 18:55:15,无截图
拼多多,https://mobile.yangkeduo.com/goods.html?goods_id=583103526676,【新品上市】云米嵌入式母婴冰箱十字四开门家用变频风冷无霜513L,583103526676,583103526676,4499,,正常,2026-04-28 18:55:15,无截图
拼多多,https://mobile.yangkeduo.com/goods.html?goods_id=573873753845,云米前置过滤器Super智能自动冲洗全屋前置净水器家用自来水冲洗,573873753845,573873753845,599,,正常,2026-04-28 18:55:15,无截图
拼多多,https://mobile.yangkeduo.com/goods.html?goods_id=551388417367,【田曦薇推荐】云米扫地机器人扫拖一体语音全自动智能吸尘器Pro,551388417367,551388417367,999,,正常,2026-04-28 18:55:15,无截图
拼多多,https://mobile.yangkeduo.com/goods.html?goods_id=540840221349,云米净水器家用厨下式直饮水过滤器RO反渗透无陈水母婴直饮1200G,540840221349,540840221349,1999,,正常,2026-04-28 18:55:15,无截图
拼多多,https://mobile.yangkeduo.com/goods.html?goods_id=539854309519,云米12KG滚筒洗衣机家用全自动大容量洗烘一体机防抖动超薄全嵌,539854309519,539854309519,3699,,正常,2026-04-28 18:55:15,无截图
拼多多,https://mobile.yangkeduo.com/goods.html?goods_id=539850688350,【美妆超薄零嵌】云米冰箱609mm嵌入式风冷无霜AI双变频一级510升,539850688350,539850688350,3499,,正常,2026-04-28 18:55:15,无截图
拼多多,https://mobile.yangkeduo.com/goods.html?goods_id=535675329481,云米石墨烯踢脚线电暖器加湿家用速热取暖器节能室内暖风机电暖气,535675329481,535675329481,499,,正常,2026-04-28 18:55:15,无截图
拼多多,https://mobile.yangkeduo.com/goods.html?goods_id=534931901352,云米净水器家用直饮ro反渗透SuperY 1200G管线机前置过滤器套装,534931901352,534931901352,2699,,正常,2026-04-28 18:55:15,无截图
拼多多,https://mobile.yangkeduo.com/goods.html?goods_id=525667451666,【大屏冰箱】云米超薄全嵌入式T型冰箱三门一级变频风冷无霜412升,525667451666,525667451666,5999,,正常,2026-04-28 18:55:15,无截图
拼多多,https://mobile.yangkeduo.com/goods.html?goods_id=521949122103,云米一体智能马桶座圈加热一键清洗虹吸离座自动冲水小金龙增压版,521949122103,521949122103,2999,,正常,2026-04-28 18:55:15,无截图
拼多多,https://mobile.yangkeduo.com/goods.html?goods_id=516748248645,云米电热水器8L小厨宝家用厨房速热储水式节能厨房神器VEW0831,516748248645,516748248645,499,,正常,2026-04-28 18:55:15,无截图
拼多多,https://mobile.yangkeduo.com/goods.html?goods_id=515237643272,云米电热水器AI美肤洗 780mm超薄 1级能效双胆三管速热 Super2Pro,515237643272,515237643272,1699,,正常,2026-04-28 18:55:15,无截图
拼多多,https://mobile.yangkeduo.com/goods.html?goods_id=495274606168,【田曦薇推荐】云米智能洗地机超薄双贴边大吸力超长续航 Smart2,495274606168,495274606168,1799,,正常,2026-04-28 18:55:15,无截图
拼多多,https://mobile.yangkeduo.com/goods.html?goods_id=490426355421,500L十字门冰箱,6923185651123,490426355421,3199,,百亿活动相关,2026-04-28 18:55:15,无截图
拼多多,https://mobile.yangkeduo.com/goods.html?goods_id=490150938954,【安享王空调3匹】云米柜机变频冷暖家用商用智能自清洁节能三级,490150938954,490150938954,4999,,正常,2026-04-28 18:55:15,无截图
拼多多,https://mobile.yangkeduo.com/goods.html?goods_id=490111298360,云米家用空调1.5匹变频冷暖自清洁手机联网AI静音节能挂机新三级,490111298360,490111298360,2199,,正常,2026-04-28 18:55:15,无截图
拼多多,https://mobile.yangkeduo.com/goods.html?goods_id=490081202590,云米即热恒温4档烘干 9重安全防护 智能低压系统 Nano2E,490081202590,490081202590,1999,,正常,2026-04-28 18:55:15,无截图
拼多多,https://mobile.yangkeduo.com/goods.html?goods_id=484037745334,云米AI燃气灶power 5.0（天然气）,6923185654377,484037745334,1099,,正常,2026-04-28 18:55:15,无截图
拼多多,https://mobile.yangkeduo.com/goods.html?goods_id=480070620581,【冷热直饮套装】云米净水器家用厨下管线机套装一键即热制冷直饮,480070620581,480070620581,2399,,正常,2026-04-28 18:55:15,无截图
拼多多,https://mobile.yangkeduo.com/goods.html?goods_id=472256690941,云米智能马桶即热活水清洗家用卫生间恒温烘干抗菌低压系统Nano2E,472256690941,472256690941,2499,,正常,2026-04-28 18:55:15,无截图
拼多多,https://mobile.yangkeduo.com/goods.html?goods_id=466437108089,云米TDS水质检测笔测水质仪饮用水检测器家用自来水水质测试仪器,466437108089,466437108089,99,,正常,2026-04-28 18:55:15,无截图
拼多多,https://mobile.yangkeduo.com/goods.html?goods_id=463332030781,【吸扫拖3合1】云米全自动集尘扫地吸尘机器人alpha2pro清洁一体,463332030781,463332030781,1799,,正常,2026-04-28 18:55:15,无截图
拼多多,https://mobile.yangkeduo.com/goods.html?goods_id=452924828720,云米净饮一体机台式净水器即热型饮水机家用免安装X2minimango,452924828720,452924828720,899,,正常,2026-04-28 18:55:15,无截图
拼多多,https://mobile.yangkeduo.com/goods.html?goods_id=431395946988,云米侧吸烟灶套装大吸力抽油烟机5.0KW燃气灶厨房家用智能wingS1,431395946988,431395946988,1399,,正常,2026-04-28 18:55:15,无截图
拼多多,https://mobile.yangkeduo.com/goods.html?goods_id=427349642190,（有）云米净饮一体机台式净水器即热型饮水机净水器水过滤机,427349642190,427349642190,1089,,正常,2026-04-28 18:55:15,无截图
拼多多,https://mobile.yangkeduo.com/goods.html?goods_id=423988590355,云米净水器super Y 1200G滤芯复合滤芯RO滤芯,423988590355,423988590355,100,,正常,2026-04-28 18:55:15,无截图
拼多多,https://mobile.yangkeduo.com/goods.html?goods_id=423724952357,云米燃气热水器即热零冷水双增压 3重防冻 4段燃烧 5重净化 Super,423724952357,423724952357,1999,,正常,2026-04-28 18:55:15,无截图
拼多多,https://mobile.yangkeduo.com/goods.html?goods_id=414747194884,云米净饮一体机台式净水器即热型饮水机家用免安装X2加一支滤芯套,414747194884,414747194884,1199,,正常,2026-04-28 18:55:15,无截图
拼多多,https://mobile.yangkeduo.com/goods.html?goods_id=413986425773,蓝调智能门锁（人脸猫眼版）,6923185654650,413986425773,709,,百亿活动相关,2026-04-28 18:55:15,无截图
拼多多,https://mobile.yangkeduo.com/goods.html?goods_id=408451368894,云米智能全自动一体马桶恒温座圈臀部清洗虹吸自动冲水家用小金龙,408451368894,408451368894,2399,,正常,2026-04-28 18:55:15,无截图
拼多多,https://mobile.yangkeduo.com/goods.html?goods_id=407741710364,云米25m³顶侧爆吸大吸力智目吸烟机 5.2KW聚能猛火灶烟灶套装家用,407741710364,407741710364,3699,,正常,2026-04-28 18:55:15,无截图
拼多多,https://mobile.yangkeduo.com/goods.html?goods_id=405167616548,云米净水器家用直饮厨下式RO反渗透超滤净水机无桶小白龙800G,405167616548,405167616548,1599,,正常,2026-04-28 18:55:15,无截图
拼多多,https://mobile.yangkeduo.com/goods.html?goods_id=405069782417,【升级小海豚】云米净水器800G通量&竹炭滤芯厨下式RO反渗透家用,405069782417,405069782417,1099,,正常,2026-04-28 18:55:15,无截图
拼多多,https://mobile.yangkeduo.com/goods.html?goods_id=403868159413,云米蒸烤一体机厨房家用嵌入式蒸烤箱45L大蒸汽电烤箱VSO4501-B,403868159413,403868159413,1999,,正常,2026-04-28 18:55:15,无截图
拼多多,https://mobile.yangkeduo.com/goods.html?goods_id=391465779831,云米热水器13L家用智能洗澡燃气热水器水气双调恒温液化气,391465779831,391465779831,999,,正常,2026-04-28 18:55:15,无截图
拼多多,https://mobile.yangkeduo.com/goods.html?goods_id=383502560587,【田曦薇推荐】云米落地扇直流变频台立两用无极调速小爱语音联网,383502560587,383502560587,329,,正常,2026-04-28 18:55:15,无截图
拼多多,https://mobile.yangkeduo.com/goods.html?goods_id=383400493031,云米智能即热式家用饮水机1键即热电热水壶Tee mini 1.8L水吧,383400493031,383400493031,269,,正常,2026-04-28 18:55:15,无截图
拼多多,https://mobile.yangkeduo.com/goods.html?goods_id=382839923175,云米顶侧双吸烟灶套装22m³大吸力抽油烟机聚能猛火灶节能燃气家用,382839923175,382839923175,1899,,正常,2026-04-28 18:55:15,无截图
拼多多,https://mobile.yangkeduo.com/goods.html?goods_id=382544460689,【杀毒王2匹】云米家用空调变频冷暖柜机立式客厅智能节能 新三级,382544460689,382544460689,3999,,正常,2026-04-28 18:55:15,无截图
拼多多,https://mobile.yangkeduo.com/goods.html?goods_id=376344667102,云米1.5匹家用新风语音空调变频冷暖新一级能效智能恒温免孔安装,376344667102,376344667102,3099,,正常,2026-04-28 18:55:15,无截图
拼多多,https://mobile.yangkeduo.com/goods.html?goods_id=375507459489,云米管线机家用直饮机壁挂式UV杀菌加热一体机厨房加热饮水机MG2B,375507459489,375507459489,899,,正常,2026-04-28 18:55:15,无截图
拼多多,https://mobile.yangkeduo.com/goods.html?goods_id=369184383310,【吸扫拖三合一】云米全自动扫地机器人鲸吸扫地拖地吸尘 Alpha3,369184383310,369184383310,3699,,正常,2026-04-28 18:55:15,无截图
拼多多,https://mobile.yangkeduo.com/goods.html?goods_id=366671128859,【干湿分储】云米冰箱超薄变频一级风冷无霜十字冰箱四开门 546升,366671128859,366671128859,3499,,正常,2026-04-28 18:55:15,无截图
拼多多,https://mobile.yangkeduo.com/goods.html?goods_id=365033069371,云米全自动智能门锁密码锁家用电子锁防盗指纹锁超长续航eLink 2C,365033069371,365033069371,899,,正常,2026-04-28 18:55:15,无截图
拼多多,https://mobile.yangkeduo.com/goods.html?goods_id=365007215970,云米Super Y1200G大通量厨下净水器RO反渗透管线机前置过滤器套装,365007215970,365007215970,2599,,正常,2026-04-28 18:55:15,无截图
拼多多,https://mobile.yangkeduo.com/goods.html?goods_id=364990106384,"即热1000G,MAIN84",6923185651116,364990106384,1359,1899,破价警报 | 百亿活动相关,2026-04-28 18:55:15,无截图
拼多多,https://mobile.yangkeduo.com/goods.html?goods_id=356164755389,【全屋净水三件套装】云米净水器管线机前置过滤器即热小海豚600G,356164755389,356164755389,2299,,正常,2026-04-28 18:55:15,无截图
拼多多,https://mobile.yangkeduo.com/goods.html?goods_id=355550841910,【鲜活营养守护先锋奖】云米延鲜AI冰箱一级双变频风冷无霜636升,355550841910,355550841910,3499,,正常,2026-04-28 18:55:15,无截图
拼多多,https://mobile.yangkeduo.com/goods.html?goods_id=339737903336,【智能声控】云米家用晾衣架电动晾衣机阳台全自动升降Smart S,339737903336,339737903336,999,,正常,2026-04-28 18:55:15,无截图
拼多多,https://mobile.yangkeduo.com/goods.html?goods_id=338636261947,【1键智洗】云米洗衣机全自动8公斤波轮租房家用防缠绕洗脱一体,338636261947,338636261947,999,,正常,2026-04-28 18:55:15,无截图
拼多多,https://mobile.yangkeduo.com/goods.html?goods_id=325803370945,【杀菌】云米空调大3匹柜机一级家用变频冷暖客厅变频冷暖自清洁,325803370945,325803370945,5299,,正常,2026-04-28 18:55:15,无截图
拼多多,https://mobile.yangkeduo.com/goods.html?goods_id=325232192898,冰箱603,6923185650935,325232192898,2459,,百亿活动相关,2026-04-28 18:55:15,无截图
拼多多,https://mobile.yangkeduo.com/goods.html?goods_id=309984364103,云米智能烘干晾衣架语音声控离线全自动升降阳台LED照明Smart超薄,309984364103,309984364103,1299,,正常,2026-04-28 18:55:15,无截图
拼多多,https://mobile.yangkeduo.com/goods.html?goods_id=296957182528,复合滤芯,"6923185600138,6923185600145",296957182528,439,,正常,2026-04-28 18:55:15,无截图
拼多多,https://mobile.yangkeduo.com/goods.html?goods_id=293928589058,云米大吸力侧吸烟灶套装抽油烟机猛火燃气灶装嵌入式节能家用厨房,293928589058,293928589058,1399,,正常,2026-04-28 18:55:15,无截图
拼多多,https://mobile.yangkeduo.com/goods.html?goods_id=291146640482,云米净水器滤芯家用通用系列厨下1A1号2号滤芯RO反渗透滤芯复合,291146640482,291146640482,199,,正常,2026-04-28 18:55:15,无截图
拼多多,https://mobile.yangkeduo.com/goods.html?goods_id=291141614396,F3-五合一,6923185614258,291141614396,499,298,高价待调整,2026-04-28 18:55:15,无截图
拼多多,https://mobile.yangkeduo.com/goods.html?goods_id=290543633215,复合滤芯,"6923185614258,6923185616177",290543633215,199,,正常,2026-04-28 18:55:15,无截图
拼多多,https://mobile.yangkeduo.com/goods.html?goods_id=289678345008,【内衣母婴专属】云米1KG迷你洗衣机家用全自动洗脱一体除菌波轮,289678345008,289678345008,1299,,正常,2026-04-28 18:55:15,无截图
拼多多,https://mobile.yangkeduo.com/goods.html?goods_id=289613839419,【智能双投放】云米洗衣机10公斤洗烘一体变频一级能效全自动滚筒,289613839419,289613839419,2399,,正常,2026-04-28 18:55:15,无截图
拼多多,https://mobile.yangkeduo.com/goods.html?goods_id=289608993802,【超薄洗衣机】云米洗衣机全自动10公斤滚筒47CM超薄洗脱一体,289608993802,289608993802,2499,,正常,2026-04-28 18:55:15,无截图
拼多多,https://mobile.yangkeduo.com/goods.html?goods_id=289729238975,【杀毒王3匹】云米家用空调变频冷暖柜机立式客厅智能节能新三级,289729238975,289729238975,3899,,正常,2026-04-28 18:55:15,无截图
拼多多,https://mobile.yangkeduo.com/goods.html?goods_id=283191769057,云米互联网洗碗机4套台面式免安装智能语音控制高温消毒杀菌烘干,283191769057,283191769057,699,,正常,2026-04-28 18:55:15,无截图
拼多多,https://mobile.yangkeduo.com/goods.html?goods_id=276965357470,云米598升双开门对开门变频一级能效风冷无霜超薄嵌入式智能冰箱,276965357470,276965357470,2799,,正常,2026-04-28 18:55:15,无截图
拼多多,https://mobile.yangkeduo.com/goods.html?goods_id=276658474666,【全屋智能】云米净饮一体机X2Pro台式免安装净水器即热式饮水机,276658474666,276658474666,1099,,正常,2026-04-28 18:55:15,无截图
拼多多,https://mobile.yangkeduo.com/goods.html?goods_id=273348857003,云米蓝调智能门锁（基础版）,6923185655381,273348857003,499,,百亿活动相关,2026-04-28 18:55:15,无截图
拼多多,https://mobile.yangkeduo.com/goods.html?goods_id=268591343924,云米顶侧大吸力抽油烟机聚能猛火灶智能家用厨房烟灶套装flash2,268591343924,268591343924,2499,,正常,2026-04-28 18:55:15,无截图
拼多多,https://mobile.yangkeduo.com/goods.html?goods_id=264080849667,霸王锁体,6923185622154,264080849667,150,150,正常,2026-04-28 18:55:15,无截图
拼多多,https://mobile.yangkeduo.com/goods.html?goods_id=259795065484,【杀毒王】云米空调1.5匹变频冷暖1级能效杀病毒循环除菌 Super2s,259795065484,259795065484,2499,,正常,2026-04-28 18:55:15,无截图
拼多多,https://mobile.yangkeduo.com/goods.html?goods_id=259115850200,蓝调智能门锁（3D人脸版）,6923185654643,259115850200,629,,百亿活动相关,2026-04-28 18:55:15,无截图
拼多多,https://mobile.yangkeduo.com/goods.html?goods_id=258855020077,云米456升超薄嵌入式对开门双开门变频风冷无霜智能家用电冰箱,258855020077,258855020077,999,,正常,2026-04-28 18:55:15,无截图
拼多多,https://mobile.yangkeduo.com/goods.html?goods_id=251420900843,【田曦薇推荐】云米负离子空气循环扇大学生宿舍家用直流变频风扇,251420900843,251420900843,529,,正常,2026-04-28 18:55:15,无截图
拼多多,https://mobile.yangkeduo.com/goods.html?goods_id=249751266813,【DD直驱超薄】云米洗衣机洗烘一体全自动一级能效智能滚筒10公斤,249751266813,249751266813,2999,,正常,2026-04-28 18:55:15,无截图
拼多多,https://mobile.yangkeduo.com/goods.html?goods_id=247862575297,【DD直驱智能双投放】云米洗衣机全自动10KG一级能效洗脱一体滚筒,247862575297,247862575297,2499,,正常,2026-04-28 18:55:15,无截图
拼多多,https://mobile.yangkeduo.com/goods.html?goods_id=247228990842,云米智能马桶抗菌座圈恒温即热双增压自动冲水烘干坐便器Nano2,247228990842,247228990842,2699,,正常,2026-04-28 18:55:15,无截图
拼多多,https://mobile.yangkeduo.com/goods.html?goods_id=246986456918,【小海豚1000G管线机套装】云米净水器家用厨下一键即热制冷直饮,246986456918,246986456918,2199,,正常,2026-04-28 18:55:15,无截图
拼多多,https://mobile.yangkeduo.com/goods.html?goods_id=245465996610,云米管线机壁挂台式两用冷热开水机家用调温即热饮水机带uv杀菌,245465996610,245465996610,1999,,正常,2026-04-28 18:55:15,无截图
拼多多,https://mobile.yangkeduo.com/goods.html?goods_id=245015637978,云米电热水器蓝调3200W安全速热卫生间洗澡8倍大水量抑菌水质可视,245015637978,245015637978,1099,,正常,2026-04-28 18:55:15,无截图
拼多多,https://mobile.yangkeduo.com/goods.html?goods_id=245008294548,云米大容量洗碗机10套家用嵌入式智目洗全自动热风烘干除菌消毒,245008294548,245008294548,2098,,正常,2026-04-28 18:55:15,无截图
拼多多,https://mobile.yangkeduo.com/goods.html?goods_id=243153009643,云米净饮机X2系列滤芯X2mini mango复合滤芯5in1/6in1 RO反渗透,243153009643,243153009643,288,,正常,2026-04-28 18:55:15,无截图
拼多多,https://mobile.yangkeduo.com/goods.html?goods_id=241667411785,云米即热式饮水机1键即热水吧3档控温4L大容量台式免安装,241667411785,241667411785,589,,正常,2026-04-28 18:55:15,无截图
拼多多,https://mobile.yangkeduo.com/goods.html?goods_id=237591380789,云米全自动智能马桶水箱泡沫盾抗菌即热恒温座圈离座冲水小鲸鱼2,237591380789,237591380789,1999,,正常,2026-04-28 18:55:15,无截图
拼多多,https://mobile.yangkeduo.com/goods.html?goods_id=237590247709,【1小时洗烘】云米全自动洗衣机1级能效10公斤洗烘一体烘干机滚筒,237590247709,237590247709,2399,,正常,2026-04-28 18:55:15,无截图
拼多多,https://mobile.yangkeduo.com/goods.html?goods_id=231833573024,小烤箱6L,6923185603221,231833573024,199,174,高价待调整,2026-04-28 18:55:15,无截图
拼多多,https://mobile.yangkeduo.com/goods.html?goods_id=228907185185,云米16L零冷水燃气热水器家用智能变频即热水气双调恒温安全防冻,228907185185,228907185185,1699,,正常,2026-04-28 18:55:15,无截图
拼多多,https://mobile.yangkeduo.com/goods.html?goods_id=227970049599,云米净水器水龙头过滤器自来水家用厨房超滤滤水器前置净化器,227970049599,227970049599,159,,正常,2026-04-28 18:55:15,无截图
拼多多,https://mobile.yangkeduo.com/goods.html?goods_id=226771358169,1云米净水器家用厨房农村水龙头过滤器自来水净化器MT1/2,226771358169,226771358169,79,,正常,2026-04-28 18:55:15,无截图
拼多多,https://mobile.yangkeduo.com/goods.html?goods_id=223485946991,云米智能洗碗机10套热风烘干消毒嵌入式洗烘存一体家用IronA1,223485946991,223485946991,2299,,正常,2026-04-28 18:55:15,无截图
拼多多,https://mobile.yangkeduo.com/goods.html?goods_id=225501370546,小海豚3,6923185605867,225501370546,999,499,高价待调整,2026-04-28 18:55:15,无截图
拼多多,https://mobile.yangkeduo.com/goods.html?goods_id=224216987554,云米净水器滤芯S2、Fast厨下1A400G600G 1号复合滤芯RO反渗透滤芯,224216987554,224216987554,499,,正常,2026-04-28 18:55:15,无截图
拼多多,https://mobile.yangkeduo.com/goods.html?goods_id=223686266452,云米全自动滚筒洗衣机10KG洗烘一体除菌家用智能投放超薄嵌入M2,223686266452,223686266452,3299,,正常,2026-04-28 18:55:15,无截图
拼多多,https://mobile.yangkeduo.com/goods.html?goods_id=223486025603,云米互联网洗碗机全自动家用8套热风烘干消毒嵌入式Iron X1,223486025603,223486025603,1799,,正常,2026-04-28 18:55:15,无截图
拼多多,https://mobile.yangkeduo.com/goods.html?goods_id=222446512832,【冷酷王】云米大一匹单冷空调独立除湿秒速制冷家用卧室节能变频,222446512832,222446512832,1699,,正常,2026-04-28 18:55:15,无截图
拼多多,https://mobile.yangkeduo.com/goods.html?goods_id=221876010591,云米净水器家用直饮RO反渗透净饮一体净水机滤芯1200GSuper2max,221876010591,221876010591,4299,,正常,2026-04-28 18:55:15,无截图
拼多多,https://mobile.yangkeduo.com/goods.html?goods_id=221842463604,1小米云米净水器RO反渗透纯水机厨下家用直饮过滤器饮水机600加仑,221842463604,221842463604,1300,,正常,2026-04-28 18:55:15,无截图
拼多多,https://mobile.yangkeduo.com/goods.html?goods_id=221686401936,【空调套装】云米空调3室1厅组合 新1级能效3P柜机+新1级1.5P挂机,221686401936,221686401936,10999,,正常,2026-04-28 18:55:15,无截图
拼多多,https://mobile.yangkeduo.com/goods.html?goods_id=221565163539,【语音柔风王】云米空调柜机冷暖双变频一级能效客厅立式智能空调,221565163539,221565163539,6499,,正常,2026-04-28 18:55:15,无截图
拼多多,https://mobile.yangkeduo.com/goods.html?goods_id=220936223742,云米燃气热水器变频恒温8大安全防护 家用节能防冻速热FireC113L,220936223742,220936223742,1099,,正常,2026-04-28 18:55:15,无截图
拼多多,https://mobile.yangkeduo.com/goods.html?goods_id=220867531419,"(X2Pro链接,少量差评可做备选)云米净饮一体机X2mini Mango",220867531419,220867531419,1099,,正常,2026-04-28 18:55:15,无截图
拼多多,https://mobile.yangkeduo.com/goods.html?goods_id=220820325711,云米消毒柜（嵌入式）云米版,6923185604303,220820325711,899,,百亿活动相关,2026-04-28 18:55:15,无截图
拼多多,https://mobile.yangkeduo.com/goods.html?goods_id=219691919640,【阳光暖烘】云米智能晾衣架全自动升降联网烘干电动晾衣机阳台,219691919640,219691919640,1599,,正常,2026-04-28 18:55:15,无截图
拼多多,https://mobile.yangkeduo.com/goods.html?goods_id=219492848549,云米家用门锁智能锁指纹密码锁防盗门电子门锁全自动推拉门锁,219492848549,219492848549,1299,,正常,2026-04-28 18:55:15,无截图
拼多多,https://mobile.yangkeduo.com/goods.html?goods_id=219486126363,flash烟机,6923185613664,219486126363,899,,百亿活动相关,2026-04-28 18:55:15,无截图
拼多多,https://mobile.yangkeduo.com/goods.html?goods_id=217541928957,云米真空保温杯轻便携不锈钢大学生自习室茶杯300ml,217541928957,217541928957,89,,正常,2026-04-28 18:55:15,无截图
拼多多,https://mobile.yangkeduo.com/goods.html?goods_id=217105737391,云米智能马桶浴霸套装 即热全自动座便器  小爱语音浴霸 卫浴套装,217105737391,217105737391,3499,,正常,2026-04-28 18:55:15,无截图
拼多多,https://mobile.yangkeduo.com/goods.html?goods_id=215991927819,【烟灶联动】云米顶侧3吸大吸力抽油烟机聚能燃气灶烟灶套装Super,215991927819,215991927819,2499,,正常,2026-04-28 18:55:15,无截图
拼多多,https://mobile.yangkeduo.com/goods.html?goods_id=215505605173,【上门安装】云米电热水器安全速热家用洗澡储水式省电VEW605A,215505605173,215505605173,599,,正常,2026-04-28 18:55:15,无截图
拼多多,https://mobile.yangkeduo.com/goods.html?goods_id=215498018054,【空调套装】云米空调1室1厅组合 新1级能效2P柜机+新1级1.5P挂机,215498018054,215498018054,6199,,正常,2026-04-28 18:55:15,无截图
拼多多,https://mobile.yangkeduo.com/goods.html?goods_id=214448170082,云米即热水吧办公室台式免安装宿舍小型饮水机2.5L大容量烧热水壶,214448170082,214448170082,299,,正常,2026-04-28 18:55:15,无截图
拼多多,https://mobile.yangkeduo.com/goods.html?goods_id=213946234221,云米无线手持吸尘器家用立式除螨大吸力吸尘机A9长续航宠物家庭,213946234221,213946234221,899,,正常,2026-04-28 18:55:15,无截图
拼多多,https://mobile.yangkeduo.com/goods.html?goods_id=212124982919,云米踢脚线电暖器家用客厅节能速热加湿取暖器语音控制智能定时,212124982919,212124982919,699,,正常,2026-04-28 18:55:15,无截图
拼多多,https://mobile.yangkeduo.com/goods.html?goods_id=211439538390,云米即热饮水机1键即热水吧4档控温4L大容量台式免安装,211439538390,211439538390,429,,正常,2026-04-28 18:55:15,无截图
拼多多,https://mobile.yangkeduo.com/goods.html?goods_id=209415771537,【声控晾衣架】云米智能电动晾衣架无线遥控大容量自动升降控制,209415771537,209415771537,899,,正常,2026-04-28 18:55:15,无截图
拼多多,https://mobile.yangkeduo.com/goods.html?goods_id=209406625494,蓝调智能门锁（大屏猫眼版）,6923185654667,209406625494,999,,正常,2026-04-28 18:55:15,无截图
拼多多,https://mobile.yangkeduo.com/goods.html?goods_id=208077402678,【柔风王】云米空调1.5匹新1级能效变频冷暖超大导板挂机 Smart2S,208077402678,208077402678,2399,,正常,2026-04-28 18:55:15,无截图
拼多多,https://mobile.yangkeduo.com/goods.html?goods_id=208074025148,云米净水器600G小海豚厨下式RO反渗透直饮过滤器净饮机家用出租屋,208074025148,208074025148,899,,正常,2026-04-28 18:55:15,无截图
拼多多,https://mobile.yangkeduo.com/goods.html?goods_id=208071231700,云米60L速热电热水器3000W一级节能变频增容租房安全已接入米家AP,208071231700,208071231700,749,,正常,2026-04-28 18:55:15,无截图
拼多多,https://mobile.yangkeduo.com/goods.html?goods_id=208069905615,【杀病毒空调】云米大1匹空调变频冷暖自动调温一级能效 Super2s,208069905615,208069905615,2099,,正常,2026-04-28 18:55:15,无截图
拼多多,https://mobile.yangkeduo.com/goods.html?goods_id=207799885384,【超薄除螨】云米家用全自动洗烘一体10公斤洗衣机滚筒 Master S,207799885384,207799885384,2699,,正常,2026-04-28 18:55:15,无截图
拼多多,https://mobile.yangkeduo.com/goods.html?goods_id=207783866280,【超窄冰箱】云米冰箱风冷无霜AI双变频78CM超窄对开门电冰箱436L,207783866280,207783866280,2199,,正常,2026-04-28 18:55:15,无截图
拼多多,https://mobile.yangkeduo.com/goods.html?goods_id=207250698147,400加仑智能净水器 RO反渗透纯水机无桶 MR432-D,207250698147,207250698147,899,,正常,2026-04-28 18:55:15,无截图
拼多多,https://mobile.yangkeduo.com/goods.html?goods_id=205628593157,云米滚筒10kg大容量家用全自动洗烘一体洗衣机除菌节能智能互联,205628593157,205628593157,1899,,正常,2026-04-28 18:55:15,无截图
拼多多,https://mobile.yangkeduo.com/goods.html?goods_id=205463909525,【十字冰箱】云米十字四开门冰箱精细分储AI双变频风冷无霜410升,205463909525,205463909525,2699,,正常,2026-04-28 18:55:15,无截图
拼多多,https://mobile.yangkeduo.com/goods.html?goods_id=205442655354,【超薄冰箱】云米冰箱嵌入式双开门变频风冷无霜大容量对开456升,205442655354,205442655354,2699,,正常,2026-04-28 18:55:15,无截图
拼多多,https://mobile.yangkeduo.com/goods.html?goods_id=205451808289,小厨宝,6923185611233,205451808289,359,,正常,2026-04-28 18:55:15,无截图
拼多多,https://mobile.yangkeduo.com/goods.html?goods_id=205467667434,[新品上市]VIOMI 云米净水器600G小海豚3厨下式RO反渗透直饮家用,205467667434,205467667434,69,,正常,2026-04-28 18:55:15,无截图
拼多多,https://mobile.yangkeduo.com/goods.html?goods_id=205378217791,1级能效云米燃气灶 可联网 10重安保 厨房灶具 天然气猛火灶4500W,205378217791,205378217791,799,,正常,2026-04-28 18:55:15,无截图
拼多多,https://mobile.yangkeduo.com/goods.html?goods_id=205448553075,云米电热水器VEW605家用小型储水速热节能漏电保护60L,205448553075,205448553075,599,,正常,2026-04-28 18:55:15,无截图
拼多多,https://mobile.yangkeduo.com/goods.html?goods_id=205458105137,小海豚2 1000G,6923185654865,205458105137,899,899,百亿活动相关,2026-04-28 18:55:15,无截图
拼多多2,https://mobile.yangkeduo.com/goods.html?goods_id=942754114793,云米AI燃气热水器 智控恒温防冻节能安全水质净化精准控温13L强排,942754114793,942754114793,999,,正常,2026-04-28 18:56:26,无截图
拼多多2,https://mobile.yangkeduo.com/goods.html?goods_id=942740482351,云米AI燃气热水器 智控恒温防冻节能安全水质净化精准控温13L强排,942740482351,942740482351,999,,正常,2026-04-28 18:56:26,无截图
拼多多2,https://mobile.yangkeduo.com/goods.html?goods_id=942656610557,云米即热净水器厨房家用直饮RO反渗透加热净饮一体机1000G,942656610557,942656610557,2999,,正常,2026-04-28 18:56:26,无截图
拼多多2,https://mobile.yangkeduo.com/goods.html?goods_id=939930331098,VIOMI云米 滤芯 反渗透滤芯RO膜,939930331098,939930331098,598,,正常,2026-04-28 18:56:26,无截图
拼多多2,https://mobile.yangkeduo.com/goods.html?goods_id=939928309801,VIOMI云米 滤芯 反渗透滤芯RO膜,939928309801,939928309801,239,,正常,2026-04-28 18:56:26,无截图
拼多多2,https://mobile.yangkeduo.com/goods.html?goods_id=939760939921,云米净水器Super2Y1200G家用直饮厨下式RO反渗透鲜活泉无陈水,939760939921,939760939921,999,,百亿活动相关,2026-04-28 18:56:26,无截图
拼多多2,https://mobile.yangkeduo.com/goods.html?goods_id=932391238524,VIOMI 云米净水器小海豚3 厨下式RO反渗透直饮家用 无罐一体式,932391238524,932391238524,895.5,,正常,2026-04-28 18:56:26,无截图
拼多多2,https://mobile.yangkeduo.com/goods.html?goods_id=931163598005,云米净水器Super2Y1200G家用直饮厨下式RO反渗透鲜活泉无陈水,931163598005,931163598005,2299,,正常,2026-04-28 18:56:26,无截图
拼多多2,https://mobile.yangkeduo.com/goods.html?goods_id=926760918505,VIOMI云米净水器小海豚600G+升级版厨下式 RO 反渗透直饮家用,926760918505,926760918505,904,,正常,2026-04-28 18:56:26,无截图
拼多多2,https://mobile.yangkeduo.com/goods.html?goods_id=926574119933,昆仑4弱碱 1400G,6923185655718,926574119933,2999,3599,破价警报 | 百亿活动相关,2026-04-28 18:56:26,无截图
拼多多2,https://mobile.yangkeduo.com/goods.html?goods_id=926440536018,云米小厨宝6L电热水器厨房卫生间出水恒温储水式小型速热神器加热,926440536018,926440536018,399,,正常,2026-04-28 18:56:26,无截图
拼多多2,https://mobile.yangkeduo.com/goods.html?goods_id=925977908012,云米昆仑3矿泉净水器2S Pro,6923185656593,925977908012,2998,2899,高价待调整,2026-04-28 18:56:26,无截图
拼多多2,https://mobile.yangkeduo.com/goods.html?goods_id=925958299439,云米(VIOMI) 家用昆仑4弱碱1200G 矿物质直饮反渗透厨下过滤器,925958299439,925958299439,3999,,正常,2026-04-28 18:56:26,无截图
拼多多2,https://mobile.yangkeduo.com/goods.html?goods_id=925904229459,VIOMI云米净水器600G小蓝调厨下式RO反渗透直饮家用6年长效,925904229459,925904229459,728,,百亿活动相关,2026-04-28 18:56:26,无截图
拼多多2,https://mobile.yangkeduo.com/goods.html?goods_id=925874862450,小京龙Pro1100G,6923185655220,925874862450,799,1099,破价警报 | 百亿活动相关,2026-04-28 18:56:26,无截图
拼多多2,https://mobile.yangkeduo.com/goods.html?goods_id=925737084752,门锁普通版E30,6923185656074,925737084752,499,,百亿活动相关,2026-04-28 18:56:26,无截图
拼多多2,https://mobile.yangkeduo.com/goods.html?goods_id=916998985237,云米(VIOMI)净水机昆仑3 2E净矿1000G净水器 6年RO膜 接入米家,916998985237,916998985237,2599,,正常,2026-04-28 18:56:26,无截图
拼多多2,https://mobile.yangkeduo.com/goods.html?goods_id=925730122772,蓝调智能门锁（大屏猫眼版）,6923185654667,925730122772,999,,正常,2026-04-28 18:56:26,无截图
拼多多2,https://mobile.yangkeduo.com/goods.html?goods_id=925730329478,云米蓝调智能门锁（基础版）,6923185655381,925730329478,499,,百亿活动相关,2026-04-28 18:56:26,无截图
拼多多2,https://mobile.yangkeduo.com/goods.html?goods_id=925731404024,门锁掌静脉,6923185655398,925731404024,1069,,百亿活动相关,2026-04-28 18:56:26,无截图
拼多多2,https://mobile.yangkeduo.com/goods.html?goods_id=925231209174,蓝调智能门锁（人脸猫眼版）,6923185654650,925231209174,709,,百亿活动相关,2026-04-28 18:56:26,无截图
拼多多2,https://mobile.yangkeduo.com/goods.html?goods_id=925230364669,蓝调智能门锁（3D人脸版）,6923185654643,925230364669,629,,百亿活动相关,2026-04-28 18:56:26,无截图
拼多多2,https://mobile.yangkeduo.com/goods.html?goods_id=920795499656,VIOMI云米小海豚3净水器5年长效RO反渗透厨下一体机水过滤大通量,920795499656,920795499656,1299,,正常,2026-04-28 18:56:26,无截图
拼多多2,https://mobile.yangkeduo.com/goods.html?goods_id=920088070226,云米新品鲲鹏PRO油烟机28m³大吸力易清洁挥手智控烟灶联动小噪音,920088070226,920088070226,2399,,正常,2026-04-28 18:56:26,无截图
拼多多2,https://mobile.yangkeduo.com/goods.html?goods_id=918828889854,VIOMI云米净水器600G小蓝调厨下式RO反渗透直饮家用6年长效,918828889854,918828889854,1299,,正常,2026-04-28 18:56:26,无截图
拼多多2,https://mobile.yangkeduo.com/goods.html?goods_id=917044137245,云米前置过滤器家用自来水前置净水器自动反冲洗全屋净水机大流量,917044137245,917044137245,498,,正常,2026-04-28 18:56:26,无截图
拼多多2,https://mobile.yangkeduo.com/goods.html?goods_id=917042534932,云米前置过滤器家用自来水前置净水器自动反冲洗全屋净水机大流量,917042534932,917042534932,498,,正常,2026-04-28 18:56:26,无截图
拼多多2,https://mobile.yangkeduo.com/goods.html?goods_id=917038452382,小海豚+管线机,"S2405281401001,S2407170910001",917038452382,1349,,百亿活动相关,2026-04-28 18:56:26,无截图
拼多多2,https://mobile.yangkeduo.com/goods.html?goods_id=917034829515,管线机2E,6923185650966,917034829515,869,1599,破价警报 | 百亿活动相关,2026-04-28 18:56:26,无截图
拼多多2,https://mobile.yangkeduo.com/goods.html?goods_id=917032713009,管线机2S,6923185652526,917032713009,669,1699,破价警报 | 百亿活动相关,2026-04-28 18:56:26,无截图
拼多多2,https://mobile.yangkeduo.com/goods.html?goods_id=917031150770,云米·泉先AI净水器蓝调600G+,6923185653592,917031150770,649,999,破价警报 | 百亿活动相关,2026-04-28 18:56:26,无截图
拼多多2,https://mobile.yangkeduo.com/goods.html?goods_id=917001945930,云米矿泉台式净饮机即热式饮水机直饮家用矿化加热一体机净水器,917001945930,917001945930,2199,,正常,2026-04-28 18:56:26,无截图
拼多多2,https://mobile.yangkeduo.com/goods.html?goods_id=916996455515,云米AI冷热管线机Super2 Pro,6923185655794,916996455515,1449,1999,破价警报 | 百亿活动相关,2026-04-28 18:56:26,无截图
拼多多2,https://mobile.yangkeduo.com/goods.html?goods_id=916452280972,900G,6923185654292,916452280972,749,1499,破价警报 | 百亿活动相关,2026-04-28 18:56:26,无截图
拼多多2,https://mobile.yangkeduo.com/goods.html?goods_id=916441693850,云米(VIOMI) 小海豚PRO 家用净水机 净水器 反渗透大通量 RO膜,916441693850,916441693850,899,,百亿活动相关,2026-04-28 18:56:26,无截图
拼多多2,https://mobile.yangkeduo.com/goods.html?goods_id=916398420768,复合滤芯,"6923185614258,6923185615750,6923185614265",916398420768,128.98,,百亿活动相关,2026-04-28 18:56:26,无截图
拼多多2,https://mobile.yangkeduo.com/goods.html?goods_id=915797572693,600G滤芯套餐,S2412282008001,915797572693,904,,正常,2026-04-28 18:56:26,无截图
拼多多2,https://mobile.yangkeduo.com/goods.html?goods_id=885690465484,小海豚600G+,6923185653684,885690465484,559,559,百亿活动相关,2026-04-28 18:56:26,无截图
拼多多2,https://mobile.yangkeduo.com/goods.html?goods_id=882919216767,小白龙 800G+,6923185653974,882919216767,1199,1299,破价警报,2026-04-28 18:56:26,无截图
拼多多2,https://mobile.yangkeduo.com/goods.html?goods_id=879245702873,VIOMI云米小海豚3净水器5年长效RO反渗透厨下一体机水过滤大通量,879245702873,879245702873,1299,,正常,2026-04-28 18:56:26,无截图
拼多多2,https://mobile.yangkeduo.com/goods.html?goods_id=874350558652,VIOMI云米滤芯 小海豚3适用,874350558652,874350558652,129,,百亿活动相关,2026-04-28 18:56:26,无截图
拼多多2,https://mobile.yangkeduo.com/goods.html?goods_id=873053402073,VIOMI云米小海豚3净水器5年长效RO反渗透厨下一体机水过滤大通量,873053402073,873053402073,1199,,正常,2026-04-28 18:56:26,无截图
拼多多2,https://mobile.yangkeduo.com/goods.html?goods_id=530950162370,云米小海豚2 1000G净水器净水机管线机即热饮水机前置过滤器套装,530950162370,530950162370,1799,,正常,2026-04-28 18:56:26,无截图
拼多多2,https://mobile.yangkeduo.com/goods.html?goods_id=500282125061,云米1.5匹变频冷暖Milano2ProAI语音UVC除菌新一级智能电器挂机,500282125061,500282125061,2799,,正常,2026-04-28 18:56:26,无截图
拼多多2,https://mobile.yangkeduo.com/goods.html?goods_id=497869228081,云米521升风冷无霜一级变频十字四开门对开门大容量智能电器冰箱,497869228081,497869228081,2799,,正常,2026-04-28 18:56:26,无截图
拼多多2,https://mobile.yangkeduo.com/goods.html?goods_id=491420502929,云米1.5匹AI智能电器变频空调冷暖两用新一级省电家用杀菌挂机,491420502929,491420502929,2599,,正常,2026-04-28 18:56:26,无截图
拼多多2,https://mobile.yangkeduo.com/goods.html?goods_id=489538266025,云米TDS水质检测笔测水质仪饮用水检测器家用自来水水质测试仪器,489538266025,489538266025,99,,正常,2026-04-28 18:56:26,无截图
拼多多2,https://mobile.yangkeduo.com/goods.html?goods_id=6120759451,云米VO1602电烤箱多功能烤箱家用烘焙小型蛋糕电烤鸡翅披萨16L,6120759451,6120759451,149,,正常,2026-04-28 18:56:26,无截图
拼多多,https://mobile.yangkeduo.com/goods.html?goods_id=912927521784,小京龙2Pro净矿,6923185656791,912927521784,1273,2499,破价警报 | 百亿活动相关,2026-04-29 09:21:13,无截图
拼多多,https://mobile.yangkeduo.com/goods.html?goods_id=908884844099,管线机2S,6923185652526,908884844099,999,1699,破价警报,2026-04-29 09:21:13,无截图
拼多多,https://mobile.yangkeduo.com/goods.html?goods_id=908879495872,smart 前置过滤器 （VF4-A）,6923185621058,908879495872,289,499,破价警报 | 百亿活动相关,2026-04-29 09:21:13,无截图
拼多多,https://mobile.yangkeduo.com/goods.html?goods_id=907974025123,小海豚1000G,6923185654865,907974025123,899,899,百亿活动相关,2026-04-29 09:21:13,无截图
拼多多,https://mobile.yangkeduo.com/goods.html?goods_id=907033710117,云米昆仑3矿泉净水器2S Pro,6923185656593,907033710117,2998,2899,高价待调整,2026-04-29 09:21:13,无截图
拼多多,https://mobile.yangkeduo.com/goods.html?goods_id=873065157674,小海豚600G适用滤芯,6923185618379,873065157674,598,299,高价待调整,2026-04-29 09:21:13,无截图
拼多多,https://mobile.yangkeduo.com/goods.html?goods_id=872941778883,1000G复合滤芯,6923185653998,872941778883,288,298,破价警报,2026-04-29 09:21:13,无截图
拼多多,https://mobile.yangkeduo.com/goods.html?goods_id=870799733097,油烟机 smart2,6923185653110,870799733097,1599,,正常,2026-04-29 09:21:13,无截图
拼多多,https://mobile.yangkeduo.com/goods.html?goods_id=868834124642,云米AI油烟机Super升级,6923185605829,868834124642,1699,,正常,2026-04-29 09:21:13,无截图
拼多多,https://mobile.yangkeduo.com/goods.html?goods_id=868851073714,小海豚3,6923185605867,868851073714,499,499,百亿活动相关,2026-04-29 09:21:13,无截图
拼多多,https://mobile.yangkeduo.com/goods.html?goods_id=862873034610,小海豚3,6923185605867,862873034610,999,499,高价待调整,2026-04-29 09:21:13,无截图
拼多多,https://mobile.yangkeduo.com/goods.html?goods_id=862584688956,门锁门禁卡,6923185654230,862584688956,25,19,高价待调整,2026-04-29 09:21:13,无截图
拼多多,https://mobile.yangkeduo.com/goods.html?goods_id=861508688697,管线机2E,6923185650966,861508688697,1998,1599,高价待调整,2026-04-29 09:21:13,无截图
拼多多,https://mobile.yangkeduo.com/goods.html?goods_id=852932116812,云米净水器600G小海豚升级版厨下式RO反渗透直饮家用,852932116812,852932116812,772,,百亿活动相关,2026-04-29 09:21:13,无截图
拼多多,https://mobile.yangkeduo.com/goods.html?goods_id=852614628903,云米厨余垃圾处理器  PowerBox 尊享版,6923185610250,852614628903,799,,百亿活动相关,2026-04-29 09:21:13,无截图
拼多多,https://mobile.yangkeduo.com/goods.html?goods_id=852161740747,小海豚600G+,6923185653684,852161740747,899,559,高价待调整,2026-04-29 09:21:13,无截图
拼多多,https://mobile.yangkeduo.com/goods.html?goods_id=852010588191,蓝调2Pro-JSQ30-VGW1641,6923185656869,852010588191,1099,,正常,2026-04-29 09:21:13,无截图
拼多多,https://mobile.yangkeduo.com/goods.html?goods_id=850883552953,云米·泉先AI净水器蓝调600G+,6923185653592,850883552953,649,999,破价警报 | 百亿活动相关,2026-04-29 09:21:13,无截图
拼多多,https://mobile.yangkeduo.com/goods.html?goods_id=850344043841,云米AI净饮机Super 2,6923185615415,850344043841,1009,1699,破价警报 | 百亿活动相关,2026-04-29 09:21:13,无截图
拼多多,https://mobile.yangkeduo.com/goods.html?goods_id=849648457333,云米AI昆仑矿泉净水机 Super 2E 2500,6923185654254,849648457333,1549,2499,破价警报 | 百亿活动相关,2026-04-29 09:21:13,无截图
拼多多,https://mobile.yangkeduo.com/goods.html?goods_id=849000374681,云米AI净水器Super 2Y 1200G,6923185653981,849000374681,2299,1899,高价待调整,2026-04-29 09:21:13,无截图
拼多多,https://mobile.yangkeduo.com/goods.html?goods_id=846212481564,云米蓝调2双胆电热水器60L超短超薄速热增容大水量3000W杀菌安全,846212481564,846212481564,1199,,正常,2026-04-29 09:21:13,无截图
拼多多,https://mobile.yangkeduo.com/goods.html?goods_id=837301408995,云米AI冷热管线机Super2 Pro,6923185655794,837301408995,1449,1999,破价警报 | 百亿活动相关,2026-04-29 09:21:13,无截图
拼多多,https://mobile.yangkeduo.com/goods.html?goods_id=832431516907,门锁普通版E30,6923185656074,832431516907,499,,百亿活动相关,2026-04-29 09:21:13,无截图
拼多多,https://mobile.yangkeduo.com/goods.html?goods_id=823432069145,手持吸尘器,6923185611844,823432069145,999,602,高价待调整,2026-04-29 09:21:13,无截图
拼多多,https://mobile.yangkeduo.com/goods.html?goods_id=819506595979,云米净水器  600G+ 新升级厨下式RO反渗透直饮家用,819506595979,819506595979,1099,,正常,2026-04-29 09:21:13,无截图
拼多多,https://mobile.yangkeduo.com/goods.html?goods_id=806062288852,云米无线手持吸尘器家用立式除螨大吸力吸尘机A9长续航宠物家庭,806062288852,806062288852,999,,正常,2026-04-29 09:21:13,无截图
拼多多,https://mobile.yangkeduo.com/goods.html?goods_id=795732084979,云米燃气热水器增压水伺服恒温省气抗风节能排气16L已接入米家APP,795732084979,795732084979,1599,,正常,2026-04-29 09:21:13,无截图
拼多多,https://mobile.yangkeduo.com/goods.html?goods_id=791982350266,云米3200W电热水器智能抑菌速热节能一级能效增容已接入米家app,791982350266,791982350266,799,,正常,2026-04-29 09:21:13,无截图
拼多多,https://mobile.yangkeduo.com/goods.html?goods_id=791968310970,云米智能电热水器3200W节能变频增容速热家用浴室洗澡抑菌50L/60L,791968310970,791968310970,759,,正常,2026-04-29 09:21:13,无截图
拼多多,https://mobile.yangkeduo.com/goods.html?goods_id=791519887797,云米超薄零嵌510L大容量冰箱美妆舱底部散热一级变频双开门风冷,791519887797,791519887797,2789,,百亿活动相关,2026-04-29 09:21:13,无截图
拼多多,https://mobile.yangkeduo.com/goods.html?goods_id=784230725200,云米鲲鹏PRO烟机28m³大吸力聚能猛火灶一级能效烟灶联动厨电套装,784230725200,784230725200,2899,,正常,2026-04-29 09:21:13,无截图
拼多多,https://mobile.yangkeduo.com/goods.html?goods_id=783305466570,云米智能烘干晾衣架语音声控离线全自动升降阳台LED照明Smart超薄,783305466570,783305466570,1299,,正常,2026-04-29 09:21:13,无截图
拼多多,https://mobile.yangkeduo.com/goods.html?goods_id=783304689053,【声控晾衣架】云米智能电动晾衣架无线遥控大容量自动升降控制,783304689053,783304689053,999,,正常,2026-04-29 09:21:13,无截图
拼多多,https://mobile.yangkeduo.com/goods.html?goods_id=774960777953,蓝调2燃气热水器13L,6923185655688,774960777953,679,,百亿活动相关,2026-04-29 09:21:13,无截图
拼多多,https://mobile.yangkeduo.com/goods.html?goods_id=767193647325,门锁掌静脉,6923185655398,767193647325,1104,,百亿活动相关,2026-04-29 09:21:13,无截图
拼多多,https://mobile.yangkeduo.com/goods.html?goods_id=765112154467,小鲸鱼 马桶盖,6923185654537,765112154467,699,,百亿活动相关,2026-04-29 09:21:13,无截图
拼多多,https://mobile.yangkeduo.com/goods.html?goods_id=763759392708,云米AI油烟机 鲲鹏Pro,6923185605379,763759392708,1999,,百亿活动相关,2026-04-29 09:21:13,无截图
拼多多,https://mobile.yangkeduo.com/goods.html?goods_id=761822913595,云米智能马桶 小鲸鱼 2 Pro,6923185654575,761822913595,2399,,百亿活动相关,2026-04-29 09:21:13,无截图
拼多多,https://mobile.yangkeduo.com/goods.html?goods_id=743885774552,云米蓝调智能门锁（基础版）,6923185655381,743885774552,499,,百亿活动相关,2026-04-29 09:21:13,无截图
拼多多,https://mobile.yangkeduo.com/goods.html?goods_id=739863611562,云米AI油烟机 Smart 2 Pro,6923185653516,739863611562,1499,,正常,2026-04-29 09:21:13,无截图
拼多多,https://mobile.yangkeduo.com/goods.html?goods_id=705715580268,智能门锁锂电池(5000mAh),6923185652953,705715580268,114,99,高价待调整,2026-04-29 09:21:13,无截图
拼多多,https://mobile.yangkeduo.com/goods.html?goods_id=697436012016,【新品】云米120°超广角猫眼全自动智能门锁家用客厅室内高清大屏,697436012016,697436012016,999,,正常,2026-04-29 09:21:13,无截图
拼多多,https://mobile.yangkeduo.com/goods.html?goods_id=691819698413,云米电热水器50/60升洗澡家用浴室速热大容量省电防漏电警示安全,691819698413,691819698413,799,,正常,2026-04-29 09:21:13,无截图
拼多多,https://mobile.yangkeduo.com/goods.html?goods_id=661859626284,小海豚-40L-2000w热水器,6923185681281,661859626284,599,,正常,2026-04-29 09:21:13,无截图
拼多多,https://mobile.yangkeduo.com/goods.html?goods_id=657344402006,云米油烟机蓝调,6923185650973,657344402006,859,,百亿活动相关,2026-04-29 09:21:13,无截图
拼多多,https://mobile.yangkeduo.com/goods.html?goods_id=635152751061,【全域烘干】云米全自动升降式智能室内嵌入式折叠晾衣机Super2Y,635152751061,635152751061,1699,,正常,2026-04-29 09:21:13,无截图
拼多多,https://mobile.yangkeduo.com/goods.html?goods_id=620077061933,云米嵌入式冰洗套装500升超薄十字四门冰箱&12KG大容量洗烘一体,620077061933,620077061933,6499,,正常,2026-04-29 09:21:13,无截图
拼多多,https://mobile.yangkeduo.com/goods.html?goods_id=620029199628,云米冰洗套装510升嵌入式风冷冰箱&12公斤大容量洗烘一体洗衣机,620029199628,620029199628,5899,,正常,2026-04-29 09:21:13,无截图
拼多多,https://mobile.yangkeduo.com/goods.html?goods_id=618360171773,云米超薄烟灶热套装飓风吸力抽油烟机5.2KW聚能灶超薄双胆热水器,618360171773,618360171773,4599,,正常,2026-04-29 09:21:13,无截图
拼多多,https://mobile.yangkeduo.com/goods.html?goods_id=615426357041,云米空调1.5匹一级能效变频冷暖两用节能家用挂机 AI全域风Super3,615426357041,615426357041,3099,,正常,2026-04-29 09:21:13,无截图
拼多多,https://mobile.yangkeduo.com/goods.html?goods_id=614821960857,云米大容量冰洗套装603升独立制冰冰箱&10KG全自动洗烘一体洗衣机,614821960857,614821960857,4468,,百亿活动相关,2026-04-29 09:21:13,无截图
拼多多,https://mobile.yangkeduo.com/goods.html?goods_id=614813745328,云米超薄嵌入式冰洗套餐500升风冷无霜冰箱&10公斤洗烘一体洗衣机,614813745328,614813745328,5566,,百亿活动相关,2026-04-29 09:21:13,无截图
拼多多,https://mobile.yangkeduo.com/goods.html?goods_id=604410073495,VIOMI云米冷热管线机饮水机壁挂式双出水台式管线机UV杀菌,604410073495,604410073495,899,,正常,2026-04-29 09:21:13,无截图
拼多多,https://mobile.yangkeduo.com/goods.html?goods_id=602716906408,【升级】云米空调1.5匹智能变频冷暖新一级舒适风空调挂机 Smart3,602716906408,602716906408,2199,,正常,2026-04-29 09:21:13,无截图
拼多多,https://mobile.yangkeduo.com/goods.html?goods_id=600491440603,【新品】云米空调1.5匹智能变频冷暖新三级舒适风空调挂机 Smart3,600491440603,600491440603,2099,,正常,2026-04-29 09:21:13,无截图
拼多多,https://mobile.yangkeduo.com/goods.html?goods_id=600131174099,【美妆超薄零嵌】云米510升嵌入式双开门一级风冷无霜银离子冰箱,600131174099,600131174099,2798,,百亿活动相关,2026-04-29 09:21:13,无截图
拼多多,https://mobile.yangkeduo.com/goods.html?goods_id=583103526676,【新品上市】云米嵌入式母婴冰箱十字四开门家用变频风冷无霜513L,583103526676,583103526676,4499,,正常,2026-04-29 09:21:13,无截图
拼多多,https://mobile.yangkeduo.com/goods.html?goods_id=573873753845,云米前置过滤器Super智能自动冲洗全屋前置净水器家用自来水冲洗,573873753845,573873753845,599,,正常,2026-04-29 09:21:13,无截图
拼多多,https://mobile.yangkeduo.com/goods.html?goods_id=551388417367,【田曦薇推荐】云米扫地机器人扫拖一体语音全自动智能吸尘器Pro,551388417367,551388417367,999,,正常,2026-04-29 09:21:13,无截图
拼多多,https://mobile.yangkeduo.com/goods.html?goods_id=540840221349,云米净水器家用厨下式直饮水过滤器RO反渗透无陈水母婴直饮1200G,540840221349,540840221349,1999,,正常,2026-04-29 09:21:13,无截图
拼多多,https://mobile.yangkeduo.com/goods.html?goods_id=539854309519,云米12KG滚筒洗衣机家用全自动大容量洗烘一体机防抖动超薄全嵌,539854309519,539854309519,3699,,正常,2026-04-29 09:21:13,无截图
拼多多,https://mobile.yangkeduo.com/goods.html?goods_id=539850688350,【美妆超薄零嵌】云米冰箱609mm嵌入式风冷无霜AI双变频一级510升,539850688350,539850688350,3499,,正常,2026-04-29 09:21:13,无截图
拼多多,https://mobile.yangkeduo.com/goods.html?goods_id=535675329481,云米石墨烯踢脚线电暖器加湿家用速热取暖器节能室内暖风机电暖气,535675329481,535675329481,499,,正常,2026-04-29 09:21:13,无截图
拼多多,https://mobile.yangkeduo.com/goods.html?goods_id=534931901352,云米净水器家用直饮ro反渗透SuperY 1200G管线机前置过滤器套装,534931901352,534931901352,2699,,正常,2026-04-29 09:21:13,无截图
拼多多,https://mobile.yangkeduo.com/goods.html?goods_id=525667451666,【大屏冰箱】云米超薄全嵌入式T型冰箱三门一级变频风冷无霜412升,525667451666,525667451666,5999,,正常,2026-04-29 09:21:13,无截图
拼多多,https://mobile.yangkeduo.com/goods.html?goods_id=521949122103,云米一体智能马桶座圈加热一键清洗虹吸离座自动冲水小金龙增压版,521949122103,521949122103,2999,,正常,2026-04-29 09:21:13,无截图
拼多多,https://mobile.yangkeduo.com/goods.html?goods_id=516748248645,云米电热水器8L小厨宝家用厨房速热储水式节能厨房神器VEW0831,516748248645,516748248645,499,,正常,2026-04-29 09:21:13,无截图
拼多多,https://mobile.yangkeduo.com/goods.html?goods_id=515237643272,云米电热水器AI美肤洗 780mm超薄 1级能效双胆三管速热 Super2Pro,515237643272,515237643272,1699,,正常,2026-04-29 09:21:13,无截图
拼多多,https://mobile.yangkeduo.com/goods.html?goods_id=495274606168,【田曦薇推荐】云米智能洗地机超薄双贴边大吸力超长续航 Smart2,495274606168,495274606168,1799,,正常,2026-04-29 09:21:13,无截图
拼多多,https://mobile.yangkeduo.com/goods.html?goods_id=490426355421,500L十字门冰箱,6923185651123,490426355421,3199,,百亿活动相关,2026-04-29 09:21:13,无截图
拼多多,https://mobile.yangkeduo.com/goods.html?goods_id=490150938954,【安享王空调3匹】云米柜机变频冷暖家用商用智能自清洁节能三级,490150938954,490150938954,4999,,正常,2026-04-29 09:21:13,无截图
拼多多,https://mobile.yangkeduo.com/goods.html?goods_id=490111298360,云米家用空调1.5匹变频冷暖自清洁手机联网AI静音节能挂机新三级,490111298360,490111298360,2199,,正常,2026-04-29 09:21:13,无截图
拼多多,https://mobile.yangkeduo.com/goods.html?goods_id=490081202590,云米即热恒温4档烘干 9重安全防护 智能低压系统 Nano2E,490081202590,490081202590,1999,,正常,2026-04-29 09:21:13,无截图
拼多多,https://mobile.yangkeduo.com/goods.html?goods_id=484037745334,云米AI燃气灶power 5.0（天然气）,6923185654377,484037745334,1099,,正常,2026-04-29 09:21:13,无截图
拼多多,https://mobile.yangkeduo.com/goods.html?goods_id=480070620581,【冷热直饮套装】云米净水器家用厨下管线机套装一键即热制冷直饮,480070620581,480070620581,2399,,正常,2026-04-29 09:21:13,无截图
拼多多,https://mobile.yangkeduo.com/goods.html?goods_id=472256690941,云米智能马桶即热活水清洗家用卫生间恒温烘干抗菌低压系统Nano2E,472256690941,472256690941,2499,,正常,2026-04-29 09:21:13,无截图
拼多多,https://mobile.yangkeduo.com/goods.html?goods_id=466437108089,云米TDS水质检测笔测水质仪饮用水检测器家用自来水水质测试仪器,466437108089,466437108089,99,,正常,2026-04-29 09:21:13,无截图
拼多多,https://mobile.yangkeduo.com/goods.html?goods_id=463332030781,【吸扫拖3合1】云米全自动集尘扫地吸尘机器人alpha2pro清洁一体,463332030781,463332030781,1799,,正常,2026-04-29 09:21:13,无截图
拼多多,https://mobile.yangkeduo.com/goods.html?goods_id=452924828720,云米净饮一体机台式净水器即热型饮水机家用免安装X2minimango,452924828720,452924828720,899,,正常,2026-04-29 09:21:13,无截图
拼多多,https://mobile.yangkeduo.com/goods.html?goods_id=431395946988,云米侧吸烟灶套装大吸力抽油烟机5.0KW燃气灶厨房家用智能wingS1,431395946988,431395946988,1399,,正常,2026-04-29 09:21:13,无截图
拼多多,https://mobile.yangkeduo.com/goods.html?goods_id=427349642190,（有）云米净饮一体机台式净水器即热型饮水机净水器水过滤机,427349642190,427349642190,1089,,正常,2026-04-29 09:21:13,无截图
拼多多,https://mobile.yangkeduo.com/goods.html?goods_id=423988590355,云米净水器super Y 1200G滤芯复合滤芯RO滤芯,423988590355,423988590355,100,,正常,2026-04-29 09:21:13,无截图
拼多多,https://mobile.yangkeduo.com/goods.html?goods_id=423724952357,云米燃气热水器即热零冷水双增压 3重防冻 4段燃烧 5重净化 Super,423724952357,423724952357,1999,,正常,2026-04-29 09:21:13,无截图
拼多多,https://mobile.yangkeduo.com/goods.html?goods_id=414747194884,云米净饮一体机台式净水器即热型饮水机家用免安装X2加一支滤芯套,414747194884,414747194884,1199,,正常,2026-04-29 09:21:13,无截图
拼多多,https://mobile.yangkeduo.com/goods.html?goods_id=413986425773,蓝调智能门锁（人脸猫眼版）,6923185654650,413986425773,709,,百亿活动相关,2026-04-29 09:21:13,无截图
拼多多,https://mobile.yangkeduo.com/goods.html?goods_id=408451368894,云米智能全自动一体马桶恒温座圈臀部清洗虹吸自动冲水家用小金龙,408451368894,408451368894,2399,,正常,2026-04-29 09:21:13,无截图
拼多多,https://mobile.yangkeduo.com/goods.html?goods_id=407741710364,云米25m³顶侧爆吸大吸力智目吸烟机 5.2KW聚能猛火灶烟灶套装家用,407741710364,407741710364,3699,,正常,2026-04-29 09:21:13,无截图
拼多多,https://mobile.yangkeduo.com/goods.html?goods_id=405167616548,云米净水器家用直饮厨下式RO反渗透超滤净水机无桶小白龙800G,405167616548,405167616548,1599,,正常,2026-04-29 09:21:13,无截图
拼多多,https://mobile.yangkeduo.com/goods.html?goods_id=405069782417,【升级小海豚】云米净水器800G通量&竹炭滤芯厨下式RO反渗透家用,405069782417,405069782417,1099,,正常,2026-04-29 09:21:13,无截图
拼多多,https://mobile.yangkeduo.com/goods.html?goods_id=403868159413,云米蒸烤一体机厨房家用嵌入式蒸烤箱45L大蒸汽电烤箱VSO4501-B,403868159413,403868159413,1999,,正常,2026-04-29 09:21:13,无截图
拼多多,https://mobile.yangkeduo.com/goods.html?goods_id=391465779831,云米热水器13L家用智能洗澡燃气热水器水气双调恒温液化气,391465779831,391465779831,999,,正常,2026-04-29 09:21:13,无截图
拼多多,https://mobile.yangkeduo.com/goods.html?goods_id=383502560587,【田曦薇推荐】云米落地扇直流变频台立两用无极调速小爱语音联网,383502560587,383502560587,329,,正常,2026-04-29 09:21:13,无截图
拼多多,https://mobile.yangkeduo.com/goods.html?goods_id=383400493031,云米智能即热式家用饮水机1键即热电热水壶Tee mini 1.8L水吧,383400493031,383400493031,269,,正常,2026-04-29 09:21:13,无截图
拼多多,https://mobile.yangkeduo.com/goods.html?goods_id=382839923175,云米顶侧双吸烟灶套装22m³大吸力抽油烟机聚能猛火灶节能燃气家用,382839923175,382839923175,1899,,正常,2026-04-29 09:21:13,无截图
拼多多,https://mobile.yangkeduo.com/goods.html?goods_id=382544460689,【杀毒王2匹】云米家用空调变频冷暖柜机立式客厅智能节能 新三级,382544460689,382544460689,3999,,正常,2026-04-29 09:21:13,无截图
拼多多,https://mobile.yangkeduo.com/goods.html?goods_id=376344667102,云米1.5匹家用新风语音空调变频冷暖新一级能效智能恒温免孔安装,376344667102,376344667102,3099,,正常,2026-04-29 09:21:13,无截图
拼多多,https://mobile.yangkeduo.com/goods.html?goods_id=375507459489,云米管线机家用直饮机壁挂式UV杀菌加热一体机厨房加热饮水机MG2B,375507459489,375507459489,899,,正常,2026-04-29 09:21:13,无截图
拼多多,https://mobile.yangkeduo.com/goods.html?goods_id=369184383310,【吸扫拖三合一】云米全自动扫地机器人鲸吸扫地拖地吸尘 Alpha3,369184383310,369184383310,3699,,正常,2026-04-29 09:21:13,无截图
拼多多,https://mobile.yangkeduo.com/goods.html?goods_id=366671128859,【干湿分储】云米冰箱超薄变频一级风冷无霜十字冰箱四开门 546升,366671128859,366671128859,3499,,正常,2026-04-29 09:21:13,无截图
拼多多,https://mobile.yangkeduo.com/goods.html?goods_id=365033069371,云米全自动智能门锁密码锁家用电子锁防盗指纹锁超长续航eLink 2C,365033069371,365033069371,899,,正常,2026-04-29 09:21:13,无截图
拼多多,https://mobile.yangkeduo.com/goods.html?goods_id=365007215970,云米Super Y1200G大通量厨下净水器RO反渗透管线机前置过滤器套装,365007215970,365007215970,2599,,正常,2026-04-29 09:21:13,无截图
拼多多,https://mobile.yangkeduo.com/goods.html?goods_id=364990106384,"即热1000G,MAIN84",6923185651116,364990106384,1359,1899,破价警报 | 百亿活动相关,2026-04-29 09:21:13,无截图
拼多多,https://mobile.yangkeduo.com/goods.html?goods_id=356164755389,【全屋净水三件套装】云米净水器管线机前置过滤器即热小海豚600G,356164755389,356164755389,2299,,正常,2026-04-29 09:21:13,无截图
拼多多,https://mobile.yangkeduo.com/goods.html?goods_id=355550841910,【鲜活营养守护先锋奖】云米延鲜AI冰箱一级双变频风冷无霜636升,355550841910,355550841910,3499,,正常,2026-04-29 09:21:13,无截图
拼多多,https://mobile.yangkeduo.com/goods.html?goods_id=339737903336,【智能声控】云米家用晾衣架电动晾衣机阳台全自动升降Smart S,339737903336,339737903336,999,,正常,2026-04-29 09:21:13,无截图
拼多多,https://mobile.yangkeduo.com/goods.html?goods_id=338636261947,【1键智洗】云米洗衣机全自动8公斤波轮租房家用防缠绕洗脱一体,338636261947,338636261947,999,,正常,2026-04-29 09:21:13,无截图
拼多多,https://mobile.yangkeduo.com/goods.html?goods_id=325803370945,【杀菌】云米空调大3匹柜机一级家用变频冷暖客厅变频冷暖自清洁,325803370945,325803370945,5299,,正常,2026-04-29 09:21:13,无截图
拼多多,https://mobile.yangkeduo.com/goods.html?goods_id=325232192898,冰箱603,6923185650935,325232192898,2459,,百亿活动相关,2026-04-29 09:21:13,无截图
拼多多,https://mobile.yangkeduo.com/goods.html?goods_id=309984364103,云米智能烘干晾衣架语音声控离线全自动升降阳台LED照明Smart超薄,309984364103,309984364103,1299,,正常,2026-04-29 09:21:13,无截图
拼多多,https://mobile.yangkeduo.com/goods.html?goods_id=296957182528,复合滤芯,"6923185600138,6923185600145",296957182528,439,,正常,2026-04-29 09:21:13,无截图
拼多多,https://mobile.yangkeduo.com/goods.html?goods_id=293928589058,云米大吸力侧吸烟灶套装抽油烟机猛火燃气灶装嵌入式节能家用厨房,293928589058,293928589058,1399,,正常,2026-04-29 09:21:13,无截图
拼多多,https://mobile.yangkeduo.com/goods.html?goods_id=291146640482,云米净水器滤芯家用通用系列厨下1A1号2号滤芯RO反渗透滤芯复合,291146640482,291146640482,199,,正常,2026-04-29 09:21:13,无截图
拼多多,https://mobile.yangkeduo.com/goods.html?goods_id=291141614396,F3-五合一,6923185614258,291141614396,499,298,高价待调整,2026-04-29 09:21:13,无截图
拼多多,https://mobile.yangkeduo.com/goods.html?goods_id=290543633215,复合滤芯,"6923185614258,6923185616177",290543633215,199,,正常,2026-04-29 09:21:13,无截图
拼多多,https://mobile.yangkeduo.com/goods.html?goods_id=289678345008,【内衣母婴专属】云米1KG迷你洗衣机家用全自动洗脱一体除菌波轮,289678345008,289678345008,1299,,正常,2026-04-29 09:21:13,无截图
拼多多,https://mobile.yangkeduo.com/goods.html?goods_id=289613839419,【智能双投放】云米洗衣机10公斤洗烘一体变频一级能效全自动滚筒,289613839419,289613839419,2399,,正常,2026-04-29 09:21:13,无截图
拼多多,https://mobile.yangkeduo.com/goods.html?goods_id=289608993802,【超薄洗衣机】云米洗衣机全自动10公斤滚筒47CM超薄洗脱一体,289608993802,289608993802,2499,,正常,2026-04-29 09:21:13,无截图
拼多多,https://mobile.yangkeduo.com/goods.html?goods_id=289729238975,【杀毒王3匹】云米家用空调变频冷暖柜机立式客厅智能节能新三级,289729238975,289729238975,3899,,正常,2026-04-29 09:21:13,无截图
拼多多,https://mobile.yangkeduo.com/goods.html?goods_id=283191769057,云米互联网洗碗机4套台面式免安装智能语音控制高温消毒杀菌烘干,283191769057,283191769057,699,,正常,2026-04-29 09:21:13,无截图
拼多多,https://mobile.yangkeduo.com/goods.html?goods_id=276965357470,云米598升双开门对开门变频一级能效风冷无霜超薄嵌入式智能冰箱,276965357470,276965357470,2799,,正常,2026-04-29 09:21:13,无截图
拼多多,https://mobile.yangkeduo.com/goods.html?goods_id=276658474666,【全屋智能】云米净饮一体机X2Pro台式免安装净水器即热式饮水机,276658474666,276658474666,1099,,正常,2026-04-29 09:21:13,无截图
拼多多,https://mobile.yangkeduo.com/goods.html?goods_id=273348857003,云米蓝调智能门锁（基础版）,6923185655381,273348857003,499,,百亿活动相关,2026-04-29 09:21:13,无截图
拼多多,https://mobile.yangkeduo.com/goods.html?goods_id=268591343924,云米顶侧大吸力抽油烟机聚能猛火灶智能家用厨房烟灶套装flash2,268591343924,268591343924,2499,,正常,2026-04-29 09:21:13,无截图
拼多多,https://mobile.yangkeduo.com/goods.html?goods_id=264080849667,霸王锁体,6923185622154,264080849667,150,150,正常,2026-04-29 09:21:13,无截图
拼多多,https://mobile.yangkeduo.com/goods.html?goods_id=259795065484,【杀毒王】云米空调1.5匹变频冷暖1级能效杀病毒循环除菌 Super2s,259795065484,259795065484,2499,,正常,2026-04-29 09:21:13,无截图
拼多多,https://mobile.yangkeduo.com/goods.html?goods_id=259115850200,蓝调智能门锁（3D人脸版）,6923185654643,259115850200,629,,百亿活动相关,2026-04-29 09:21:13,无截图
拼多多,https://mobile.yangkeduo.com/goods.html?goods_id=258855020077,云米456升超薄嵌入式对开门双开门变频风冷无霜智能家用电冰箱,258855020077,258855020077,999,,正常,2026-04-29 09:21:13,无截图
拼多多,https://mobile.yangkeduo.com/goods.html?goods_id=251420900843,【田曦薇推荐】云米负离子空气循环扇大学生宿舍家用直流变频风扇,251420900843,251420900843,529,,正常,2026-04-29 09:21:13,无截图
拼多多,https://mobile.yangkeduo.com/goods.html?goods_id=249751266813,【DD直驱超薄】云米洗衣机洗烘一体全自动一级能效智能滚筒10公斤,249751266813,249751266813,2999,,正常,2026-04-29 09:21:13,无截图
拼多多,https://mobile.yangkeduo.com/goods.html?goods_id=247862575297,【DD直驱智能双投放】云米洗衣机全自动10KG一级能效洗脱一体滚筒,247862575297,247862575297,2499,,正常,2026-04-29 09:21:13,无截图
拼多多,https://mobile.yangkeduo.com/goods.html?goods_id=247228990842,云米智能马桶抗菌座圈恒温即热双增压自动冲水烘干坐便器Nano2,247228990842,247228990842,2699,,正常,2026-04-29 09:21:13,无截图
拼多多,https://mobile.yangkeduo.com/goods.html?goods_id=246986456918,【小海豚1000G管线机套装】云米净水器家用厨下一键即热制冷直饮,246986456918,246986456918,2199,,正常,2026-04-29 09:21:13,无截图
拼多多,https://mobile.yangkeduo.com/goods.html?goods_id=245465996610,云米管线机壁挂台式两用冷热开水机家用调温即热饮水机带uv杀菌,245465996610,245465996610,1999,,正常,2026-04-29 09:21:13,无截图
拼多多,https://mobile.yangkeduo.com/goods.html?goods_id=245015637978,云米电热水器蓝调3200W安全速热卫生间洗澡8倍大水量抑菌水质可视,245015637978,245015637978,1099,,正常,2026-04-29 09:21:13,无截图
拼多多,https://mobile.yangkeduo.com/goods.html?goods_id=245008294548,云米大容量洗碗机10套家用嵌入式智目洗全自动热风烘干除菌消毒,245008294548,245008294548,2098,,正常,2026-04-29 09:21:13,无截图
拼多多,https://mobile.yangkeduo.com/goods.html?goods_id=243153009643,云米净饮机X2系列滤芯X2mini mango复合滤芯5in1/6in1 RO反渗透,243153009643,243153009643,288,,正常,2026-04-29 09:21:13,无截图
拼多多,https://mobile.yangkeduo.com/goods.html?goods_id=241667411785,云米即热式饮水机1键即热水吧3档控温4L大容量台式免安装,241667411785,241667411785,589,,正常,2026-04-29 09:21:13,无截图
拼多多,https://mobile.yangkeduo.com/goods.html?goods_id=237591380789,云米全自动智能马桶水箱泡沫盾抗菌即热恒温座圈离座冲水小鲸鱼2,237591380789,237591380789,1999,,正常,2026-04-29 09:21:13,无截图
拼多多,https://mobile.yangkeduo.com/goods.html?goods_id=237590247709,【1小时洗烘】云米全自动洗衣机1级能效10公斤洗烘一体烘干机滚筒,237590247709,237590247709,2399,,正常,2026-04-29 09:21:13,无截图
拼多多,https://mobile.yangkeduo.com/goods.html?goods_id=231833573024,小烤箱6L,6923185603221,231833573024,199,174,高价待调整,2026-04-29 09:21:13,无截图
拼多多,https://mobile.yangkeduo.com/goods.html?goods_id=228907185185,云米16L零冷水燃气热水器家用智能变频即热水气双调恒温安全防冻,228907185185,228907185185,1699,,正常,2026-04-29 09:21:13,无截图
拼多多,https://mobile.yangkeduo.com/goods.html?goods_id=227970049599,云米净水器水龙头过滤器自来水家用厨房超滤滤水器前置净化器,227970049599,227970049599,159,,正常,2026-04-29 09:21:13,无截图
拼多多,https://mobile.yangkeduo.com/goods.html?goods_id=226771358169,1云米净水器家用厨房农村水龙头过滤器自来水净化器MT1/2,226771358169,226771358169,79,,正常,2026-04-29 09:21:13,无截图
拼多多,https://mobile.yangkeduo.com/goods.html?goods_id=223485946991,云米智能洗碗机10套热风烘干消毒嵌入式洗烘存一体家用IronA1,223485946991,223485946991,2299,,正常,2026-04-29 09:21:13,无截图
拼多多,https://mobile.yangkeduo.com/goods.html?goods_id=225501370546,小海豚3,6923185605867,225501370546,999,499,高价待调整,2026-04-29 09:21:13,无截图
拼多多,https://mobile.yangkeduo.com/goods.html?goods_id=224216987554,云米净水器滤芯S2、Fast厨下1A400G600G 1号复合滤芯RO反渗透滤芯,224216987554,224216987554,499,,正常,2026-04-29 09:21:13,无截图
拼多多,https://mobile.yangkeduo.com/goods.html?goods_id=223686266452,云米全自动滚筒洗衣机10KG洗烘一体除菌家用智能投放超薄嵌入M2,223686266452,223686266452,3299,,正常,2026-04-29 09:21:13,无截图
拼多多,https://mobile.yangkeduo.com/goods.html?goods_id=223486025603,云米互联网洗碗机全自动家用8套热风烘干消毒嵌入式Iron X1,223486025603,223486025603,1799,,正常,2026-04-29 09:21:13,无截图
拼多多,https://mobile.yangkeduo.com/goods.html?goods_id=222446512832,【冷酷王】云米大一匹单冷空调独立除湿秒速制冷家用卧室节能变频,222446512832,222446512832,1699,,正常,2026-04-29 09:21:13,无截图
拼多多,https://mobile.yangkeduo.com/goods.html?goods_id=221876010591,云米净水器家用直饮RO反渗透净饮一体净水机滤芯1200GSuper2max,221876010591,221876010591,4299,,正常,2026-04-29 09:21:13,无截图
拼多多,https://mobile.yangkeduo.com/goods.html?goods_id=221842463604,1小米云米净水器RO反渗透纯水机厨下家用直饮过滤器饮水机600加仑,221842463604,221842463604,1300,,正常,2026-04-29 09:21:13,无截图
拼多多,https://mobile.yangkeduo.com/goods.html?goods_id=221686401936,【空调套装】云米空调3室1厅组合 新1级能效3P柜机+新1级1.5P挂机,221686401936,221686401936,10999,,正常,2026-04-29 09:21:13,无截图
拼多多,https://mobile.yangkeduo.com/goods.html?goods_id=221565163539,【语音柔风王】云米空调柜机冷暖双变频一级能效客厅立式智能空调,221565163539,221565163539,6499,,正常,2026-04-29 09:21:13,无截图
拼多多,https://mobile.yangkeduo.com/goods.html?goods_id=220936223742,云米燃气热水器变频恒温8大安全防护 家用节能防冻速热FireC113L,220936223742,220936223742,1099,,正常,2026-04-29 09:21:13,无截图
拼多多,https://mobile.yangkeduo.com/goods.html?goods_id=220867531419,"(X2Pro链接,少量差评可做备选)云米净饮一体机X2mini Mango",220867531419,220867531419,1099,,正常,2026-04-29 09:21:13,无截图
拼多多,https://mobile.yangkeduo.com/goods.html?goods_id=220820325711,云米消毒柜（嵌入式）云米版,6923185604303,220820325711,899,,百亿活动相关,2026-04-29 09:21:13,无截图
拼多多,https://mobile.yangkeduo.com/goods.html?goods_id=219691919640,【阳光暖烘】云米智能晾衣架全自动升降联网烘干电动晾衣机阳台,219691919640,219691919640,1599,,正常,2026-04-29 09:21:13,无截图
拼多多,https://mobile.yangkeduo.com/goods.html?goods_id=219492848549,云米家用门锁智能锁指纹密码锁防盗门电子门锁全自动推拉门锁,219492848549,219492848549,1299,,正常,2026-04-29 09:21:13,无截图
拼多多,https://mobile.yangkeduo.com/goods.html?goods_id=219486126363,flash烟机,6923185613664,219486126363,899,,百亿活动相关,2026-04-29 09:21:13,无截图
拼多多,https://mobile.yangkeduo.com/goods.html?goods_id=217541928957,云米真空保温杯轻便携不锈钢大学生自习室茶杯300ml,217541928957,217541928957,89,,正常,2026-04-29 09:21:13,无截图
拼多多,https://mobile.yangkeduo.com/goods.html?goods_id=217105737391,云米智能马桶浴霸套装 即热全自动座便器  小爱语音浴霸 卫浴套装,217105737391,217105737391,3499,,正常,2026-04-29 09:21:13,无截图
拼多多,https://mobile.yangkeduo.com/goods.html?goods_id=215991927819,【烟灶联动】云米顶侧3吸大吸力抽油烟机聚能燃气灶烟灶套装Super,215991927819,215991927819,2499,,正常,2026-04-29 09:21:13,无截图
拼多多,https://mobile.yangkeduo.com/goods.html?goods_id=215505605173,【上门安装】云米电热水器安全速热家用洗澡储水式省电VEW605A,215505605173,215505605173,599,,正常,2026-04-29 09:21:13,无截图
拼多多,https://mobile.yangkeduo.com/goods.html?goods_id=215498018054,【空调套装】云米空调1室1厅组合 新1级能效2P柜机+新1级1.5P挂机,215498018054,215498018054,6199,,正常,2026-04-29 09:21:13,无截图
拼多多,https://mobile.yangkeduo.com/goods.html?goods_id=214448170082,云米即热水吧办公室台式免安装宿舍小型饮水机2.5L大容量烧热水壶,214448170082,214448170082,299,,正常,2026-04-29 09:21:13,无截图
拼多多,https://mobile.yangkeduo.com/goods.html?goods_id=213946234221,云米无线手持吸尘器家用立式除螨大吸力吸尘机A9长续航宠物家庭,213946234221,213946234221,899,,正常,2026-04-29 09:21:13,无截图
拼多多,https://mobile.yangkeduo.com/goods.html?goods_id=212124982919,云米踢脚线电暖器家用客厅节能速热加湿取暖器语音控制智能定时,212124982919,212124982919,699,,正常,2026-04-29 09:21:13,无截图
拼多多,https://mobile.yangkeduo.com/goods.html?goods_id=211439538390,云米即热饮水机1键即热水吧4档控温4L大容量台式免安装,211439538390,211439538390,429,,正常,2026-04-29 09:21:13,无截图
拼多多,https://mobile.yangkeduo.com/goods.html?goods_id=209415771537,【声控晾衣架】云米智能电动晾衣架无线遥控大容量自动升降控制,209415771537,209415771537,899,,正常,2026-04-29 09:21:13,无截图
拼多多,https://mobile.yangkeduo.com/goods.html?goods_id=209406625494,蓝调智能门锁（大屏猫眼版）,6923185654667,209406625494,999,,正常,2026-04-29 09:21:13,无截图
拼多多,https://mobile.yangkeduo.com/goods.html?goods_id=208077402678,【柔风王】云米空调1.5匹新1级能效变频冷暖超大导板挂机 Smart2S,208077402678,208077402678,2399,,正常,2026-04-29 09:21:13,无截图
拼多多,https://mobile.yangkeduo.com/goods.html?goods_id=208074025148,云米净水器600G小海豚厨下式RO反渗透直饮过滤器净饮机家用出租屋,208074025148,208074025148,899,,正常,2026-04-29 09:21:13,无截图
拼多多,https://mobile.yangkeduo.com/goods.html?goods_id=208071231700,云米60L速热电热水器3000W一级节能变频增容租房安全已接入米家AP,208071231700,208071231700,749,,正常,2026-04-29 09:21:13,无截图
拼多多,https://mobile.yangkeduo.com/goods.html?goods_id=208069905615,【杀病毒空调】云米大1匹空调变频冷暖自动调温一级能效 Super2s,208069905615,208069905615,2099,,正常,2026-04-29 09:21:13,无截图
拼多多,https://mobile.yangkeduo.com/goods.html?goods_id=207799885384,【超薄除螨】云米家用全自动洗烘一体10公斤洗衣机滚筒 Master S,207799885384,207799885384,2699,,正常,2026-04-29 09:21:13,无截图
拼多多,https://mobile.yangkeduo.com/goods.html?goods_id=207783866280,【超窄冰箱】云米冰箱风冷无霜AI双变频78CM超窄对开门电冰箱436L,207783866280,207783866280,2199,,正常,2026-04-29 09:21:13,无截图
拼多多,https://mobile.yangkeduo.com/goods.html?goods_id=207250698147,400加仑智能净水器 RO反渗透纯水机无桶 MR432-D,207250698147,207250698147,899,,正常,2026-04-29 09:21:13,无截图
拼多多,https://mobile.yangkeduo.com/goods.html?goods_id=205628593157,云米滚筒10kg大容量家用全自动洗烘一体洗衣机除菌节能智能互联,205628593157,205628593157,1899,,正常,2026-04-29 09:21:13,无截图
拼多多,https://mobile.yangkeduo.com/goods.html?goods_id=205463909525,【十字冰箱】云米十字四开门冰箱精细分储AI双变频风冷无霜410升,205463909525,205463909525,2699,,正常,2026-04-29 09:21:13,无截图
拼多多,https://mobile.yangkeduo.com/goods.html?goods_id=205442655354,【超薄冰箱】云米冰箱嵌入式双开门变频风冷无霜大容量对开456升,205442655354,205442655354,2699,,正常,2026-04-29 09:21:13,无截图
拼多多,https://mobile.yangkeduo.com/goods.html?goods_id=205451808289,小厨宝,6923185611233,205451808289,359,,正常,2026-04-29 09:21:13,无截图
拼多多,https://mobile.yangkeduo.com/goods.html?goods_id=205467667434,[新品上市]VIOMI 云米净水器600G小海豚3厨下式RO反渗透直饮家用,205467667434,205467667434,69,,正常,2026-04-29 09:21:13,无截图
拼多多,https://mobile.yangkeduo.com/goods.html?goods_id=205378217791,1级能效云米燃气灶 可联网 10重安保 厨房灶具 天然气猛火灶4500W,205378217791,205378217791,799,,正常,2026-04-29 09:21:13,无截图
拼多多,https://mobile.yangkeduo.com/goods.html?goods_id=205448553075,云米电热水器VEW605家用小型储水速热节能漏电保护60L,205448553075,205448553075,599,,正常,2026-04-29 09:21:13,无截图
拼多多,https://mobile.yangkeduo.com/goods.html?goods_id=205458105137,小海豚2 1000G,6923185654865,205458105137,899,899,百亿活动相关,2026-04-29 09:21:13,无截图
拼多多2,https://mobile.yangkeduo.com/goods.html?goods_id=942754114793,云米AI燃气热水器 智控恒温防冻节能安全水质净化精准控温13L强排,942754114793,942754114793,999,,正常,2026-04-29 09:22:20,无截图
拼多多2,https://mobile.yangkeduo.com/goods.html?goods_id=942740482351,云米AI燃气热水器 智控恒温防冻节能安全水质净化精准控温13L强排,942740482351,942740482351,999,,正常,2026-04-29 09:22:20,无截图
拼多多2,https://mobile.yangkeduo.com/goods.html?goods_id=942656610557,云米即热净水器厨房家用直饮RO反渗透加热净饮一体机1000G,942656610557,942656610557,2999,,正常,2026-04-29 09:22:20,无截图
拼多多2,https://mobile.yangkeduo.com/goods.html?goods_id=939930331098,VIOMI云米 滤芯 反渗透滤芯RO膜,939930331098,939930331098,598,,正常,2026-04-29 09:22:20,无截图
拼多多2,https://mobile.yangkeduo.com/goods.html?goods_id=939928309801,VIOMI云米 滤芯 反渗透滤芯RO膜,939928309801,939928309801,239,,正常,2026-04-29 09:22:20,无截图
拼多多2,https://mobile.yangkeduo.com/goods.html?goods_id=939760939921,云米净水器Super2Y1200G家用直饮厨下式RO反渗透鲜活泉无陈水,939760939921,939760939921,999,,百亿活动相关,2026-04-29 09:22:20,无截图
拼多多2,https://mobile.yangkeduo.com/goods.html?goods_id=932391238524,VIOMI 云米净水器小海豚3 厨下式RO反渗透直饮家用 无罐一体式,932391238524,932391238524,895.5,,正常,2026-04-29 09:22:20,无截图
拼多多2,https://mobile.yangkeduo.com/goods.html?goods_id=931163598005,云米净水器Super2Y1200G家用直饮厨下式RO反渗透鲜活泉无陈水,931163598005,931163598005,2299,,正常,2026-04-29 09:22:20,无截图
拼多多2,https://mobile.yangkeduo.com/goods.html?goods_id=926760918505,VIOMI云米净水器小海豚600G+升级版厨下式 RO 反渗透直饮家用,926760918505,926760918505,904,,正常,2026-04-29 09:22:20,无截图
拼多多2,https://mobile.yangkeduo.com/goods.html?goods_id=926574119933,昆仑4弱碱 1400G,6923185655718,926574119933,2999,3599,破价警报 | 百亿活动相关,2026-04-29 09:22:20,无截图
拼多多2,https://mobile.yangkeduo.com/goods.html?goods_id=926440536018,云米小厨宝6L电热水器厨房卫生间出水恒温储水式小型速热神器加热,926440536018,926440536018,399,,正常,2026-04-29 09:22:20,无截图
拼多多2,https://mobile.yangkeduo.com/goods.html?goods_id=925977908012,云米昆仑3矿泉净水器2S Pro,6923185656593,925977908012,2998,2899,高价待调整,2026-04-29 09:22:20,无截图
拼多多2,https://mobile.yangkeduo.com/goods.html?goods_id=925958299439,云米(VIOMI) 家用昆仑4弱碱1200G 矿物质直饮反渗透厨下过滤器,925958299439,925958299439,3999,,正常,2026-04-29 09:22:20,无截图
拼多多2,https://mobile.yangkeduo.com/goods.html?goods_id=925904229459,VIOMI云米净水器600G小蓝调厨下式RO反渗透直饮家用6年长效,925904229459,925904229459,728,,百亿活动相关,2026-04-29 09:22:20,无截图
拼多多2,https://mobile.yangkeduo.com/goods.html?goods_id=925874862450,小京龙Pro1100G,6923185655220,925874862450,799,1099,破价警报 | 百亿活动相关,2026-04-29 09:22:20,无截图
拼多多2,https://mobile.yangkeduo.com/goods.html?goods_id=925737084752,门锁普通版E30,6923185656074,925737084752,499,,百亿活动相关,2026-04-29 09:22:20,无截图
拼多多2,https://mobile.yangkeduo.com/goods.html?goods_id=916998985237,云米(VIOMI)净水机昆仑3 2E净矿1000G净水器 6年RO膜 接入米家,916998985237,916998985237,2599,,正常,2026-04-29 09:22:20,无截图
拼多多2,https://mobile.yangkeduo.com/goods.html?goods_id=925730122772,蓝调智能门锁（大屏猫眼版）,6923185654667,925730122772,999,,正常,2026-04-29 09:22:20,无截图
拼多多2,https://mobile.yangkeduo.com/goods.html?goods_id=925730329478,云米蓝调智能门锁（基础版）,6923185655381,925730329478,499,,百亿活动相关,2026-04-29 09:22:20,无截图
拼多多2,https://mobile.yangkeduo.com/goods.html?goods_id=925731404024,门锁掌静脉,6923185655398,925731404024,1069,,百亿活动相关,2026-04-29 09:22:20,无截图
拼多多2,https://mobile.yangkeduo.com/goods.html?goods_id=925231209174,蓝调智能门锁（人脸猫眼版）,6923185654650,925231209174,709,,百亿活动相关,2026-04-29 09:22:20,无截图
拼多多2,https://mobile.yangkeduo.com/goods.html?goods_id=925230364669,蓝调智能门锁（3D人脸版）,6923185654643,925230364669,629,,百亿活动相关,2026-04-29 09:22:20,无截图
拼多多2,https://mobile.yangkeduo.com/goods.html?goods_id=920795499656,VIOMI云米小海豚3净水器5年长效RO反渗透厨下一体机水过滤大通量,920795499656,920795499656,1299,,正常,2026-04-29 09:22:20,无截图
拼多多2,https://mobile.yangkeduo.com/goods.html?goods_id=920088070226,云米新品鲲鹏PRO油烟机28m³大吸力易清洁挥手智控烟灶联动小噪音,920088070226,920088070226,2399,,正常,2026-04-29 09:22:20,无截图
拼多多2,https://mobile.yangkeduo.com/goods.html?goods_id=918828889854,VIOMI云米净水器600G小蓝调厨下式RO反渗透直饮家用6年长效,918828889854,918828889854,1299,,正常,2026-04-29 09:22:20,无截图
拼多多2,https://mobile.yangkeduo.com/goods.html?goods_id=917044137245,云米前置过滤器家用自来水前置净水器自动反冲洗全屋净水机大流量,917044137245,917044137245,498,,正常,2026-04-29 09:22:20,无截图
拼多多2,https://mobile.yangkeduo.com/goods.html?goods_id=917042534932,云米前置过滤器家用自来水前置净水器自动反冲洗全屋净水机大流量,917042534932,917042534932,498,,正常,2026-04-29 09:22:20,无截图
拼多多2,https://mobile.yangkeduo.com/goods.html?goods_id=917038452382,小海豚+管线机,"S2405281401001,S2407170910001",917038452382,1349,,百亿活动相关,2026-04-29 09:22:20,无截图
拼多多2,https://mobile.yangkeduo.com/goods.html?goods_id=917034829515,管线机2E,6923185650966,917034829515,989,1599,破价警报 | 百亿活动相关,2026-04-29 09:22:20,无截图
拼多多2,https://mobile.yangkeduo.com/goods.html?goods_id=917032713009,管线机2S,6923185652526,917032713009,669,1699,破价警报 | 百亿活动相关,2026-04-29 09:22:20,无截图
拼多多2,https://mobile.yangkeduo.com/goods.html?goods_id=917031150770,云米·泉先AI净水器蓝调600G+,6923185653592,917031150770,649,999,破价警报 | 百亿活动相关,2026-04-29 09:22:20,无截图
拼多多2,https://mobile.yangkeduo.com/goods.html?goods_id=917001945930,云米矿泉台式净饮机即热式饮水机直饮家用矿化加热一体机净水器,917001945930,917001945930,2199,,正常,2026-04-29 09:22:20,无截图
拼多多2,https://mobile.yangkeduo.com/goods.html?goods_id=916996455515,云米AI冷热管线机Super2 Pro,6923185655794,916996455515,1449,1999,破价警报 | 百亿活动相关,2026-04-29 09:22:20,无截图
拼多多2,https://mobile.yangkeduo.com/goods.html?goods_id=916452280972,900G,6923185654292,916452280972,749,1499,破价警报 | 百亿活动相关,2026-04-29 09:22:20,无截图
拼多多2,https://mobile.yangkeduo.com/goods.html?goods_id=916441693850,云米(VIOMI) 小海豚PRO 家用净水机 净水器 反渗透大通量 RO膜,916441693850,916441693850,899,,百亿活动相关,2026-04-29 09:22:20,无截图
拼多多2,https://mobile.yangkeduo.com/goods.html?goods_id=916398420768,复合滤芯,"6923185614258,6923185615750,6923185614265",916398420768,128.98,,百亿活动相关,2026-04-29 09:22:20,无截图
拼多多2,https://mobile.yangkeduo.com/goods.html?goods_id=915797572693,600G滤芯套餐,S2412282008001,915797572693,904,,正常,2026-04-29 09:22:20,无截图
拼多多2,https://mobile.yangkeduo.com/goods.html?goods_id=885690465484,小海豚600G+,6923185653684,885690465484,559,559,百亿活动相关,2026-04-29 09:22:20,无截图
拼多多2,https://mobile.yangkeduo.com/goods.html?goods_id=882919216767,小白龙 800G+,6923185653974,882919216767,1199,1299,破价警报,2026-04-29 09:22:20,无截图
拼多多2,https://mobile.yangkeduo.com/goods.html?goods_id=879245702873,VIOMI云米小海豚3净水器5年长效RO反渗透厨下一体机水过滤大通量,879245702873,879245702873,1299,,正常,2026-04-29 09:22:20,无截图
拼多多2,https://mobile.yangkeduo.com/goods.html?goods_id=874350558652,VIOMI云米滤芯 小海豚3适用,874350558652,874350558652,129,,百亿活动相关,2026-04-29 09:22:20,无截图
拼多多2,https://mobile.yangkeduo.com/goods.html?goods_id=873053402073,VIOMI云米小海豚3净水器5年长效RO反渗透厨下一体机水过滤大通量,873053402073,873053402073,1199,,正常,2026-04-29 09:22:20,无截图
拼多多2,https://mobile.yangkeduo.com/goods.html?goods_id=530950162370,云米小海豚2 1000G净水器净水机管线机即热饮水机前置过滤器套装,530950162370,530950162370,1799,,正常,2026-04-29 09:22:20,无截图
拼多多2,https://mobile.yangkeduo.com/goods.html?goods_id=500282125061,云米1.5匹变频冷暖Milano2ProAI语音UVC除菌新一级智能电器挂机,500282125061,500282125061,2799,,正常,2026-04-29 09:22:20,无截图
拼多多2,https://mobile.yangkeduo.com/goods.html?goods_id=497869228081,云米521升风冷无霜一级变频十字四开门对开门大容量智能电器冰箱,497869228081,497869228081,2799,,正常,2026-04-29 09:22:20,无截图
拼多多2,https://mobile.yangkeduo.com/goods.html?goods_id=491420502929,云米1.5匹AI智能电器变频空调冷暖两用新一级省电家用杀菌挂机,491420502929,491420502929,2599,,正常,2026-04-29 09:22:20,无截图
拼多多2,https://mobile.yangkeduo.com/goods.html?goods_id=489538266025,云米TDS水质检测笔测水质仪饮用水检测器家用自来水水质测试仪器,489538266025,489538266025,99,,正常,2026-04-29 09:22:20,无截图
拼多多2,https://mobile.yangkeduo.com/goods.html?goods_id=6120759451,云米VO1602电烤箱多功能烤箱家用烘焙小型蛋糕电烤鸡翅披萨16L,6120759451,6120759451,149,,正常,2026-04-29 09:22:20,无截图
拼多多,https://mobile.yangkeduo.com/goods.html?goods_id=912927521784,小京龙2Pro净矿,6923185656791,912927521784,1273,2499,破价警报 | 百亿活动相关,2026-04-29 09:35:20,无截图
拼多多,https://mobile.yangkeduo.com/goods.html?goods_id=908884844099,管线机2S,6923185652526,908884844099,999,1699,破价警报,2026-04-29 09:35:20,无截图
拼多多,https://mobile.yangkeduo.com/goods.html?goods_id=908879495872,smart 前置过滤器 （VF4-A）,6923185621058,908879495872,289,499,破价警报 | 百亿活动相关,2026-04-29 09:35:20,无截图
拼多多,https://mobile.yangkeduo.com/goods.html?goods_id=907974025123,小海豚1000G,6923185654865,907974025123,899,899,百亿活动相关,2026-04-29 09:35:20,无截图
拼多多,https://mobile.yangkeduo.com/goods.html?goods_id=907033710117,云米昆仑3矿泉净水器2S Pro,6923185656593,907033710117,2998,2899,高价待调整,2026-04-29 09:35:20,无截图
拼多多,https://mobile.yangkeduo.com/goods.html?goods_id=873065157674,小海豚600G适用滤芯,6923185618379,873065157674,598,299,高价待调整,2026-04-29 09:35:20,无截图
拼多多,https://mobile.yangkeduo.com/goods.html?goods_id=872941778883,1000G复合滤芯,6923185653998,872941778883,288,298,破价警报,2026-04-29 09:35:20,无截图
拼多多,https://mobile.yangkeduo.com/goods.html?goods_id=870799733097,油烟机 smart2,6923185653110,870799733097,1599,,正常,2026-04-29 09:35:20,无截图
拼多多,https://mobile.yangkeduo.com/goods.html?goods_id=868834124642,云米AI油烟机Super升级,6923185605829,868834124642,1699,,正常,2026-04-29 09:35:20,无截图
拼多多,https://mobile.yangkeduo.com/goods.html?goods_id=868851073714,小海豚3,6923185605867,868851073714,499,499,百亿活动相关,2026-04-29 09:35:20,无截图
拼多多,https://mobile.yangkeduo.com/goods.html?goods_id=862873034610,小海豚3,6923185605867,862873034610,999,499,高价待调整,2026-04-29 09:35:20,无截图
拼多多,https://mobile.yangkeduo.com/goods.html?goods_id=862584688956,门锁门禁卡,6923185654230,862584688956,25,19,高价待调整,2026-04-29 09:35:20,无截图
拼多多,https://mobile.yangkeduo.com/goods.html?goods_id=861508688697,管线机2E,6923185650966,861508688697,1998,1599,高价待调整,2026-04-29 09:35:20,无截图
拼多多,https://mobile.yangkeduo.com/goods.html?goods_id=852932116812,云米净水器600G小海豚升级版厨下式RO反渗透直饮家用,852932116812,852932116812,772,,百亿活动相关,2026-04-29 09:35:20,无截图
拼多多,https://mobile.yangkeduo.com/goods.html?goods_id=852614628903,云米厨余垃圾处理器  PowerBox 尊享版,6923185610250,852614628903,799,,百亿活动相关,2026-04-29 09:35:20,无截图
拼多多,https://mobile.yangkeduo.com/goods.html?goods_id=852161740747,小海豚600G+,6923185653684,852161740747,899,559,高价待调整,2026-04-29 09:35:20,无截图
拼多多,https://mobile.yangkeduo.com/goods.html?goods_id=852010588191,蓝调2Pro-JSQ30-VGW1641,6923185656869,852010588191,1099,,正常,2026-04-29 09:35:20,无截图
拼多多,https://mobile.yangkeduo.com/goods.html?goods_id=850883552953,云米·泉先AI净水器蓝调600G+,6923185653592,850883552953,649,999,破价警报 | 百亿活动相关,2026-04-29 09:35:20,无截图
拼多多,https://mobile.yangkeduo.com/goods.html?goods_id=850344043841,云米AI净饮机Super 2,6923185615415,850344043841,1009,1699,破价警报 | 百亿活动相关,2026-04-29 09:35:20,无截图
拼多多,https://mobile.yangkeduo.com/goods.html?goods_id=849648457333,云米AI昆仑矿泉净水机 Super 2E 2500,6923185654254,849648457333,1549,2499,破价警报 | 百亿活动相关,2026-04-29 09:35:20,无截图
拼多多,https://mobile.yangkeduo.com/goods.html?goods_id=849000374681,云米AI净水器Super 2Y 1200G,6923185653981,849000374681,2299,1899,高价待调整,2026-04-29 09:35:20,无截图
拼多多,https://mobile.yangkeduo.com/goods.html?goods_id=846212481564,云米蓝调2双胆电热水器60L超短超薄速热增容大水量3000W杀菌安全,846212481564,846212481564,1199,,正常,2026-04-29 09:35:20,无截图
拼多多,https://mobile.yangkeduo.com/goods.html?goods_id=837301408995,云米AI冷热管线机Super2 Pro,6923185655794,837301408995,1449,1999,破价警报 | 百亿活动相关,2026-04-29 09:35:20,无截图
拼多多,https://mobile.yangkeduo.com/goods.html?goods_id=832431516907,门锁普通版E30,6923185656074,832431516907,499,,百亿活动相关,2026-04-29 09:35:20,无截图
拼多多,https://mobile.yangkeduo.com/goods.html?goods_id=823432069145,手持吸尘器,6923185611844,823432069145,999,602,高价待调整,2026-04-29 09:35:20,无截图
拼多多,https://mobile.yangkeduo.com/goods.html?goods_id=819506595979,云米净水器  600G+ 新升级厨下式RO反渗透直饮家用,819506595979,819506595979,1099,,正常,2026-04-29 09:35:20,无截图
拼多多,https://mobile.yangkeduo.com/goods.html?goods_id=806062288852,云米无线手持吸尘器家用立式除螨大吸力吸尘机A9长续航宠物家庭,806062288852,806062288852,999,,正常,2026-04-29 09:35:20,无截图
拼多多,https://mobile.yangkeduo.com/goods.html?goods_id=795732084979,云米燃气热水器增压水伺服恒温省气抗风节能排气16L已接入米家APP,795732084979,795732084979,1599,,正常,2026-04-29 09:35:20,无截图
拼多多,https://mobile.yangkeduo.com/goods.html?goods_id=791982350266,云米3200W电热水器智能抑菌速热节能一级能效增容已接入米家app,791982350266,791982350266,799,,正常,2026-04-29 09:35:20,无截图
拼多多,https://mobile.yangkeduo.com/goods.html?goods_id=791968310970,云米智能电热水器3200W节能变频增容速热家用浴室洗澡抑菌50L/60L,791968310970,791968310970,759,,正常,2026-04-29 09:35:20,无截图
拼多多,https://mobile.yangkeduo.com/goods.html?goods_id=791519887797,云米超薄零嵌510L大容量冰箱美妆舱底部散热一级变频双开门风冷,791519887797,791519887797,2789,,百亿活动相关,2026-04-29 09:35:20,无截图
拼多多,https://mobile.yangkeduo.com/goods.html?goods_id=784230725200,云米鲲鹏PRO烟机28m³大吸力聚能猛火灶一级能效烟灶联动厨电套装,784230725200,784230725200,2899,,正常,2026-04-29 09:35:20,无截图
拼多多,https://mobile.yangkeduo.com/goods.html?goods_id=783305466570,云米智能烘干晾衣架语音声控离线全自动升降阳台LED照明Smart超薄,783305466570,783305466570,1299,,正常,2026-04-29 09:35:20,无截图
拼多多,https://mobile.yangkeduo.com/goods.html?goods_id=783304689053,【声控晾衣架】云米智能电动晾衣架无线遥控大容量自动升降控制,783304689053,783304689053,999,,正常,2026-04-29 09:35:20,无截图
拼多多,https://mobile.yangkeduo.com/goods.html?goods_id=774960777953,蓝调2燃气热水器13L,6923185655688,774960777953,679,,百亿活动相关,2026-04-29 09:35:20,无截图
拼多多,https://mobile.yangkeduo.com/goods.html?goods_id=767193647325,门锁掌静脉,6923185655398,767193647325,1104,,百亿活动相关,2026-04-29 09:35:20,无截图
拼多多,https://mobile.yangkeduo.com/goods.html?goods_id=765112154467,小鲸鱼 马桶盖,6923185654537,765112154467,699,,百亿活动相关,2026-04-29 09:35:20,无截图
拼多多,https://mobile.yangkeduo.com/goods.html?goods_id=763759392708,云米AI油烟机 鲲鹏Pro,6923185605379,763759392708,1999,,百亿活动相关,2026-04-29 09:35:20,无截图
拼多多,https://mobile.yangkeduo.com/goods.html?goods_id=761822913595,云米智能马桶 小鲸鱼 2 Pro,6923185654575,761822913595,2399,,百亿活动相关,2026-04-29 09:35:20,无截图
拼多多,https://mobile.yangkeduo.com/goods.html?goods_id=743885774552,云米蓝调智能门锁（基础版）,6923185655381,743885774552,499,,百亿活动相关,2026-04-29 09:35:20,无截图
拼多多,https://mobile.yangkeduo.com/goods.html?goods_id=739863611562,云米AI油烟机 Smart 2 Pro,6923185653516,739863611562,1499,,正常,2026-04-29 09:35:20,无截图
拼多多,https://mobile.yangkeduo.com/goods.html?goods_id=705715580268,智能门锁锂电池(5000mAh),6923185652953,705715580268,114,99,高价待调整,2026-04-29 09:35:20,无截图
拼多多,https://mobile.yangkeduo.com/goods.html?goods_id=697436012016,【新品】云米120°超广角猫眼全自动智能门锁家用客厅室内高清大屏,697436012016,697436012016,999,,正常,2026-04-29 09:35:20,无截图
拼多多,https://mobile.yangkeduo.com/goods.html?goods_id=691819698413,云米电热水器50/60升洗澡家用浴室速热大容量省电防漏电警示安全,691819698413,691819698413,799,,正常,2026-04-29 09:35:20,无截图
拼多多,https://mobile.yangkeduo.com/goods.html?goods_id=661859626284,小海豚-40L-2000w热水器,6923185681281,661859626284,599,,正常,2026-04-29 09:35:20,无截图
拼多多,https://mobile.yangkeduo.com/goods.html?goods_id=657344402006,云米油烟机蓝调,6923185650973,657344402006,859,,百亿活动相关,2026-04-29 09:35:20,无截图
拼多多,https://mobile.yangkeduo.com/goods.html?goods_id=635152751061,【全域烘干】云米全自动升降式智能室内嵌入式折叠晾衣机Super2Y,635152751061,635152751061,1699,,正常,2026-04-29 09:35:20,无截图
拼多多,https://mobile.yangkeduo.com/goods.html?goods_id=620077061933,云米嵌入式冰洗套装500升超薄十字四门冰箱&12KG大容量洗烘一体,620077061933,620077061933,6499,,正常,2026-04-29 09:35:20,无截图
拼多多,https://mobile.yangkeduo.com/goods.html?goods_id=620029199628,云米冰洗套装510升嵌入式风冷冰箱&12公斤大容量洗烘一体洗衣机,620029199628,620029199628,5899,,正常,2026-04-29 09:35:20,无截图
拼多多,https://mobile.yangkeduo.com/goods.html?goods_id=618360171773,云米超薄烟灶热套装飓风吸力抽油烟机5.2KW聚能灶超薄双胆热水器,618360171773,618360171773,4599,,正常,2026-04-29 09:35:20,无截图
拼多多,https://mobile.yangkeduo.com/goods.html?goods_id=615426357041,云米空调1.5匹一级能效变频冷暖两用节能家用挂机 AI全域风Super3,615426357041,615426357041,3099,,正常,2026-04-29 09:35:20,无截图
拼多多,https://mobile.yangkeduo.com/goods.html?goods_id=614821960857,云米大容量冰洗套装603升独立制冰冰箱&10KG全自动洗烘一体洗衣机,614821960857,614821960857,4468,,百亿活动相关,2026-04-29 09:35:20,无截图
拼多多,https://mobile.yangkeduo.com/goods.html?goods_id=614813745328,云米超薄嵌入式冰洗套餐500升风冷无霜冰箱&10公斤洗烘一体洗衣机,614813745328,614813745328,5566,,百亿活动相关,2026-04-29 09:35:20,无截图
拼多多,https://mobile.yangkeduo.com/goods.html?goods_id=604410073495,VIOMI云米冷热管线机饮水机壁挂式双出水台式管线机UV杀菌,604410073495,604410073495,899,,正常,2026-04-29 09:35:20,无截图
拼多多,https://mobile.yangkeduo.com/goods.html?goods_id=602716906408,【升级】云米空调1.5匹智能变频冷暖新一级舒适风空调挂机 Smart3,602716906408,602716906408,2199,,正常,2026-04-29 09:35:20,无截图
拼多多,https://mobile.yangkeduo.com/goods.html?goods_id=600491440603,【新品】云米空调1.5匹智能变频冷暖新三级舒适风空调挂机 Smart3,600491440603,600491440603,2099,,正常,2026-04-29 09:35:20,无截图
拼多多,https://mobile.yangkeduo.com/goods.html?goods_id=600131174099,【美妆超薄零嵌】云米510升嵌入式双开门一级风冷无霜银离子冰箱,600131174099,600131174099,2798,,百亿活动相关,2026-04-29 09:35:20,无截图
拼多多,https://mobile.yangkeduo.com/goods.html?goods_id=583103526676,【新品上市】云米嵌入式母婴冰箱十字四开门家用变频风冷无霜513L,583103526676,583103526676,4499,,正常,2026-04-29 09:35:20,无截图
拼多多,https://mobile.yangkeduo.com/goods.html?goods_id=573873753845,云米前置过滤器Super智能自动冲洗全屋前置净水器家用自来水冲洗,573873753845,573873753845,599,,正常,2026-04-29 09:35:20,无截图
拼多多,https://mobile.yangkeduo.com/goods.html?goods_id=551388417367,【田曦薇推荐】云米扫地机器人扫拖一体语音全自动智能吸尘器Pro,551388417367,551388417367,999,,正常,2026-04-29 09:35:20,无截图
拼多多,https://mobile.yangkeduo.com/goods.html?goods_id=540840221349,云米净水器家用厨下式直饮水过滤器RO反渗透无陈水母婴直饮1200G,540840221349,540840221349,1999,,正常,2026-04-29 09:35:20,无截图
拼多多,https://mobile.yangkeduo.com/goods.html?goods_id=539854309519,云米12KG滚筒洗衣机家用全自动大容量洗烘一体机防抖动超薄全嵌,539854309519,539854309519,3699,,正常,2026-04-29 09:35:20,无截图
拼多多,https://mobile.yangkeduo.com/goods.html?goods_id=539850688350,【美妆超薄零嵌】云米冰箱609mm嵌入式风冷无霜AI双变频一级510升,539850688350,539850688350,3499,,正常,2026-04-29 09:35:20,无截图
拼多多,https://mobile.yangkeduo.com/goods.html?goods_id=535675329481,云米石墨烯踢脚线电暖器加湿家用速热取暖器节能室内暖风机电暖气,535675329481,535675329481,499,,正常,2026-04-29 09:35:20,无截图
拼多多,https://mobile.yangkeduo.com/goods.html?goods_id=534931901352,云米净水器家用直饮ro反渗透SuperY 1200G管线机前置过滤器套装,534931901352,534931901352,2699,,正常,2026-04-29 09:35:20,无截图
拼多多,https://mobile.yangkeduo.com/goods.html?goods_id=525667451666,【大屏冰箱】云米超薄全嵌入式T型冰箱三门一级变频风冷无霜412升,525667451666,525667451666,5999,,正常,2026-04-29 09:35:20,无截图
拼多多,https://mobile.yangkeduo.com/goods.html?goods_id=521949122103,云米一体智能马桶座圈加热一键清洗虹吸离座自动冲水小金龙增压版,521949122103,521949122103,2999,,正常,2026-04-29 09:35:20,无截图
拼多多,https://mobile.yangkeduo.com/goods.html?goods_id=516748248645,云米电热水器8L小厨宝家用厨房速热储水式节能厨房神器VEW0831,516748248645,516748248645,499,,正常,2026-04-29 09:35:20,无截图
拼多多,https://mobile.yangkeduo.com/goods.html?goods_id=515237643272,云米电热水器AI美肤洗 780mm超薄 1级能效双胆三管速热 Super2Pro,515237643272,515237643272,1699,,正常,2026-04-29 09:35:20,无截图
拼多多,https://mobile.yangkeduo.com/goods.html?goods_id=495274606168,【田曦薇推荐】云米智能洗地机超薄双贴边大吸力超长续航 Smart2,495274606168,495274606168,1799,,正常,2026-04-29 09:35:20,无截图
拼多多,https://mobile.yangkeduo.com/goods.html?goods_id=490426355421,500L十字门冰箱,6923185651123,490426355421,3199,,百亿活动相关,2026-04-29 09:35:20,无截图
拼多多,https://mobile.yangkeduo.com/goods.html?goods_id=490150938954,【安享王空调3匹】云米柜机变频冷暖家用商用智能自清洁节能三级,490150938954,490150938954,4999,,正常,2026-04-29 09:35:20,无截图
拼多多,https://mobile.yangkeduo.com/goods.html?goods_id=490111298360,云米家用空调1.5匹变频冷暖自清洁手机联网AI静音节能挂机新三级,490111298360,490111298360,2199,,正常,2026-04-29 09:35:20,无截图
拼多多,https://mobile.yangkeduo.com/goods.html?goods_id=490081202590,云米即热恒温4档烘干 9重安全防护 智能低压系统 Nano2E,490081202590,490081202590,1999,,正常,2026-04-29 09:35:20,无截图
拼多多,https://mobile.yangkeduo.com/goods.html?goods_id=484037745334,云米AI燃气灶power 5.0（天然气）,6923185654377,484037745334,1099,,正常,2026-04-29 09:35:20,无截图
拼多多,https://mobile.yangkeduo.com/goods.html?goods_id=480070620581,【冷热直饮套装】云米净水器家用厨下管线机套装一键即热制冷直饮,480070620581,480070620581,2399,,正常,2026-04-29 09:35:20,无截图
拼多多,https://mobile.yangkeduo.com/goods.html?goods_id=472256690941,云米智能马桶即热活水清洗家用卫生间恒温烘干抗菌低压系统Nano2E,472256690941,472256690941,2499,,正常,2026-04-29 09:35:20,无截图
拼多多,https://mobile.yangkeduo.com/goods.html?goods_id=466437108089,云米TDS水质检测笔测水质仪饮用水检测器家用自来水水质测试仪器,466437108089,466437108089,99,,正常,2026-04-29 09:35:20,无截图
拼多多,https://mobile.yangkeduo.com/goods.html?goods_id=463332030781,【吸扫拖3合1】云米全自动集尘扫地吸尘机器人alpha2pro清洁一体,463332030781,463332030781,1799,,正常,2026-04-29 09:35:20,无截图
拼多多,https://mobile.yangkeduo.com/goods.html?goods_id=452924828720,云米净饮一体机台式净水器即热型饮水机家用免安装X2minimango,452924828720,452924828720,899,,正常,2026-04-29 09:35:20,无截图
拼多多,https://mobile.yangkeduo.com/goods.html?goods_id=431395946988,云米侧吸烟灶套装大吸力抽油烟机5.0KW燃气灶厨房家用智能wingS1,431395946988,431395946988,1399,,正常,2026-04-29 09:35:20,无截图
拼多多,https://mobile.yangkeduo.com/goods.html?goods_id=427349642190,（有）云米净饮一体机台式净水器即热型饮水机净水器水过滤机,427349642190,427349642190,1089,,正常,2026-04-29 09:35:20,无截图
拼多多,https://mobile.yangkeduo.com/goods.html?goods_id=423988590355,云米净水器super Y 1200G滤芯复合滤芯RO滤芯,423988590355,423988590355,100,,正常,2026-04-29 09:35:20,无截图
拼多多,https://mobile.yangkeduo.com/goods.html?goods_id=423724952357,云米燃气热水器即热零冷水双增压 3重防冻 4段燃烧 5重净化 Super,423724952357,423724952357,1999,,正常,2026-04-29 09:35:20,无截图
拼多多,https://mobile.yangkeduo.com/goods.html?goods_id=414747194884,云米净饮一体机台式净水器即热型饮水机家用免安装X2加一支滤芯套,414747194884,414747194884,1199,,正常,2026-04-29 09:35:20,无截图
拼多多,https://mobile.yangkeduo.com/goods.html?goods_id=413986425773,蓝调智能门锁（人脸猫眼版）,6923185654650,413986425773,709,,百亿活动相关,2026-04-29 09:35:20,无截图
拼多多,https://mobile.yangkeduo.com/goods.html?goods_id=408451368894,云米智能全自动一体马桶恒温座圈臀部清洗虹吸自动冲水家用小金龙,408451368894,408451368894,2399,,正常,2026-04-29 09:35:20,无截图
拼多多,https://mobile.yangkeduo.com/goods.html?goods_id=407741710364,云米25m³顶侧爆吸大吸力智目吸烟机 5.2KW聚能猛火灶烟灶套装家用,407741710364,407741710364,3699,,正常,2026-04-29 09:35:20,无截图
拼多多,https://mobile.yangkeduo.com/goods.html?goods_id=405167616548,云米净水器家用直饮厨下式RO反渗透超滤净水机无桶小白龙800G,405167616548,405167616548,1599,,正常,2026-04-29 09:35:20,无截图
拼多多,https://mobile.yangkeduo.com/goods.html?goods_id=405069782417,【升级小海豚】云米净水器800G通量&竹炭滤芯厨下式RO反渗透家用,405069782417,405069782417,1099,,正常,2026-04-29 09:35:20,无截图
拼多多,https://mobile.yangkeduo.com/goods.html?goods_id=403868159413,云米蒸烤一体机厨房家用嵌入式蒸烤箱45L大蒸汽电烤箱VSO4501-B,403868159413,403868159413,1999,,正常,2026-04-29 09:35:20,无截图
拼多多,https://mobile.yangkeduo.com/goods.html?goods_id=391465779831,云米热水器13L家用智能洗澡燃气热水器水气双调恒温液化气,391465779831,391465779831,999,,正常,2026-04-29 09:35:20,无截图
拼多多,https://mobile.yangkeduo.com/goods.html?goods_id=383502560587,【田曦薇推荐】云米落地扇直流变频台立两用无极调速小爱语音联网,383502560587,383502560587,329,,正常,2026-04-29 09:35:20,无截图
拼多多,https://mobile.yangkeduo.com/goods.html?goods_id=383400493031,云米智能即热式家用饮水机1键即热电热水壶Tee mini 1.8L水吧,383400493031,383400493031,269,,正常,2026-04-29 09:35:20,无截图
拼多多,https://mobile.yangkeduo.com/goods.html?goods_id=382839923175,云米顶侧双吸烟灶套装22m³大吸力抽油烟机聚能猛火灶节能燃气家用,382839923175,382839923175,1899,,正常,2026-04-29 09:35:20,无截图
拼多多,https://mobile.yangkeduo.com/goods.html?goods_id=382544460689,【杀毒王2匹】云米家用空调变频冷暖柜机立式客厅智能节能 新三级,382544460689,382544460689,3999,,正常,2026-04-29 09:35:20,无截图
拼多多,https://mobile.yangkeduo.com/goods.html?goods_id=376344667102,云米1.5匹家用新风语音空调变频冷暖新一级能效智能恒温免孔安装,376344667102,376344667102,3099,,正常,2026-04-29 09:35:20,无截图
拼多多,https://mobile.yangkeduo.com/goods.html?goods_id=375507459489,云米管线机家用直饮机壁挂式UV杀菌加热一体机厨房加热饮水机MG2B,375507459489,375507459489,899,,正常,2026-04-29 09:35:20,无截图
拼多多,https://mobile.yangkeduo.com/goods.html?goods_id=369184383310,【吸扫拖三合一】云米全自动扫地机器人鲸吸扫地拖地吸尘 Alpha3,369184383310,369184383310,3699,,正常,2026-04-29 09:35:20,无截图
拼多多,https://mobile.yangkeduo.com/goods.html?goods_id=366671128859,【干湿分储】云米冰箱超薄变频一级风冷无霜十字冰箱四开门 546升,366671128859,366671128859,3499,,正常,2026-04-29 09:35:20,无截图
拼多多,https://mobile.yangkeduo.com/goods.html?goods_id=365033069371,云米全自动智能门锁密码锁家用电子锁防盗指纹锁超长续航eLink 2C,365033069371,365033069371,899,,正常,2026-04-29 09:35:20,无截图
拼多多,https://mobile.yangkeduo.com/goods.html?goods_id=365007215970,云米Super Y1200G大通量厨下净水器RO反渗透管线机前置过滤器套装,365007215970,365007215970,2599,,正常,2026-04-29 09:35:20,无截图
拼多多,https://mobile.yangkeduo.com/goods.html?goods_id=364990106384,"即热1000G,MAIN84",6923185651116,364990106384,1359,1899,破价警报 | 百亿活动相关,2026-04-29 09:35:20,无截图
拼多多,https://mobile.yangkeduo.com/goods.html?goods_id=356164755389,【全屋净水三件套装】云米净水器管线机前置过滤器即热小海豚600G,356164755389,356164755389,2299,,正常,2026-04-29 09:35:20,无截图
拼多多,https://mobile.yangkeduo.com/goods.html?goods_id=355550841910,【鲜活营养守护先锋奖】云米延鲜AI冰箱一级双变频风冷无霜636升,355550841910,355550841910,3499,,正常,2026-04-29 09:35:20,无截图
拼多多,https://mobile.yangkeduo.com/goods.html?goods_id=339737903336,【智能声控】云米家用晾衣架电动晾衣机阳台全自动升降Smart S,339737903336,339737903336,999,,正常,2026-04-29 09:35:20,无截图
拼多多,https://mobile.yangkeduo.com/goods.html?goods_id=338636261947,【1键智洗】云米洗衣机全自动8公斤波轮租房家用防缠绕洗脱一体,338636261947,338636261947,999,,正常,2026-04-29 09:35:20,无截图
拼多多,https://mobile.yangkeduo.com/goods.html?goods_id=325803370945,【杀菌】云米空调大3匹柜机一级家用变频冷暖客厅变频冷暖自清洁,325803370945,325803370945,5299,,正常,2026-04-29 09:35:20,无截图
拼多多,https://mobile.yangkeduo.com/goods.html?goods_id=325232192898,冰箱603,6923185650935,325232192898,2459,,百亿活动相关,2026-04-29 09:35:20,无截图
拼多多,https://mobile.yangkeduo.com/goods.html?goods_id=309984364103,云米智能烘干晾衣架语音声控离线全自动升降阳台LED照明Smart超薄,309984364103,309984364103,1299,,正常,2026-04-29 09:35:20,无截图
拼多多,https://mobile.yangkeduo.com/goods.html?goods_id=296957182528,复合滤芯,"6923185600138,6923185600145",296957182528,439,,正常,2026-04-29 09:35:20,无截图
拼多多,https://mobile.yangkeduo.com/goods.html?goods_id=293928589058,云米大吸力侧吸烟灶套装抽油烟机猛火燃气灶装嵌入式节能家用厨房,293928589058,293928589058,1399,,正常,2026-04-29 09:35:20,无截图
拼多多,https://mobile.yangkeduo.com/goods.html?goods_id=291146640482,云米净水器滤芯家用通用系列厨下1A1号2号滤芯RO反渗透滤芯复合,291146640482,291146640482,199,,正常,2026-04-29 09:35:20,无截图
拼多多,https://mobile.yangkeduo.com/goods.html?goods_id=291141614396,F3-五合一,6923185614258,291141614396,499,298,高价待调整,2026-04-29 09:35:20,无截图
拼多多,https://mobile.yangkeduo.com/goods.html?goods_id=290543633215,复合滤芯,"6923185614258,6923185616177",290543633215,199,,正常,2026-04-29 09:35:20,无截图
拼多多,https://mobile.yangkeduo.com/goods.html?goods_id=289678345008,【内衣母婴专属】云米1KG迷你洗衣机家用全自动洗脱一体除菌波轮,289678345008,289678345008,1299,,正常,2026-04-29 09:35:20,无截图
拼多多,https://mobile.yangkeduo.com/goods.html?goods_id=289613839419,【智能双投放】云米洗衣机10公斤洗烘一体变频一级能效全自动滚筒,289613839419,289613839419,2399,,正常,2026-04-29 09:35:20,无截图
拼多多,https://mobile.yangkeduo.com/goods.html?goods_id=289608993802,【超薄洗衣机】云米洗衣机全自动10公斤滚筒47CM超薄洗脱一体,289608993802,289608993802,2499,,正常,2026-04-29 09:35:20,无截图
拼多多,https://mobile.yangkeduo.com/goods.html?goods_id=289729238975,【杀毒王3匹】云米家用空调变频冷暖柜机立式客厅智能节能新三级,289729238975,289729238975,3899,,正常,2026-04-29 09:35:20,无截图
拼多多,https://mobile.yangkeduo.com/goods.html?goods_id=283191769057,云米互联网洗碗机4套台面式免安装智能语音控制高温消毒杀菌烘干,283191769057,283191769057,699,,正常,2026-04-29 09:35:20,无截图
拼多多,https://mobile.yangkeduo.com/goods.html?goods_id=276965357470,云米598升双开门对开门变频一级能效风冷无霜超薄嵌入式智能冰箱,276965357470,276965357470,2799,,正常,2026-04-29 09:35:20,无截图
拼多多,https://mobile.yangkeduo.com/goods.html?goods_id=276658474666,【全屋智能】云米净饮一体机X2Pro台式免安装净水器即热式饮水机,276658474666,276658474666,1099,,正常,2026-04-29 09:35:20,无截图
拼多多,https://mobile.yangkeduo.com/goods.html?goods_id=273348857003,云米蓝调智能门锁（基础版）,6923185655381,273348857003,499,,百亿活动相关,2026-04-29 09:35:20,无截图
拼多多,https://mobile.yangkeduo.com/goods.html?goods_id=268591343924,云米顶侧大吸力抽油烟机聚能猛火灶智能家用厨房烟灶套装flash2,268591343924,268591343924,2499,,正常,2026-04-29 09:35:20,无截图
拼多多,https://mobile.yangkeduo.com/goods.html?goods_id=264080849667,霸王锁体,6923185622154,264080849667,150,150,正常,2026-04-29 09:35:20,无截图
拼多多,https://mobile.yangkeduo.com/goods.html?goods_id=259795065484,【杀毒王】云米空调1.5匹变频冷暖1级能效杀病毒循环除菌 Super2s,259795065484,259795065484,2499,,正常,2026-04-29 09:35:20,无截图
拼多多,https://mobile.yangkeduo.com/goods.html?goods_id=259115850200,蓝调智能门锁（3D人脸版）,6923185654643,259115850200,629,,百亿活动相关,2026-04-29 09:35:20,无截图
拼多多,https://mobile.yangkeduo.com/goods.html?goods_id=258855020077,云米456升超薄嵌入式对开门双开门变频风冷无霜智能家用电冰箱,258855020077,258855020077,999,,正常,2026-04-29 09:35:20,无截图
拼多多,https://mobile.yangkeduo.com/goods.html?goods_id=251420900843,【田曦薇推荐】云米负离子空气循环扇大学生宿舍家用直流变频风扇,251420900843,251420900843,529,,正常,2026-04-29 09:35:20,无截图
拼多多,https://mobile.yangkeduo.com/goods.html?goods_id=249751266813,【DD直驱超薄】云米洗衣机洗烘一体全自动一级能效智能滚筒10公斤,249751266813,249751266813,2999,,正常,2026-04-29 09:35:20,无截图
拼多多,https://mobile.yangkeduo.com/goods.html?goods_id=247862575297,【DD直驱智能双投放】云米洗衣机全自动10KG一级能效洗脱一体滚筒,247862575297,247862575297,2499,,正常,2026-04-29 09:35:20,无截图
拼多多,https://mobile.yangkeduo.com/goods.html?goods_id=247228990842,云米智能马桶抗菌座圈恒温即热双增压自动冲水烘干坐便器Nano2,247228990842,247228990842,2699,,正常,2026-04-29 09:35:20,无截图
拼多多,https://mobile.yangkeduo.com/goods.html?goods_id=246986456918,【小海豚1000G管线机套装】云米净水器家用厨下一键即热制冷直饮,246986456918,246986456918,2199,,正常,2026-04-29 09:35:20,无截图
拼多多,https://mobile.yangkeduo.com/goods.html?goods_id=245465996610,云米管线机壁挂台式两用冷热开水机家用调温即热饮水机带uv杀菌,245465996610,245465996610,1999,,正常,2026-04-29 09:35:20,无截图
拼多多,https://mobile.yangkeduo.com/goods.html?goods_id=245015637978,云米电热水器蓝调3200W安全速热卫生间洗澡8倍大水量抑菌水质可视,245015637978,245015637978,1099,,正常,2026-04-29 09:35:20,无截图
拼多多,https://mobile.yangkeduo.com/goods.html?goods_id=245008294548,云米大容量洗碗机10套家用嵌入式智目洗全自动热风烘干除菌消毒,245008294548,245008294548,2098,,正常,2026-04-29 09:35:20,无截图
拼多多,https://mobile.yangkeduo.com/goods.html?goods_id=243153009643,云米净饮机X2系列滤芯X2mini mango复合滤芯5in1/6in1 RO反渗透,243153009643,243153009643,288,,正常,2026-04-29 09:35:20,无截图
拼多多,https://mobile.yangkeduo.com/goods.html?goods_id=241667411785,云米即热式饮水机1键即热水吧3档控温4L大容量台式免安装,241667411785,241667411785,589,,正常,2026-04-29 09:35:20,无截图
拼多多,https://mobile.yangkeduo.com/goods.html?goods_id=237591380789,云米全自动智能马桶水箱泡沫盾抗菌即热恒温座圈离座冲水小鲸鱼2,237591380789,237591380789,1999,,正常,2026-04-29 09:35:20,无截图
拼多多,https://mobile.yangkeduo.com/goods.html?goods_id=237590247709,【1小时洗烘】云米全自动洗衣机1级能效10公斤洗烘一体烘干机滚筒,237590247709,237590247709,2399,,正常,2026-04-29 09:35:20,无截图
拼多多,https://mobile.yangkeduo.com/goods.html?goods_id=231833573024,小烤箱6L,6923185603221,231833573024,199,174,高价待调整,2026-04-29 09:35:20,无截图
拼多多,https://mobile.yangkeduo.com/goods.html?goods_id=228907185185,云米16L零冷水燃气热水器家用智能变频即热水气双调恒温安全防冻,228907185185,228907185185,1699,,正常,2026-04-29 09:35:20,无截图
拼多多,https://mobile.yangkeduo.com/goods.html?goods_id=227970049599,云米净水器水龙头过滤器自来水家用厨房超滤滤水器前置净化器,227970049599,227970049599,159,,正常,2026-04-29 09:35:20,无截图
拼多多,https://mobile.yangkeduo.com/goods.html?goods_id=226771358169,1云米净水器家用厨房农村水龙头过滤器自来水净化器MT1/2,226771358169,226771358169,79,,正常,2026-04-29 09:35:20,无截图
拼多多,https://mobile.yangkeduo.com/goods.html?goods_id=223485946991,云米智能洗碗机10套热风烘干消毒嵌入式洗烘存一体家用IronA1,223485946991,223485946991,2299,,正常,2026-04-29 09:35:20,无截图
拼多多,https://mobile.yangkeduo.com/goods.html?goods_id=225501370546,小海豚3,6923185605867,225501370546,999,499,高价待调整,2026-04-29 09:35:20,无截图
拼多多,https://mobile.yangkeduo.com/goods.html?goods_id=224216987554,云米净水器滤芯S2、Fast厨下1A400G600G 1号复合滤芯RO反渗透滤芯,224216987554,224216987554,499,,正常,2026-04-29 09:35:20,无截图
拼多多,https://mobile.yangkeduo.com/goods.html?goods_id=223686266452,云米全自动滚筒洗衣机10KG洗烘一体除菌家用智能投放超薄嵌入M2,223686266452,223686266452,3299,,正常,2026-04-29 09:35:20,无截图
拼多多,https://mobile.yangkeduo.com/goods.html?goods_id=223486025603,云米互联网洗碗机全自动家用8套热风烘干消毒嵌入式Iron X1,223486025603,223486025603,1799,,正常,2026-04-29 09:35:20,无截图
拼多多,https://mobile.yangkeduo.com/goods.html?goods_id=222446512832,【冷酷王】云米大一匹单冷空调独立除湿秒速制冷家用卧室节能变频,222446512832,222446512832,1699,,正常,2026-04-29 09:35:20,无截图
拼多多,https://mobile.yangkeduo.com/goods.html?goods_id=221876010591,云米净水器家用直饮RO反渗透净饮一体净水机滤芯1200GSuper2max,221876010591,221876010591,4299,,正常,2026-04-29 09:35:20,无截图
拼多多,https://mobile.yangkeduo.com/goods.html?goods_id=221842463604,1小米云米净水器RO反渗透纯水机厨下家用直饮过滤器饮水机600加仑,221842463604,221842463604,1300,,正常,2026-04-29 09:35:20,无截图
拼多多,https://mobile.yangkeduo.com/goods.html?goods_id=221686401936,【空调套装】云米空调3室1厅组合 新1级能效3P柜机+新1级1.5P挂机,221686401936,221686401936,10999,,正常,2026-04-29 09:35:20,无截图
拼多多,https://mobile.yangkeduo.com/goods.html?goods_id=221565163539,【语音柔风王】云米空调柜机冷暖双变频一级能效客厅立式智能空调,221565163539,221565163539,6499,,正常,2026-04-29 09:35:20,无截图
拼多多,https://mobile.yangkeduo.com/goods.html?goods_id=220936223742,云米燃气热水器变频恒温8大安全防护 家用节能防冻速热FireC113L,220936223742,220936223742,1099,,正常,2026-04-29 09:35:20,无截图
拼多多,https://mobile.yangkeduo.com/goods.html?goods_id=220867531419,"(X2Pro链接,少量差评可做备选)云米净饮一体机X2mini Mango",220867531419,220867531419,1099,,正常,2026-04-29 09:35:20,无截图
拼多多,https://mobile.yangkeduo.com/goods.html?goods_id=220820325711,云米消毒柜（嵌入式）云米版,6923185604303,220820325711,899,,百亿活动相关,2026-04-29 09:35:20,无截图
拼多多,https://mobile.yangkeduo.com/goods.html?goods_id=219691919640,【阳光暖烘】云米智能晾衣架全自动升降联网烘干电动晾衣机阳台,219691919640,219691919640,1599,,正常,2026-04-29 09:35:20,无截图
拼多多,https://mobile.yangkeduo.com/goods.html?goods_id=219492848549,云米家用门锁智能锁指纹密码锁防盗门电子门锁全自动推拉门锁,219492848549,219492848549,1299,,正常,2026-04-29 09:35:20,无截图
拼多多,https://mobile.yangkeduo.com/goods.html?goods_id=219486126363,flash烟机,6923185613664,219486126363,899,,百亿活动相关,2026-04-29 09:35:20,无截图
拼多多,https://mobile.yangkeduo.com/goods.html?goods_id=217541928957,云米真空保温杯轻便携不锈钢大学生自习室茶杯300ml,217541928957,217541928957,89,,正常,2026-04-29 09:35:20,无截图
拼多多,https://mobile.yangkeduo.com/goods.html?goods_id=217105737391,云米智能马桶浴霸套装 即热全自动座便器  小爱语音浴霸 卫浴套装,217105737391,217105737391,3499,,正常,2026-04-29 09:35:20,无截图
拼多多,https://mobile.yangkeduo.com/goods.html?goods_id=215991927819,【烟灶联动】云米顶侧3吸大吸力抽油烟机聚能燃气灶烟灶套装Super,215991927819,215991927819,2499,,正常,2026-04-29 09:35:20,无截图
拼多多,https://mobile.yangkeduo.com/goods.html?goods_id=215505605173,【上门安装】云米电热水器安全速热家用洗澡储水式省电VEW605A,215505605173,215505605173,599,,正常,2026-04-29 09:35:20,无截图
拼多多,https://mobile.yangkeduo.com/goods.html?goods_id=215498018054,【空调套装】云米空调1室1厅组合 新1级能效2P柜机+新1级1.5P挂机,215498018054,215498018054,6199,,正常,2026-04-29 09:35:20,无截图
拼多多,https://mobile.yangkeduo.com/goods.html?goods_id=214448170082,云米即热水吧办公室台式免安装宿舍小型饮水机2.5L大容量烧热水壶,214448170082,214448170082,299,,正常,2026-04-29 09:35:20,无截图
拼多多,https://mobile.yangkeduo.com/goods.html?goods_id=213946234221,云米无线手持吸尘器家用立式除螨大吸力吸尘机A9长续航宠物家庭,213946234221,213946234221,899,,正常,2026-04-29 09:35:20,无截图
拼多多,https://mobile.yangkeduo.com/goods.html?goods_id=212124982919,云米踢脚线电暖器家用客厅节能速热加湿取暖器语音控制智能定时,212124982919,212124982919,699,,正常,2026-04-29 09:35:20,无截图
拼多多,https://mobile.yangkeduo.com/goods.html?goods_id=211439538390,云米即热饮水机1键即热水吧4档控温4L大容量台式免安装,211439538390,211439538390,429,,正常,2026-04-29 09:35:20,无截图
拼多多,https://mobile.yangkeduo.com/goods.html?goods_id=209415771537,【声控晾衣架】云米智能电动晾衣架无线遥控大容量自动升降控制,209415771537,209415771537,899,,正常,2026-04-29 09:35:20,无截图
拼多多,https://mobile.yangkeduo.com/goods.html?goods_id=209406625494,蓝调智能门锁（大屏猫眼版）,6923185654667,209406625494,999,,正常,2026-04-29 09:35:20,无截图
拼多多,https://mobile.yangkeduo.com/goods.html?goods_id=208077402678,【柔风王】云米空调1.5匹新1级能效变频冷暖超大导板挂机 Smart2S,208077402678,208077402678,2399,,正常,2026-04-29 09:35:20,无截图
拼多多,https://mobile.yangkeduo.com/goods.html?goods_id=208074025148,云米净水器600G小海豚厨下式RO反渗透直饮过滤器净饮机家用出租屋,208074025148,208074025148,899,,正常,2026-04-29 09:35:20,无截图
拼多多,https://mobile.yangkeduo.com/goods.html?goods_id=208071231700,云米60L速热电热水器3000W一级节能变频增容租房安全已接入米家AP,208071231700,208071231700,749,,正常,2026-04-29 09:35:20,无截图
拼多多,https://mobile.yangkeduo.com/goods.html?goods_id=208069905615,【杀病毒空调】云米大1匹空调变频冷暖自动调温一级能效 Super2s,208069905615,208069905615,2099,,正常,2026-04-29 09:35:20,无截图
拼多多,https://mobile.yangkeduo.com/goods.html?goods_id=207799885384,【超薄除螨】云米家用全自动洗烘一体10公斤洗衣机滚筒 Master S,207799885384,207799885384,2699,,正常,2026-04-29 09:35:20,无截图
拼多多,https://mobile.yangkeduo.com/goods.html?goods_id=207783866280,【超窄冰箱】云米冰箱风冷无霜AI双变频78CM超窄对开门电冰箱436L,207783866280,207783866280,2199,,正常,2026-04-29 09:35:20,无截图
拼多多,https://mobile.yangkeduo.com/goods.html?goods_id=207250698147,400加仑智能净水器 RO反渗透纯水机无桶 MR432-D,207250698147,207250698147,899,,正常,2026-04-29 09:35:20,无截图
拼多多,https://mobile.yangkeduo.com/goods.html?goods_id=205628593157,云米滚筒10kg大容量家用全自动洗烘一体洗衣机除菌节能智能互联,205628593157,205628593157,1899,,正常,2026-04-29 09:35:20,无截图
拼多多,https://mobile.yangkeduo.com/goods.html?goods_id=205463909525,【十字冰箱】云米十字四开门冰箱精细分储AI双变频风冷无霜410升,205463909525,205463909525,2699,,正常,2026-04-29 09:35:20,无截图
拼多多,https://mobile.yangkeduo.com/goods.html?goods_id=205442655354,【超薄冰箱】云米冰箱嵌入式双开门变频风冷无霜大容量对开456升,205442655354,205442655354,2699,,正常,2026-04-29 09:35:20,无截图
拼多多,https://mobile.yangkeduo.com/goods.html?goods_id=205451808289,小厨宝,6923185611233,205451808289,359,,正常,2026-04-29 09:35:20,无截图
拼多多,https://mobile.yangkeduo.com/goods.html?goods_id=205467667434,[新品上市]VIOMI 云米净水器600G小海豚3厨下式RO反渗透直饮家用,205467667434,205467667434,69,,正常,2026-04-29 09:35:20,无截图
拼多多,https://mobile.yangkeduo.com/goods.html?goods_id=205378217791,1级能效云米燃气灶 可联网 10重安保 厨房灶具 天然气猛火灶4500W,205378217791,205378217791,799,,正常,2026-04-29 09:35:20,无截图
拼多多,https://mobile.yangkeduo.com/goods.html?goods_id=205448553075,云米电热水器VEW605家用小型储水速热节能漏电保护60L,205448553075,205448553075,599,,正常,2026-04-29 09:35:20,无截图
拼多多,https://mobile.yangkeduo.com/goods.html?goods_id=205458105137,小海豚2 1000G,6923185654865,205458105137,899,899,百亿活动相关,2026-04-29 09:35:20,无截图
拼多多2,https://mobile.yangkeduo.com/goods.html?goods_id=942754114793,云米AI燃气热水器 智控恒温防冻节能安全水质净化精准控温13L强排,942754114793,942754114793,999,,正常,2026-04-29 09:36:41,无截图
拼多多2,https://mobile.yangkeduo.com/goods.html?goods_id=942740482351,云米AI燃气热水器 智控恒温防冻节能安全水质净化精准控温13L强排,942740482351,942740482351,999,,正常,2026-04-29 09:36:41,无截图
拼多多2,https://mobile.yangkeduo.com/goods.html?goods_id=942656610557,云米即热净水器厨房家用直饮RO反渗透加热净饮一体机1000G,942656610557,942656610557,2999,,正常,2026-04-29 09:36:41,无截图
拼多多2,https://mobile.yangkeduo.com/goods.html?goods_id=939930331098,VIOMI云米 滤芯 反渗透滤芯RO膜,939930331098,939930331098,598,,正常,2026-04-29 09:36:41,无截图
拼多多2,https://mobile.yangkeduo.com/goods.html?goods_id=939928309801,VIOMI云米 滤芯 反渗透滤芯RO膜,939928309801,939928309801,598,,正常,2026-04-29 09:36:41,无截图
拼多多2,https://mobile.yangkeduo.com/goods.html?goods_id=939760939921,云米净水器Super2Y1200G家用直饮厨下式RO反渗透鲜活泉无陈水,939760939921,939760939921,999,,百亿活动相关,2026-04-29 09:36:41,无截图
拼多多2,https://mobile.yangkeduo.com/goods.html?goods_id=932391238524,VIOMI 云米净水器小海豚3 厨下式RO反渗透直饮家用 无罐一体式,932391238524,932391238524,895.5,,正常,2026-04-29 09:36:41,无截图
拼多多2,https://mobile.yangkeduo.com/goods.html?goods_id=931163598005,云米净水器Super2Y1200G家用直饮厨下式RO反渗透鲜活泉无陈水,931163598005,931163598005,2299,,正常,2026-04-29 09:36:41,无截图
拼多多2,https://mobile.yangkeduo.com/goods.html?goods_id=926760918505,VIOMI云米净水器小海豚600G+升级版厨下式 RO 反渗透直饮家用,926760918505,926760918505,904,,正常,2026-04-29 09:36:41,无截图
拼多多2,https://mobile.yangkeduo.com/goods.html?goods_id=926574119933,昆仑4弱碱 1400G,6923185655718,926574119933,2999,3599,破价警报 | 百亿活动相关,2026-04-29 09:36:41,无截图
拼多多2,https://mobile.yangkeduo.com/goods.html?goods_id=926440536018,云米小厨宝6L电热水器厨房卫生间出水恒温储水式小型速热神器加热,926440536018,926440536018,399,,正常,2026-04-29 09:36:41,无截图
拼多多2,https://mobile.yangkeduo.com/goods.html?goods_id=925977908012,云米昆仑3矿泉净水器2S Pro,6923185656593,925977908012,2998,2899,高价待调整,2026-04-29 09:36:41,无截图
拼多多2,https://mobile.yangkeduo.com/goods.html?goods_id=925958299439,云米(VIOMI) 家用昆仑4弱碱1200G 矿物质直饮反渗透厨下过滤器,925958299439,925958299439,3999,,正常,2026-04-29 09:36:41,无截图
拼多多2,https://mobile.yangkeduo.com/goods.html?goods_id=925904229459,VIOMI云米净水器600G小蓝调厨下式RO反渗透直饮家用6年长效,925904229459,925904229459,728,,百亿活动相关,2026-04-29 09:36:41,无截图
拼多多2,https://mobile.yangkeduo.com/goods.html?goods_id=925874862450,小京龙Pro1100G,6923185655220,925874862450,799,1099,破价警报 | 百亿活动相关,2026-04-29 09:36:41,无截图
拼多多2,https://mobile.yangkeduo.com/goods.html?goods_id=925737084752,门锁普通版E30,6923185656074,925737084752,499,,百亿活动相关,2026-04-29 09:36:41,无截图
拼多多2,https://mobile.yangkeduo.com/goods.html?goods_id=916998985237,云米(VIOMI)净水机昆仑3 2E净矿1000G净水器 6年RO膜 接入米家,916998985237,916998985237,2599,,正常,2026-04-29 09:36:41,无截图
拼多多2,https://mobile.yangkeduo.com/goods.html?goods_id=925730122772,蓝调智能门锁（大屏猫眼版）,6923185654667,925730122772,999,,正常,2026-04-29 09:36:41,无截图
拼多多2,https://mobile.yangkeduo.com/goods.html?goods_id=925730329478,云米蓝调智能门锁（基础版）,6923185655381,925730329478,499,,百亿活动相关,2026-04-29 09:36:41,无截图
拼多多2,https://mobile.yangkeduo.com/goods.html?goods_id=925731404024,门锁掌静脉,6923185655398,925731404024,1069,,百亿活动相关,2026-04-29 09:36:41,无截图
拼多多2,https://mobile.yangkeduo.com/goods.html?goods_id=925231209174,蓝调智能门锁（人脸猫眼版）,6923185654650,925231209174,709,,百亿活动相关,2026-04-29 09:36:41,无截图
拼多多2,https://mobile.yangkeduo.com/goods.html?goods_id=925230364669,蓝调智能门锁（3D人脸版）,6923185654643,925230364669,629,,百亿活动相关,2026-04-29 09:36:41,无截图
拼多多2,https://mobile.yangkeduo.com/goods.html?goods_id=920795499656,VIOMI云米小海豚3净水器5年长效RO反渗透厨下一体机水过滤大通量,920795499656,920795499656,1299,,正常,2026-04-29 09:36:41,无截图
拼多多2,https://mobile.yangkeduo.com/goods.html?goods_id=920088070226,云米新品鲲鹏PRO油烟机28m³大吸力易清洁挥手智控烟灶联动小噪音,920088070226,920088070226,2399,,正常,2026-04-29 09:36:41,无截图
拼多多2,https://mobile.yangkeduo.com/goods.html?goods_id=918828889854,VIOMI云米净水器600G小蓝调厨下式RO反渗透直饮家用6年长效,918828889854,918828889854,1299,,正常,2026-04-29 09:36:41,无截图
拼多多2,https://mobile.yangkeduo.com/goods.html?goods_id=917044137245,云米前置过滤器家用自来水前置净水器自动反冲洗全屋净水机大流量,917044137245,917044137245,498,,正常,2026-04-29 09:36:41,无截图
拼多多2,https://mobile.yangkeduo.com/goods.html?goods_id=917042534932,云米前置过滤器家用自来水前置净水器自动反冲洗全屋净水机大流量,917042534932,917042534932,498,,正常,2026-04-29 09:36:41,无截图
拼多多2,https://mobile.yangkeduo.com/goods.html?goods_id=917038452382,小海豚+管线机,"S2405281401001,S2407170910001",917038452382,1349,,百亿活动相关,2026-04-29 09:36:41,无截图
拼多多2,https://mobile.yangkeduo.com/goods.html?goods_id=917034829515,管线机2E,6923185650966,917034829515,989,1599,破价警报 | 百亿活动相关,2026-04-29 09:36:41,无截图
拼多多2,https://mobile.yangkeduo.com/goods.html?goods_id=917032713009,管线机2S,6923185652526,917032713009,669,1699,破价警报 | 百亿活动相关,2026-04-29 09:36:41,无截图
拼多多2,https://mobile.yangkeduo.com/goods.html?goods_id=917031150770,云米·泉先AI净水器蓝调600G+,6923185653592,917031150770,649,999,破价警报 | 百亿活动相关,2026-04-29 09:36:41,无截图
拼多多2,https://mobile.yangkeduo.com/goods.html?goods_id=917001945930,云米矿泉台式净饮机即热式饮水机直饮家用矿化加热一体机净水器,917001945930,917001945930,2199,,正常,2026-04-29 09:36:41,无截图
拼多多2,https://mobile.yangkeduo.com/goods.html?goods_id=916996455515,云米AI冷热管线机Super2 Pro,6923185655794,916996455515,1449,1999,破价警报 | 百亿活动相关,2026-04-29 09:36:41,无截图
拼多多2,https://mobile.yangkeduo.com/goods.html?goods_id=916452280972,900G,6923185654292,916452280972,749,1499,破价警报 | 百亿活动相关,2026-04-29 09:36:41,无截图
拼多多2,https://mobile.yangkeduo.com/goods.html?goods_id=916441693850,云米(VIOMI) 小海豚PRO 家用净水机 净水器 反渗透大通量 RO膜,916441693850,916441693850,899,,百亿活动相关,2026-04-29 09:36:41,无截图
拼多多2,https://mobile.yangkeduo.com/goods.html?goods_id=916398420768,复合滤芯,"6923185614258,6923185615750,6923185614265",916398420768,128.98,,百亿活动相关,2026-04-29 09:36:41,无截图
拼多多2,https://mobile.yangkeduo.com/goods.html?goods_id=915797572693,600G滤芯套餐,S2412282008001,915797572693,904,,正常,2026-04-29 09:36:41,无截图
拼多多2,https://mobile.yangkeduo.com/goods.html?goods_id=885690465484,小海豚600G+,6923185653684,885690465484,559,559,百亿活动相关,2026-04-29 09:36:41,无截图
拼多多2,https://mobile.yangkeduo.com/goods.html?goods_id=882919216767,小白龙 800G+,6923185653974,882919216767,1199,1299,破价警报,2026-04-29 09:36:41,无截图
拼多多2,https://mobile.yangkeduo.com/goods.html?goods_id=879245702873,VIOMI云米小海豚3净水器5年长效RO反渗透厨下一体机水过滤大通量,879245702873,879245702873,1299,,正常,2026-04-29 09:36:41,无截图
拼多多2,https://mobile.yangkeduo.com/goods.html?goods_id=874350558652,VIOMI云米滤芯 小海豚3适用,874350558652,874350558652,129,,百亿活动相关,2026-04-29 09:36:41,无截图
拼多多2,https://mobile.yangkeduo.com/goods.html?goods_id=873053402073,VIOMI云米小海豚3净水器5年长效RO反渗透厨下一体机水过滤大通量,873053402073,873053402073,1199,,正常,2026-04-29 09:36:41,无截图
拼多多2,https://mobile.yangkeduo.com/goods.html?goods_id=530950162370,云米小海豚2 1000G净水器净水机管线机即热饮水机前置过滤器套装,530950162370,530950162370,1799,,正常,2026-04-29 09:36:41,无截图
拼多多2,https://mobile.yangkeduo.com/goods.html?goods_id=500282125061,云米1.5匹变频冷暖Milano2ProAI语音UVC除菌新一级智能电器挂机,500282125061,500282125061,2799,,正常,2026-04-29 09:36:41,无截图
拼多多2,https://mobile.yangkeduo.com/goods.html?goods_id=497869228081,云米521升风冷无霜一级变频十字四开门对开门大容量智能电器冰箱,497869228081,497869228081,2799,,正常,2026-04-29 09:36:41,无截图
拼多多2,https://mobile.yangkeduo.com/goods.html?goods_id=491420502929,云米1.5匹AI智能电器变频空调冷暖两用新一级省电家用杀菌挂机,491420502929,491420502929,2599,,正常,2026-04-29 09:36:41,无截图
拼多多2,https://mobile.yangkeduo.com/goods.html?goods_id=489538266025,云米TDS水质检测笔测水质仪饮用水检测器家用自来水水质测试仪器,489538266025,489538266025,99,,正常,2026-04-29 09:36:41,无截图
拼多多2,https://mobile.yangkeduo.com/goods.html?goods_id=6120759451,云米VO1602电烤箱多功能烤箱家用烘焙小型蛋糕电烤鸡翅披萨16L,6120759451,6120759451,149,,正常,2026-04-29 09:36:41,无截图
拼多多,https://mobile.yangkeduo.com/goods.html?goods_id=912927521784,小京龙2Pro净矿,6923185656791,912927521784,0,2499,正常,2026-04-29 09:52:32,无截图
拼多多,https://mobile.yangkeduo.com/goods.html?goods_id=908884844099,管线机2S,6923185652526,908884844099,0,1699,正常,2026-04-29 09:52:32,无截图
拼多多,https://mobile.yangkeduo.com/goods.html?goods_id=908879495872,smart 前置过滤器 （VF4-A）,6923185621058,908879495872,0,499,正常,2026-04-29 09:52:32,无截图
拼多多,https://mobile.yangkeduo.com/goods.html?goods_id=907974025123,小海豚1000G,6923185654865,907974025123,0,899,正常,2026-04-29 09:52:32,无截图
拼多多,https://mobile.yangkeduo.com/goods.html?goods_id=907033710117,云米昆仑3矿泉净水器2S Pro,6923185656593,907033710117,0,2899,正常,2026-04-29 09:52:32,无截图
拼多多,https://mobile.yangkeduo.com/goods.html?goods_id=873065157674,小海豚600G适用滤芯,6923185618379,873065157674,598,299,高价待调整,2026-04-29 09:52:32,无截图
拼多多,https://mobile.yangkeduo.com/goods.html?goods_id=872941778883,1000G复合滤芯,6923185653998,872941778883,288,298,破价警报,2026-04-29 09:52:32,无截图
拼多多,https://mobile.yangkeduo.com/goods.html?goods_id=870799733097,油烟机 smart2,6923185653110,870799733097,0,,正常,2026-04-29 09:52:32,无截图
拼多多,https://mobile.yangkeduo.com/goods.html?goods_id=868834124642,云米AI油烟机Super升级,6923185605829,868834124642,0,,正常,2026-04-29 09:52:32,无截图
拼多多,https://mobile.yangkeduo.com/goods.html?goods_id=868851073714,小海豚3,6923185605867,868851073714,0,499,正常,2026-04-29 09:52:32,无截图
拼多多,https://mobile.yangkeduo.com/goods.html?goods_id=862873034610,小海豚3,6923185605867,862873034610,1198,499,高价待调整,2026-04-29 09:52:32,无截图
拼多多,https://mobile.yangkeduo.com/goods.html?goods_id=862584688956,门锁门禁卡,6923185654230,862584688956,0,19,正常,2026-04-29 09:52:32,无截图
拼多多,https://mobile.yangkeduo.com/goods.html?goods_id=861508688697,管线机2E,6923185650966,861508688697,0,1599,正常,2026-04-29 09:52:32,无截图
拼多多,https://mobile.yangkeduo.com/goods.html?goods_id=852932116812,云米净水器600G小海豚升级版厨下式RO反渗透直饮家用,852932116812,852932116812,0,,正常,2026-04-29 09:52:32,无截图
拼多多,https://mobile.yangkeduo.com/goods.html?goods_id=852614628903,云米厨余垃圾处理器  PowerBox 尊享版,6923185610250,852614628903,0,,正常,2026-04-29 09:52:32,无截图
拼多多,https://mobile.yangkeduo.com/goods.html?goods_id=852161740747,小海豚600G+,6923185653684,852161740747,0,559,正常,2026-04-29 09:52:32,无截图
拼多多,https://mobile.yangkeduo.com/goods.html?goods_id=852010588191,蓝调2Pro-JSQ30-VGW1641,6923185656869,852010588191,0,,正常,2026-04-29 09:52:32,无截图
拼多多,https://mobile.yangkeduo.com/goods.html?goods_id=850883552953,云米·泉先AI净水器蓝调600G+,6923185653592,850883552953,0,999,正常,2026-04-29 09:52:32,无截图
拼多多,https://mobile.yangkeduo.com/goods.html?goods_id=850344043841,云米AI净饮机Super 2,6923185615415,850344043841,0,1699,正常,2026-04-29 09:52:32,无截图
拼多多,https://mobile.yangkeduo.com/goods.html?goods_id=849648457333,云米AI昆仑矿泉净水机 Super 2E 2500,6923185654254,849648457333,0,2499,正常,2026-04-29 09:52:32,无截图
拼多多,https://mobile.yangkeduo.com/goods.html?goods_id=849000374681,云米AI净水器Super 2Y 1200G,6923185653981,849000374681,0,1899,正常,2026-04-29 09:52:32,无截图
拼多多,https://mobile.yangkeduo.com/goods.html?goods_id=846212481564,云米蓝调2双胆电热水器60L超短超薄速热增容大水量3000W杀菌安全,846212481564,846212481564,0,,正常,2026-04-29 09:52:32,无截图
拼多多,https://mobile.yangkeduo.com/goods.html?goods_id=837301408995,云米AI冷热管线机Super2 Pro,6923185655794,837301408995,0,1999,正常,2026-04-29 09:52:32,无截图
拼多多,https://mobile.yangkeduo.com/goods.html?goods_id=832431516907,门锁普通版E30,6923185656074,832431516907,0,,正常,2026-04-29 09:52:32,无截图
拼多多,https://mobile.yangkeduo.com/goods.html?goods_id=823432069145,手持吸尘器,6923185611844,823432069145,0,602,正常,2026-04-29 09:52:32,无截图
拼多多,https://mobile.yangkeduo.com/goods.html?goods_id=819506595979,云米净水器  600G+ 新升级厨下式RO反渗透直饮家用,819506595979,819506595979,0,,正常,2026-04-29 09:52:32,无截图
拼多多,https://mobile.yangkeduo.com/goods.html?goods_id=806062288852,云米无线手持吸尘器家用立式除螨大吸力吸尘机A9长续航宠物家庭,806062288852,806062288852,0,,正常,2026-04-29 09:52:32,无截图
拼多多,https://mobile.yangkeduo.com/goods.html?goods_id=795732084979,云米燃气热水器增压水伺服恒温省气抗风节能排气16L已接入米家APP,795732084979,795732084979,0,,正常,2026-04-29 09:52:32,无截图
拼多多,https://mobile.yangkeduo.com/goods.html?goods_id=791982350266,云米3200W电热水器智能抑菌速热节能一级能效增容已接入米家app,791982350266,791982350266,0,,正常,2026-04-29 09:52:32,无截图
拼多多,https://mobile.yangkeduo.com/goods.html?goods_id=791968310970,云米智能电热水器3200W节能变频增容速热家用浴室洗澡抑菌50L/60L,791968310970,791968310970,0,,正常,2026-04-29 09:52:32,无截图
拼多多,https://mobile.yangkeduo.com/goods.html?goods_id=791519887797,云米超薄零嵌510L大容量冰箱美妆舱底部散热一级变频双开门风冷,791519887797,791519887797,0,,正常,2026-04-29 09:52:32,无截图
拼多多,https://mobile.yangkeduo.com/goods.html?goods_id=784230725200,云米鲲鹏PRO烟机28m³大吸力聚能猛火灶一级能效烟灶联动厨电套装,784230725200,784230725200,3099,,正常,2026-04-29 09:52:32,无截图
拼多多,https://mobile.yangkeduo.com/goods.html?goods_id=783305466570,云米智能烘干晾衣架语音声控离线全自动升降阳台LED照明Smart超薄,783305466570,783305466570,0,,正常,2026-04-29 09:52:32,无截图
拼多多,https://mobile.yangkeduo.com/goods.html?goods_id=783304689053,【声控晾衣架】云米智能电动晾衣架无线遥控大容量自动升降控制,783304689053,783304689053,0,,正常,2026-04-29 09:52:32,无截图
拼多多,https://mobile.yangkeduo.com/goods.html?goods_id=774960777953,蓝调2燃气热水器13L,6923185655688,774960777953,0,,正常,2026-04-29 09:52:32,无截图
拼多多,https://mobile.yangkeduo.com/goods.html?goods_id=767193647325,门锁掌静脉,6923185655398,767193647325,0,,正常,2026-04-29 09:52:32,无截图
拼多多,https://mobile.yangkeduo.com/goods.html?goods_id=765112154467,小鲸鱼 马桶盖,6923185654537,765112154467,0,,正常,2026-04-29 09:52:32,无截图
拼多多,https://mobile.yangkeduo.com/goods.html?goods_id=763759392708,云米AI油烟机 鲲鹏Pro,6923185605379,763759392708,0,,正常,2026-04-29 09:52:32,无截图
拼多多,https://mobile.yangkeduo.com/goods.html?goods_id=761822913595,云米智能马桶 小鲸鱼 2 Pro,6923185654575,761822913595,0,,正常,2026-04-29 09:52:32,无截图
拼多多,https://mobile.yangkeduo.com/goods.html?goods_id=743885774552,云米蓝调智能门锁（基础版）,6923185655381,743885774552,0,,正常,2026-04-29 09:52:32,无截图
拼多多,https://mobile.yangkeduo.com/goods.html?goods_id=739863611562,云米AI油烟机 Smart 2 Pro,6923185653516,739863611562,0,,正常,2026-04-29 09:52:32,无截图
拼多多,https://mobile.yangkeduo.com/goods.html?goods_id=705715580268,智能门锁锂电池(5000mAh),6923185652953,705715580268,0,99,正常,2026-04-29 09:52:32,无截图
拼多多,https://mobile.yangkeduo.com/goods.html?goods_id=697436012016,【新品】云米120°超广角猫眼全自动智能门锁家用客厅室内高清大屏,697436012016,697436012016,0,,正常,2026-04-29 09:52:32,无截图
拼多多,https://mobile.yangkeduo.com/goods.html?goods_id=691819698413,云米电热水器50/60升洗澡家用浴室速热大容量省电防漏电警示安全,691819698413,691819698413,0,,正常,2026-04-29 09:52:32,无截图
拼多多,https://mobile.yangkeduo.com/goods.html?goods_id=661859626284,小海豚-40L-2000w热水器,6923185681281,661859626284,0,,正常,2026-04-29 09:52:32,无截图
拼多多,https://mobile.yangkeduo.com/goods.html?goods_id=657344402006,云米油烟机蓝调,6923185650973,657344402006,0,,正常,2026-04-29 09:52:32,无截图
拼多多,https://mobile.yangkeduo.com/goods.html?goods_id=635152751061,【全域烘干】云米全自动升降式智能室内嵌入式折叠晾衣机Super2Y,635152751061,635152751061,0,,正常,2026-04-29 09:52:32,无截图
拼多多,https://mobile.yangkeduo.com/goods.html?goods_id=620077061933,云米嵌入式冰洗套装500升超薄十字四门冰箱&12KG大容量洗烘一体,620077061933,620077061933,0,,正常,2026-04-29 09:52:32,无截图
拼多多,https://mobile.yangkeduo.com/goods.html?goods_id=620029199628,云米冰洗套装510升嵌入式风冷冰箱&12公斤大容量洗烘一体洗衣机,620029199628,620029199628,0,,正常,2026-04-29 09:52:32,无截图
拼多多,https://mobile.yangkeduo.com/goods.html?goods_id=618360171773,云米超薄烟灶热套装飓风吸力抽油烟机5.2KW聚能灶超薄双胆热水器,618360171773,618360171773,4999,,正常,2026-04-29 09:52:32,无截图
拼多多,https://mobile.yangkeduo.com/goods.html?goods_id=615426357041,云米空调1.5匹一级能效变频冷暖两用节能家用挂机 AI全域风Super3,615426357041,615426357041,0,,正常,2026-04-29 09:52:32,无截图
拼多多,https://mobile.yangkeduo.com/goods.html?goods_id=614821960857,云米大容量冰洗套装603升独立制冰冰箱&10KG全自动洗烘一体洗衣机,614821960857,614821960857,0,,正常,2026-04-29 09:52:32,无截图
拼多多,https://mobile.yangkeduo.com/goods.html?goods_id=614813745328,云米超薄嵌入式冰洗套餐500升风冷无霜冰箱&10公斤洗烘一体洗衣机,614813745328,614813745328,0,,正常,2026-04-29 09:52:32,无截图
拼多多,https://mobile.yangkeduo.com/goods.html?goods_id=604410073495,VIOMI云米冷热管线机饮水机壁挂式双出水台式管线机UV杀菌,604410073495,604410073495,2499,,正常,2026-04-29 09:52:32,无截图
拼多多,https://mobile.yangkeduo.com/goods.html?goods_id=602716906408,【升级】云米空调1.5匹智能变频冷暖新一级舒适风空调挂机 Smart3,602716906408,602716906408,0,,正常,2026-04-29 09:52:32,无截图
拼多多,https://mobile.yangkeduo.com/goods.html?goods_id=600491440603,【新品】云米空调1.5匹智能变频冷暖新三级舒适风空调挂机 Smart3,600491440603,600491440603,0,,正常,2026-04-29 09:52:32,无截图
拼多多,https://mobile.yangkeduo.com/goods.html?goods_id=600131174099,【美妆超薄零嵌】云米510升嵌入式双开门一级风冷无霜银离子冰箱,600131174099,600131174099,0,,正常,2026-04-29 09:52:32,无截图
拼多多,https://mobile.yangkeduo.com/goods.html?goods_id=583103526676,【新品上市】云米嵌入式母婴冰箱十字四开门家用变频风冷无霜513L,583103526676,583103526676,0,,正常,2026-04-29 09:52:32,无截图
拼多多,https://mobile.yangkeduo.com/goods.html?goods_id=573873753845,云米前置过滤器Super智能自动冲洗全屋前置净水器家用自来水冲洗,573873753845,573873753845,0,,正常,2026-04-29 09:52:32,无截图
拼多多,https://mobile.yangkeduo.com/goods.html?goods_id=551388417367,【田曦薇推荐】云米扫地机器人扫拖一体语音全自动智能吸尘器Pro,551388417367,551388417367,0,,正常,2026-04-29 09:52:32,无截图
拼多多,https://mobile.yangkeduo.com/goods.html?goods_id=540840221349,云米净水器家用厨下式直饮水过滤器RO反渗透无陈水母婴直饮1200G,540840221349,540840221349,2599,,正常,2026-04-29 09:52:32,无截图
拼多多,https://mobile.yangkeduo.com/goods.html?goods_id=539854309519,云米12KG滚筒洗衣机家用全自动大容量洗烘一体机防抖动超薄全嵌,539854309519,539854309519,0,,正常,2026-04-29 09:52:32,无截图
拼多多,https://mobile.yangkeduo.com/goods.html?goods_id=539850688350,【美妆超薄零嵌】云米冰箱609mm嵌入式风冷无霜AI双变频一级510升,539850688350,539850688350,0,,正常,2026-04-29 09:52:32,无截图
拼多多,https://mobile.yangkeduo.com/goods.html?goods_id=535675329481,云米石墨烯踢脚线电暖器加湿家用速热取暖器节能室内暖风机电暖气,535675329481,535675329481,0,,正常,2026-04-29 09:52:32,无截图
拼多多,https://mobile.yangkeduo.com/goods.html?goods_id=534931901352,云米净水器家用直饮ro反渗透SuperY 1200G管线机前置过滤器套装,534931901352,534931901352,3799,,正常,2026-04-29 09:52:32,无截图
拼多多,https://mobile.yangkeduo.com/goods.html?goods_id=525667451666,【大屏冰箱】云米超薄全嵌入式T型冰箱三门一级变频风冷无霜412升,525667451666,525667451666,0,,正常,2026-04-29 09:52:32,无截图
拼多多,https://mobile.yangkeduo.com/goods.html?goods_id=521949122103,云米一体智能马桶座圈加热一键清洗虹吸离座自动冲水小金龙增压版,521949122103,521949122103,0,,正常,2026-04-29 09:52:32,无截图
拼多多,https://mobile.yangkeduo.com/goods.html?goods_id=516748248645,云米电热水器8L小厨宝家用厨房速热储水式节能厨房神器VEW0831,516748248645,516748248645,0,,正常,2026-04-29 09:52:32,无截图
拼多多,https://mobile.yangkeduo.com/goods.html?goods_id=515237643272,云米电热水器AI美肤洗 780mm超薄 1级能效双胆三管速热 Super2Pro,515237643272,515237643272,0,,正常,2026-04-29 09:52:32,无截图
拼多多,https://mobile.yangkeduo.com/goods.html?goods_id=495274606168,【田曦薇推荐】云米智能洗地机超薄双贴边大吸力超长续航 Smart2,495274606168,495274606168,0,,正常,2026-04-29 09:52:32,无截图
拼多多,https://mobile.yangkeduo.com/goods.html?goods_id=490426355421,500L十字门冰箱,6923185651123,490426355421,0,,正常,2026-04-29 09:52:32,无截图
拼多多,https://mobile.yangkeduo.com/goods.html?goods_id=490150938954,【安享王空调3匹】云米柜机变频冷暖家用商用智能自清洁节能三级,490150938954,490150938954,0,,正常,2026-04-29 09:52:32,无截图
拼多多,https://mobile.yangkeduo.com/goods.html?goods_id=490111298360,云米家用空调1.5匹变频冷暖自清洁手机联网AI静音节能挂机新三级,490111298360,490111298360,0,,正常,2026-04-29 09:52:32,无截图
拼多多,https://mobile.yangkeduo.com/goods.html?goods_id=490081202590,云米即热恒温4档烘干 9重安全防护 智能低压系统 Nano2E,490081202590,490081202590,0,,正常,2026-04-29 09:52:32,无截图
拼多多,https://mobile.yangkeduo.com/goods.html?goods_id=484037745334,云米AI燃气灶power 5.0（天然气）,6923185654377,484037745334,0,,正常,2026-04-29 09:52:32,无截图
拼多多,https://mobile.yangkeduo.com/goods.html?goods_id=480070620581,【冷热直饮套装】云米净水器家用厨下管线机套装一键即热制冷直饮,480070620581,480070620581,0,,正常,2026-04-29 09:52:32,无截图
拼多多,https://mobile.yangkeduo.com/goods.html?goods_id=472256690941,云米智能马桶即热活水清洗家用卫生间恒温烘干抗菌低压系统Nano2E,472256690941,472256690941,0,,正常,2026-04-29 09:52:32,无截图
拼多多,https://mobile.yangkeduo.com/goods.html?goods_id=466437108089,云米TDS水质检测笔测水质仪饮用水检测器家用自来水水质测试仪器,466437108089,466437108089,0,,正常,2026-04-29 09:52:32,无截图
拼多多,https://mobile.yangkeduo.com/goods.html?goods_id=463332030781,【吸扫拖3合1】云米全自动集尘扫地吸尘机器人alpha2pro清洁一体,463332030781,463332030781,0,,正常,2026-04-29 09:52:32,无截图
拼多多,https://mobile.yangkeduo.com/goods.html?goods_id=452924828720,云米净饮一体机台式净水器即热型饮水机家用免安装X2minimango,452924828720,452924828720,0,,正常,2026-04-29 09:52:32,无截图
拼多多,https://mobile.yangkeduo.com/goods.html?goods_id=431395946988,云米侧吸烟灶套装大吸力抽油烟机5.0KW燃气灶厨房家用智能wingS1,431395946988,431395946988,0,,正常,2026-04-29 09:52:32,无截图
拼多多,https://mobile.yangkeduo.com/goods.html?goods_id=427349642190,（有）云米净饮一体机台式净水器即热型饮水机净水器水过滤机,427349642190,427349642190,0,,正常,2026-04-29 09:52:32,无截图
拼多多,https://mobile.yangkeduo.com/goods.html?goods_id=423988590355,云米净水器super Y 1200G滤芯复合滤芯RO滤芯,423988590355,423988590355,0,,正常,2026-04-29 09:52:32,无截图
拼多多,https://mobile.yangkeduo.com/goods.html?goods_id=423724952357,云米燃气热水器即热零冷水双增压 3重防冻 4段燃烧 5重净化 Super,423724952357,423724952357,0,,正常,2026-04-29 09:52:32,无截图
拼多多,https://mobile.yangkeduo.com/goods.html?goods_id=414747194884,云米净饮一体机台式净水器即热型饮水机家用免安装X2加一支滤芯套,414747194884,414747194884,1199,,正常,2026-04-29 09:52:32,无截图
拼多多,https://mobile.yangkeduo.com/goods.html?goods_id=413986425773,蓝调智能门锁（人脸猫眼版）,6923185654650,413986425773,0,,正常,2026-04-29 09:52:32,无截图
拼多多,https://mobile.yangkeduo.com/goods.html?goods_id=408451368894,云米智能全自动一体马桶恒温座圈臀部清洗虹吸自动冲水家用小金龙,408451368894,408451368894,0,,正常,2026-04-29 09:52:32,无截图
拼多多,https://mobile.yangkeduo.com/goods.html?goods_id=407741710364,云米25m³顶侧爆吸大吸力智目吸烟机 5.2KW聚能猛火灶烟灶套装家用,407741710364,407741710364,3699,,正常,2026-04-29 09:52:32,无截图
拼多多,https://mobile.yangkeduo.com/goods.html?goods_id=405167616548,云米净水器家用直饮厨下式RO反渗透超滤净水机无桶小白龙800G,405167616548,405167616548,0,,正常,2026-04-29 09:52:32,无截图
拼多多,https://mobile.yangkeduo.com/goods.html?goods_id=405069782417,【升级小海豚】云米净水器800G通量&竹炭滤芯厨下式RO反渗透家用,405069782417,405069782417,1099,,正常,2026-04-29 09:52:32,无截图
拼多多,https://mobile.yangkeduo.com/goods.html?goods_id=403868159413,云米蒸烤一体机厨房家用嵌入式蒸烤箱45L大蒸汽电烤箱VSO4501-B,403868159413,403868159413,0,,正常,2026-04-29 09:52:32,无截图
拼多多,https://mobile.yangkeduo.com/goods.html?goods_id=391465779831,云米热水器13L家用智能洗澡燃气热水器水气双调恒温液化气,391465779831,391465779831,0,,正常,2026-04-29 09:52:32,无截图
拼多多,https://mobile.yangkeduo.com/goods.html?goods_id=383502560587,【田曦薇推荐】云米落地扇直流变频台立两用无极调速小爱语音联网,383502560587,383502560587,0,,正常,2026-04-29 09:52:32,无截图
拼多多,https://mobile.yangkeduo.com/goods.html?goods_id=383400493031,云米智能即热式家用饮水机1键即热电热水壶Tee mini 1.8L水吧,383400493031,383400493031,0,,正常,2026-04-29 09:52:32,无截图
拼多多,https://mobile.yangkeduo.com/goods.html?goods_id=382839923175,云米顶侧双吸烟灶套装22m³大吸力抽油烟机聚能猛火灶节能燃气家用,382839923175,382839923175,1899,,正常,2026-04-29 09:52:32,无截图
拼多多,https://mobile.yangkeduo.com/goods.html?goods_id=382544460689,【杀毒王2匹】云米家用空调变频冷暖柜机立式客厅智能节能 新三级,382544460689,382544460689,0,,正常,2026-04-29 09:52:32,无截图
拼多多,https://mobile.yangkeduo.com/goods.html?goods_id=376344667102,云米1.5匹家用新风语音空调变频冷暖新一级能效智能恒温免孔安装,376344667102,376344667102,0,,正常,2026-04-29 09:52:32,无截图
拼多多,https://mobile.yangkeduo.com/goods.html?goods_id=375507459489,云米管线机家用直饮机壁挂式UV杀菌加热一体机厨房加热饮水机MG2B,375507459489,375507459489,0,,正常,2026-04-29 09:52:32,无截图
拼多多,https://mobile.yangkeduo.com/goods.html?goods_id=369184383310,【吸扫拖三合一】云米全自动扫地机器人鲸吸扫地拖地吸尘 Alpha3,369184383310,369184383310,0,,正常,2026-04-29 09:52:32,无截图
拼多多,https://mobile.yangkeduo.com/goods.html?goods_id=366671128859,【干湿分储】云米冰箱超薄变频一级风冷无霜十字冰箱四开门 546升,366671128859,366671128859,0,,正常,2026-04-29 09:52:32,无截图
拼多多,https://mobile.yangkeduo.com/goods.html?goods_id=365033069371,云米全自动智能门锁密码锁家用电子锁防盗指纹锁超长续航eLink 2C,365033069371,365033069371,0,,正常,2026-04-29 09:52:32,无截图
拼多多,https://mobile.yangkeduo.com/goods.html?goods_id=365007215970,云米Super Y1200G大通量厨下净水器RO反渗透管线机前置过滤器套装,365007215970,365007215970,3099,,正常,2026-04-29 09:52:32,无截图
拼多多,https://mobile.yangkeduo.com/goods.html?goods_id=364990106384,"即热1000G,MAIN84",6923185651116,364990106384,0,1899,正常,2026-04-29 09:52:32,无截图
拼多多,https://mobile.yangkeduo.com/goods.html?goods_id=356164755389,【全屋净水三件套装】云米净水器管线机前置过滤器即热小海豚600G,356164755389,356164755389,0,,正常,2026-04-29 09:52:32,无截图
拼多多,https://mobile.yangkeduo.com/goods.html?goods_id=355550841910,【鲜活营养守护先锋奖】云米延鲜AI冰箱一级双变频风冷无霜636升,355550841910,355550841910,0,,正常,2026-04-29 09:52:32,无截图
拼多多,https://mobile.yangkeduo.com/goods.html?goods_id=339737903336,【智能声控】云米家用晾衣架电动晾衣机阳台全自动升降Smart S,339737903336,339737903336,0,,正常,2026-04-29 09:52:32,无截图
拼多多,https://mobile.yangkeduo.com/goods.html?goods_id=338636261947,【1键智洗】云米洗衣机全自动8公斤波轮租房家用防缠绕洗脱一体,338636261947,338636261947,0,,正常,2026-04-29 09:52:32,无截图
拼多多,https://mobile.yangkeduo.com/goods.html?goods_id=325803370945,【杀菌】云米空调大3匹柜机一级家用变频冷暖客厅变频冷暖自清洁,325803370945,325803370945,0,,正常,2026-04-29 09:52:32,无截图
拼多多,https://mobile.yangkeduo.com/goods.html?goods_id=325232192898,冰箱603,6923185650935,325232192898,0,,正常,2026-04-29 09:52:32,无截图
拼多多,https://mobile.yangkeduo.com/goods.html?goods_id=309984364103,云米智能烘干晾衣架语音声控离线全自动升降阳台LED照明Smart超薄,309984364103,309984364103,0,,正常,2026-04-29 09:52:32,无截图
拼多多,https://mobile.yangkeduo.com/goods.html?goods_id=296957182528,复合滤芯,"6923185600138,6923185600145",296957182528,999,,正常,2026-04-29 09:52:32,无截图
拼多多,https://mobile.yangkeduo.com/goods.html?goods_id=293928589058,云米大吸力侧吸烟灶套装抽油烟机猛火燃气灶装嵌入式节能家用厨房,293928589058,293928589058,0,,正常,2026-04-29 09:52:32,无截图
拼多多,https://mobile.yangkeduo.com/goods.html?goods_id=291146640482,云米净水器滤芯家用通用系列厨下1A1号2号滤芯RO反渗透滤芯复合,291146640482,291146640482,499,,正常,2026-04-29 09:52:32,无截图
拼多多,https://mobile.yangkeduo.com/goods.html?goods_id=291141614396,F3-五合一,6923185614258,291141614396,499,298,高价待调整,2026-04-29 09:52:32,无截图
拼多多,https://mobile.yangkeduo.com/goods.html?goods_id=290543633215,复合滤芯,"6923185614258,6923185616177",290543633215,0,,正常,2026-04-29 09:52:32,无截图
拼多多,https://mobile.yangkeduo.com/goods.html?goods_id=289678345008,【内衣母婴专属】云米1KG迷你洗衣机家用全自动洗脱一体除菌波轮,289678345008,289678345008,0,,正常,2026-04-29 09:52:32,无截图
拼多多,https://mobile.yangkeduo.com/goods.html?goods_id=289613839419,【智能双投放】云米洗衣机10公斤洗烘一体变频一级能效全自动滚筒,289613839419,289613839419,0,,正常,2026-04-29 09:52:32,无截图
拼多多,https://mobile.yangkeduo.com/goods.html?goods_id=289608993802,【超薄洗衣机】云米洗衣机全自动10公斤滚筒47CM超薄洗脱一体,289608993802,289608993802,0,,正常,2026-04-29 09:52:32,无截图
拼多多,https://mobile.yangkeduo.com/goods.html?goods_id=289729238975,【杀毒王3匹】云米家用空调变频冷暖柜机立式客厅智能节能新三级,289729238975,289729238975,0,,正常,2026-04-29 09:52:32,无截图
拼多多,https://mobile.yangkeduo.com/goods.html?goods_id=283191769057,云米互联网洗碗机4套台面式免安装智能语音控制高温消毒杀菌烘干,283191769057,283191769057,0,,正常,2026-04-29 09:52:32,无截图
拼多多,https://mobile.yangkeduo.com/goods.html?goods_id=276965357470,云米598升双开门对开门变频一级能效风冷无霜超薄嵌入式智能冰箱,276965357470,276965357470,0,,正常,2026-04-29 09:52:32,无截图
拼多多,https://mobile.yangkeduo.com/goods.html?goods_id=276658474666,【全屋智能】云米净饮一体机X2Pro台式免安装净水器即热式饮水机,276658474666,276658474666,0,,正常,2026-04-29 09:52:32,无截图
拼多多,https://mobile.yangkeduo.com/goods.html?goods_id=273348857003,云米蓝调智能门锁（基础版）,6923185655381,273348857003,0,,正常,2026-04-29 09:52:32,无截图
拼多多,https://mobile.yangkeduo.com/goods.html?goods_id=268591343924,云米顶侧大吸力抽油烟机聚能猛火灶智能家用厨房烟灶套装flash2,268591343924,268591343924,2899,,正常,2026-04-29 09:52:32,无截图
拼多多,https://mobile.yangkeduo.com/goods.html?goods_id=264080849667,霸王锁体,6923185622154,264080849667,0,150,正常,2026-04-29 09:52:32,无截图
拼多多,https://mobile.yangkeduo.com/goods.html?goods_id=259795065484,【杀毒王】云米空调1.5匹变频冷暖1级能效杀病毒循环除菌 Super2s,259795065484,259795065484,0,,正常,2026-04-29 09:52:32,无截图
拼多多,https://mobile.yangkeduo.com/goods.html?goods_id=259115850200,蓝调智能门锁（3D人脸版）,6923185654643,259115850200,0,,正常,2026-04-29 09:52:32,无截图
拼多多,https://mobile.yangkeduo.com/goods.html?goods_id=258855020077,云米456升超薄嵌入式对开门双开门变频风冷无霜智能家用电冰箱,258855020077,258855020077,1899,,正常,2026-04-29 09:52:32,无截图
拼多多,https://mobile.yangkeduo.com/goods.html?goods_id=251420900843,【田曦薇推荐】云米负离子空气循环扇大学生宿舍家用直流变频风扇,251420900843,251420900843,0,,正常,2026-04-29 09:52:32,无截图
拼多多,https://mobile.yangkeduo.com/goods.html?goods_id=249751266813,【DD直驱超薄】云米洗衣机洗烘一体全自动一级能效智能滚筒10公斤,249751266813,249751266813,0,,正常,2026-04-29 09:52:32,无截图
拼多多,https://mobile.yangkeduo.com/goods.html?goods_id=247862575297,【DD直驱智能双投放】云米洗衣机全自动10KG一级能效洗脱一体滚筒,247862575297,247862575297,0,,正常,2026-04-29 09:52:32,无截图
拼多多,https://mobile.yangkeduo.com/goods.html?goods_id=247228990842,云米智能马桶抗菌座圈恒温即热双增压自动冲水烘干坐便器Nano2,247228990842,247228990842,0,,正常,2026-04-29 09:52:32,无截图
拼多多,https://mobile.yangkeduo.com/goods.html?goods_id=246986456918,【小海豚1000G管线机套装】云米净水器家用厨下一键即热制冷直饮,246986456918,246986456918,2199,,正常,2026-04-29 09:52:32,无截图
拼多多,https://mobile.yangkeduo.com/goods.html?goods_id=245465996610,云米管线机壁挂台式两用冷热开水机家用调温即热饮水机带uv杀菌,245465996610,245465996610,0,,正常,2026-04-29 09:52:32,无截图
拼多多,https://mobile.yangkeduo.com/goods.html?goods_id=245015637978,云米电热水器蓝调3200W安全速热卫生间洗澡8倍大水量抑菌水质可视,245015637978,245015637978,1099,,正常,2026-04-29 09:52:32,无截图
拼多多,https://mobile.yangkeduo.com/goods.html?goods_id=245008294548,云米大容量洗碗机10套家用嵌入式智目洗全自动热风烘干除菌消毒,245008294548,245008294548,0,,正常,2026-04-29 09:52:32,无截图
拼多多,https://mobile.yangkeduo.com/goods.html?goods_id=243153009643,云米净饮机X2系列滤芯X2mini mango复合滤芯5in1/6in1 RO反渗透,243153009643,243153009643,288,,正常,2026-04-29 09:52:32,无截图
拼多多,https://mobile.yangkeduo.com/goods.html?goods_id=241667411785,云米即热式饮水机1键即热水吧3档控温4L大容量台式免安装,241667411785,241667411785,0,,正常,2026-04-29 09:52:32,无截图
拼多多,https://mobile.yangkeduo.com/goods.html?goods_id=237591380789,云米全自动智能马桶水箱泡沫盾抗菌即热恒温座圈离座冲水小鲸鱼2,237591380789,237591380789,0,,正常,2026-04-29 09:52:32,无截图
拼多多,https://mobile.yangkeduo.com/goods.html?goods_id=237590247709,【1小时洗烘】云米全自动洗衣机1级能效10公斤洗烘一体烘干机滚筒,237590247709,237590247709,0,,正常,2026-04-29 09:52:32,无截图
拼多多,https://mobile.yangkeduo.com/goods.html?goods_id=231833573024,小烤箱6L,6923185603221,231833573024,0,174,正常,2026-04-29 09:52:32,无截图
拼多多,https://mobile.yangkeduo.com/goods.html?goods_id=228907185185,云米16L零冷水燃气热水器家用智能变频即热水气双调恒温安全防冻,228907185185,228907185185,0,,正常,2026-04-29 09:52:32,无截图
拼多多,https://mobile.yangkeduo.com/goods.html?goods_id=227970049599,云米净水器水龙头过滤器自来水家用厨房超滤滤水器前置净化器,227970049599,227970049599,0,,正常,2026-04-29 09:52:32,无截图
拼多多,https://mobile.yangkeduo.com/goods.html?goods_id=226771358169,1云米净水器家用厨房农村水龙头过滤器自来水净化器MT1/2,226771358169,226771358169,128,,正常,2026-04-29 09:52:32,无截图
拼多多,https://mobile.yangkeduo.com/goods.html?goods_id=223485946991,云米智能洗碗机10套热风烘干消毒嵌入式洗烘存一体家用IronA1,223485946991,223485946991,0,,正常,2026-04-29 09:52:32,无截图
拼多多,https://mobile.yangkeduo.com/goods.html?goods_id=225501370546,小海豚3,6923185605867,225501370546,999,499,高价待调整,2026-04-29 09:52:32,无截图
拼多多,https://mobile.yangkeduo.com/goods.html?goods_id=224216987554,云米净水器滤芯S2、Fast厨下1A400G600G 1号复合滤芯RO反渗透滤芯,224216987554,224216987554,499,,正常,2026-04-29 09:52:32,无截图
拼多多,https://mobile.yangkeduo.com/goods.html?goods_id=223686266452,云米全自动滚筒洗衣机10KG洗烘一体除菌家用智能投放超薄嵌入M2,223686266452,223686266452,0,,正常,2026-04-29 09:52:32,无截图
拼多多,https://mobile.yangkeduo.com/goods.html?goods_id=223486025603,云米互联网洗碗机全自动家用8套热风烘干消毒嵌入式Iron X1,223486025603,223486025603,0,,正常,2026-04-29 09:52:32,无截图
拼多多,https://mobile.yangkeduo.com/goods.html?goods_id=222446512832,【冷酷王】云米大一匹单冷空调独立除湿秒速制冷家用卧室节能变频,222446512832,222446512832,0,,正常,2026-04-29 09:52:32,无截图
拼多多,https://mobile.yangkeduo.com/goods.html?goods_id=221876010591,云米净水器家用直饮RO反渗透净饮一体净水机滤芯1200GSuper2max,221876010591,221876010591,0,,正常,2026-04-29 09:52:32,无截图
拼多多,https://mobile.yangkeduo.com/goods.html?goods_id=221842463604,1小米云米净水器RO反渗透纯水机厨下家用直饮过滤器饮水机600加仑,221842463604,221842463604,0,,正常,2026-04-29 09:52:32,无截图
拼多多,https://mobile.yangkeduo.com/goods.html?goods_id=221686401936,【空调套装】云米空调3室1厅组合 新1级能效3P柜机+新1级1.5P挂机,221686401936,221686401936,0,,正常,2026-04-29 09:52:32,无截图
拼多多,https://mobile.yangkeduo.com/goods.html?goods_id=221565163539,【语音柔风王】云米空调柜机冷暖双变频一级能效客厅立式智能空调,221565163539,221565163539,0,,正常,2026-04-29 09:52:32,无截图
拼多多,https://mobile.yangkeduo.com/goods.html?goods_id=220936223742,云米燃气热水器变频恒温8大安全防护 家用节能防冻速热FireC113L,220936223742,220936223742,1399,,正常,2026-04-29 09:52:32,无截图
拼多多,https://mobile.yangkeduo.com/goods.html?goods_id=220867531419,"(X2Pro链接,少量差评可做备选)云米净饮一体机X2mini Mango",220867531419,220867531419,0,,正常,2026-04-29 09:52:32,无截图
拼多多,https://mobile.yangkeduo.com/goods.html?goods_id=220820325711,云米消毒柜（嵌入式）云米版,6923185604303,220820325711,0,,正常,2026-04-29 09:52:32,无截图
拼多多,https://mobile.yangkeduo.com/goods.html?goods_id=219691919640,【阳光暖烘】云米智能晾衣架全自动升降联网烘干电动晾衣机阳台,219691919640,219691919640,0,,正常,2026-04-29 09:52:32,无截图
拼多多,https://mobile.yangkeduo.com/goods.html?goods_id=219492848549,云米家用门锁智能锁指纹密码锁防盗门电子门锁全自动推拉门锁,219492848549,219492848549,0,,正常,2026-04-29 09:52:32,无截图
拼多多,https://mobile.yangkeduo.com/goods.html?goods_id=219486126363,flash烟机,6923185613664,219486126363,0,,正常,2026-04-29 09:52:32,无截图
拼多多,https://mobile.yangkeduo.com/goods.html?goods_id=217541928957,云米真空保温杯轻便携不锈钢大学生自习室茶杯300ml,217541928957,217541928957,0,,正常,2026-04-29 09:52:32,无截图
拼多多,https://mobile.yangkeduo.com/goods.html?goods_id=217105737391,云米智能马桶浴霸套装 即热全自动座便器  小爱语音浴霸 卫浴套装,217105737391,217105737391,0,,正常,2026-04-29 09:52:32,无截图
拼多多,https://mobile.yangkeduo.com/goods.html?goods_id=215991927819,【烟灶联动】云米顶侧3吸大吸力抽油烟机聚能燃气灶烟灶套装Super,215991927819,215991927819,2699,,正常,2026-04-29 09:52:32,无截图
拼多多,https://mobile.yangkeduo.com/goods.html?goods_id=215505605173,【上门安装】云米电热水器安全速热家用洗澡储水式省电VEW605A,215505605173,215505605173,599,,正常,2026-04-29 09:52:32,无截图
拼多多,https://mobile.yangkeduo.com/goods.html?goods_id=215498018054,【空调套装】云米空调1室1厅组合 新1级能效2P柜机+新1级1.5P挂机,215498018054,215498018054,0,,正常,2026-04-29 09:52:32,无截图
拼多多,https://mobile.yangkeduo.com/goods.html?goods_id=214448170082,云米即热水吧办公室台式免安装宿舍小型饮水机2.5L大容量烧热水壶,214448170082,214448170082,0,,正常,2026-04-29 09:52:32,无截图
拼多多,https://mobile.yangkeduo.com/goods.html?goods_id=213946234221,云米无线手持吸尘器家用立式除螨大吸力吸尘机A9长续航宠物家庭,213946234221,213946234221,0,,正常,2026-04-29 09:52:32,无截图
拼多多,https://mobile.yangkeduo.com/goods.html?goods_id=212124982919,云米踢脚线电暖器家用客厅节能速热加湿取暖器语音控制智能定时,212124982919,212124982919,0,,正常,2026-04-29 09:52:32,无截图
拼多多,https://mobile.yangkeduo.com/goods.html?goods_id=211439538390,云米即热饮水机1键即热水吧4档控温4L大容量台式免安装,211439538390,211439538390,0,,正常,2026-04-29 09:52:32,无截图
拼多多,https://mobile.yangkeduo.com/goods.html?goods_id=209415771537,【声控晾衣架】云米智能电动晾衣架无线遥控大容量自动升降控制,209415771537,209415771537,0,,正常,2026-04-29 09:52:32,无截图
拼多多,https://mobile.yangkeduo.com/goods.html?goods_id=209406625494,蓝调智能门锁（大屏猫眼版）,6923185654667,209406625494,0,,正常,2026-04-29 09:52:32,无截图
拼多多,https://mobile.yangkeduo.com/goods.html?goods_id=208077402678,【柔风王】云米空调1.5匹新1级能效变频冷暖超大导板挂机 Smart2S,208077402678,208077402678,0,,正常,2026-04-29 09:52:32,无截图
拼多多,https://mobile.yangkeduo.com/goods.html?goods_id=208074025148,云米净水器600G小海豚厨下式RO反渗透直饮过滤器净饮机家用出租屋,208074025148,208074025148,1299,,正常,2026-04-29 09:52:32,无截图
拼多多,https://mobile.yangkeduo.com/goods.html?goods_id=208071231700,云米60L速热电热水器3000W一级节能变频增容租房安全已接入米家AP,208071231700,208071231700,0,,正常,2026-04-29 09:52:32,无截图
拼多多,https://mobile.yangkeduo.com/goods.html?goods_id=208069905615,【杀病毒空调】云米大1匹空调变频冷暖自动调温一级能效 Super2s,208069905615,208069905615,0,,正常,2026-04-29 09:52:32,无截图
拼多多,https://mobile.yangkeduo.com/goods.html?goods_id=207799885384,【超薄除螨】云米家用全自动洗烘一体10公斤洗衣机滚筒 Master S,207799885384,207799885384,0,,正常,2026-04-29 09:52:32,无截图
拼多多,https://mobile.yangkeduo.com/goods.html?goods_id=207783866280,【超窄冰箱】云米冰箱风冷无霜AI双变频78CM超窄对开门电冰箱436L,207783866280,207783866280,0,,正常,2026-04-29 09:52:32,无截图
拼多多,https://mobile.yangkeduo.com/goods.html?goods_id=207250698147,400加仑智能净水器 RO反渗透纯水机无桶 MR432-D,207250698147,207250698147,0,,正常,2026-04-29 09:52:32,无截图
拼多多,https://mobile.yangkeduo.com/goods.html?goods_id=205628593157,云米滚筒10kg大容量家用全自动洗烘一体洗衣机除菌节能智能互联,205628593157,205628593157,0,,正常,2026-04-29 09:52:32,无截图
拼多多,https://mobile.yangkeduo.com/goods.html?goods_id=205463909525,【十字冰箱】云米十字四开门冰箱精细分储AI双变频风冷无霜410升,205463909525,205463909525,0,,正常,2026-04-29 09:52:32,无截图
拼多多,https://mobile.yangkeduo.com/goods.html?goods_id=205442655354,【超薄冰箱】云米冰箱嵌入式双开门变频风冷无霜大容量对开456升,205442655354,205442655354,0,,正常,2026-04-29 09:52:32,无截图
拼多多,https://mobile.yangkeduo.com/goods.html?goods_id=205451808289,小厨宝,6923185611233,205451808289,0,,正常,2026-04-29 09:52:32,无截图
拼多多,https://mobile.yangkeduo.com/goods.html?goods_id=205467667434,[新品上市]VIOMI 云米净水器600G小海豚3厨下式RO反渗透直饮家用,205467667434,205467667434,998,,正常,2026-04-29 09:52:32,无截图
拼多多,https://mobile.yangkeduo.com/goods.html?goods_id=205378217791,1级能效云米燃气灶 可联网 10重安保 厨房灶具 天然气猛火灶4500W,205378217791,205378217791,0,,正常,2026-04-29 09:52:32,无截图
拼多多,https://mobile.yangkeduo.com/goods.html?goods_id=205448553075,云米电热水器VEW605家用小型储水速热节能漏电保护60L,205448553075,205448553075,749,,正常,2026-04-29 09:52:32,无截图
拼多多,https://mobile.yangkeduo.com/goods.html?goods_id=205458105137,小海豚2 1000G,6923185654865,205458105137,0,899,正常,2026-04-29 09:52:32,无截图
拼多多2,https://mobile.yangkeduo.com/goods.html?goods_id=942754114793,云米AI燃气热水器 智控恒温防冻节能安全水质净化精准控温13L强排,942754114793,942754114793,0,,正常,2026-04-29 09:55:01,无截图
拼多多2,https://mobile.yangkeduo.com/goods.html?goods_id=942740482351,云米AI燃气热水器 智控恒温防冻节能安全水质净化精准控温13L强排,942740482351,942740482351,0,,正常,2026-04-29 09:55:01,无截图
拼多多2,https://mobile.yangkeduo.com/goods.html?goods_id=942656610557,云米即热净水器厨房家用直饮RO反渗透加热净饮一体机1000G,942656610557,942656610557,0,,正常,2026-04-29 09:55:01,无截图
拼多多2,https://mobile.yangkeduo.com/goods.html?goods_id=939930331098,VIOMI云米 滤芯 反渗透滤芯RO膜,939930331098,939930331098,598,,正常,2026-04-29 09:55:01,无截图
拼多多2,https://mobile.yangkeduo.com/goods.html?goods_id=939928309801,VIOMI云米 滤芯 反渗透滤芯RO膜,939928309801,939928309801,598,,正常,2026-04-29 09:55:01,无截图
拼多多2,https://mobile.yangkeduo.com/goods.html?goods_id=939760939921,云米净水器Super2Y1200G家用直饮厨下式RO反渗透鲜活泉无陈水,939760939921,939760939921,0,,正常,2026-04-29 09:55:01,无截图
拼多多2,https://mobile.yangkeduo.com/goods.html?goods_id=932391238524,VIOMI 云米净水器小海豚3 厨下式RO反渗透直饮家用 无罐一体式,932391238524,932391238524,0,,正常,2026-04-29 09:55:01,无截图
拼多多2,https://mobile.yangkeduo.com/goods.html?goods_id=931163598005,云米净水器Super2Y1200G家用直饮厨下式RO反渗透鲜活泉无陈水,931163598005,931163598005,0,,正常,2026-04-29 09:55:01,无截图
拼多多2,https://mobile.yangkeduo.com/goods.html?goods_id=926760918505,VIOMI云米净水器小海豚600G+升级版厨下式 RO 反渗透直饮家用,926760918505,926760918505,0,,正常,2026-04-29 09:55:01,无截图
拼多多2,https://mobile.yangkeduo.com/goods.html?goods_id=926574119933,昆仑4弱碱 1400G,6923185655718,926574119933,0,3599,正常,2026-04-29 09:55:01,无截图
拼多多2,https://mobile.yangkeduo.com/goods.html?goods_id=926440536018,云米小厨宝6L电热水器厨房卫生间出水恒温储水式小型速热神器加热,926440536018,926440536018,0,,正常,2026-04-29 09:55:01,无截图
拼多多2,https://mobile.yangkeduo.com/goods.html?goods_id=925977908012,云米昆仑3矿泉净水器2S Pro,6923185656593,925977908012,0,2899,正常,2026-04-29 09:55:01,无截图
拼多多2,https://mobile.yangkeduo.com/goods.html?goods_id=925958299439,云米(VIOMI) 家用昆仑4弱碱1200G 矿物质直饮反渗透厨下过滤器,925958299439,925958299439,0,,正常,2026-04-29 09:55:01,无截图
拼多多2,https://mobile.yangkeduo.com/goods.html?goods_id=925904229459,VIOMI云米净水器600G小蓝调厨下式RO反渗透直饮家用6年长效,925904229459,925904229459,0,,正常,2026-04-29 09:55:01,无截图
拼多多2,https://mobile.yangkeduo.com/goods.html?goods_id=925874862450,小京龙Pro1100G,6923185655220,925874862450,0,1099,正常,2026-04-29 09:55:01,无截图
拼多多2,https://mobile.yangkeduo.com/goods.html?goods_id=925737084752,门锁普通版E30,6923185656074,925737084752,0,,正常,2026-04-29 09:55:01,无截图
拼多多2,https://mobile.yangkeduo.com/goods.html?goods_id=916998985237,云米(VIOMI)净水机昆仑3 2E净矿1000G净水器 6年RO膜 接入米家,916998985237,916998985237,0,,正常,2026-04-29 09:55:01,无截图
拼多多2,https://mobile.yangkeduo.com/goods.html?goods_id=925730122772,蓝调智能门锁（大屏猫眼版）,6923185654667,925730122772,0,,正常,2026-04-29 09:55:01,无截图
拼多多2,https://mobile.yangkeduo.com/goods.html?goods_id=925730329478,云米蓝调智能门锁（基础版）,6923185655381,925730329478,0,,正常,2026-04-29 09:55:01,无截图
拼多多2,https://mobile.yangkeduo.com/goods.html?goods_id=925731404024,门锁掌静脉,6923185655398,925731404024,0,,正常,2026-04-29 09:55:01,无截图
拼多多2,https://mobile.yangkeduo.com/goods.html?goods_id=925231209174,蓝调智能门锁（人脸猫眼版）,6923185654650,925231209174,0,,正常,2026-04-29 09:55:01,无截图
拼多多2,https://mobile.yangkeduo.com/goods.html?goods_id=925230364669,蓝调智能门锁（3D人脸版）,6923185654643,925230364669,0,,正常,2026-04-29 09:55:01,无截图
拼多多2,https://mobile.yangkeduo.com/goods.html?goods_id=920795499656,VIOMI云米小海豚3净水器5年长效RO反渗透厨下一体机水过滤大通量,920795499656,920795499656,0,,正常,2026-04-29 09:55:01,无截图
拼多多2,https://mobile.yangkeduo.com/goods.html?goods_id=920088070226,云米新品鲲鹏PRO油烟机28m³大吸力易清洁挥手智控烟灶联动小噪音,920088070226,920088070226,0,,正常,2026-04-29 09:55:01,无截图
拼多多2,https://mobile.yangkeduo.com/goods.html?goods_id=918828889854,VIOMI云米净水器600G小蓝调厨下式RO反渗透直饮家用6年长效,918828889854,918828889854,0,,正常,2026-04-29 09:55:01,无截图
拼多多2,https://mobile.yangkeduo.com/goods.html?goods_id=917044137245,云米前置过滤器家用自来水前置净水器自动反冲洗全屋净水机大流量,917044137245,917044137245,0,,正常,2026-04-29 09:55:01,无截图
拼多多2,https://mobile.yangkeduo.com/goods.html?goods_id=917042534932,云米前置过滤器家用自来水前置净水器自动反冲洗全屋净水机大流量,917042534932,917042534932,0,,正常,2026-04-29 09:55:01,无截图
拼多多2,https://mobile.yangkeduo.com/goods.html?goods_id=917038452382,小海豚+管线机,"S2405281401001,S2407170910001",917038452382,0,,正常,2026-04-29 09:55:01,无截图
拼多多2,https://mobile.yangkeduo.com/goods.html?goods_id=917034829515,管线机2E,6923185650966,917034829515,0,1599,正常,2026-04-29 09:55:01,无截图
拼多多2,https://mobile.yangkeduo.com/goods.html?goods_id=917032713009,管线机2S,6923185652526,917032713009,0,1699,正常,2026-04-29 09:55:01,无截图
拼多多2,https://mobile.yangkeduo.com/goods.html?goods_id=917031150770,云米·泉先AI净水器蓝调600G+,6923185653592,917031150770,0,999,正常,2026-04-29 09:55:01,无截图
拼多多2,https://mobile.yangkeduo.com/goods.html?goods_id=917001945930,云米矿泉台式净饮机即热式饮水机直饮家用矿化加热一体机净水器,917001945930,917001945930,0,,正常,2026-04-29 09:55:01,无截图
拼多多2,https://mobile.yangkeduo.com/goods.html?goods_id=916996455515,云米AI冷热管线机Super2 Pro,6923185655794,916996455515,0,1999,正常,2026-04-29 09:55:01,无截图
拼多多2,https://mobile.yangkeduo.com/goods.html?goods_id=916452280972,900G,6923185654292,916452280972,0,1499,正常,2026-04-29 09:55:01,无截图
拼多多2,https://mobile.yangkeduo.com/goods.html?goods_id=916441693850,云米(VIOMI) 小海豚PRO 家用净水机 净水器 反渗透大通量 RO膜,916441693850,916441693850,0,,正常,2026-04-29 09:55:01,无截图
拼多多2,https://mobile.yangkeduo.com/goods.html?goods_id=916398420768,复合滤芯,"6923185614258,6923185615750,6923185614265",916398420768,128.98,,百亿活动相关,2026-04-29 09:55:01,无截图
拼多多2,https://mobile.yangkeduo.com/goods.html?goods_id=915797572693,600G滤芯套餐,S2412282008001,915797572693,0,,正常,2026-04-29 09:55:01,无截图
拼多多2,https://mobile.yangkeduo.com/goods.html?goods_id=885690465484,小海豚600G+,6923185653684,885690465484,0,559,正常,2026-04-29 09:55:01,无截图
拼多多2,https://mobile.yangkeduo.com/goods.html?goods_id=882919216767,小白龙 800G+,6923185653974,882919216767,0,1299,正常,2026-04-29 09:55:01,无截图
拼多多2,https://mobile.yangkeduo.com/goods.html?goods_id=879245702873,VIOMI云米小海豚3净水器5年长效RO反渗透厨下一体机水过滤大通量,879245702873,879245702873,0,,正常,2026-04-29 09:55:01,无截图
拼多多2,https://mobile.yangkeduo.com/goods.html?goods_id=874350558652,VIOMI云米滤芯 小海豚3适用,874350558652,874350558652,0,,正常,2026-04-29 09:55:01,无截图
拼多多2,https://mobile.yangkeduo.com/goods.html?goods_id=873053402073,VIOMI云米小海豚3净水器5年长效RO反渗透厨下一体机水过滤大通量,873053402073,873053402073,0,,正常,2026-04-29 09:55:01,无截图
拼多多2,https://mobile.yangkeduo.com/goods.html?goods_id=530950162370,云米小海豚2 1000G净水器净水机管线机即热饮水机前置过滤器套装,530950162370,530950162370,2699,,正常,2026-04-29 09:55:01,无截图
拼多多2,https://mobile.yangkeduo.com/goods.html?goods_id=500282125061,云米1.5匹变频冷暖Milano2ProAI语音UVC除菌新一级智能电器挂机,500282125061,500282125061,0,,正常,2026-04-29 09:55:01,无截图
拼多多2,https://mobile.yangkeduo.com/goods.html?goods_id=497869228081,云米521升风冷无霜一级变频十字四开门对开门大容量智能电器冰箱,497869228081,497869228081,0,,正常,2026-04-29 09:55:01,无截图
拼多多2,https://mobile.yangkeduo.com/goods.html?goods_id=491420502929,云米1.5匹AI智能电器变频空调冷暖两用新一级省电家用杀菌挂机,491420502929,491420502929,0,,正常,2026-04-29 09:55:01,无截图
拼多多2,https://mobile.yangkeduo.com/goods.html?goods_id=489538266025,云米TDS水质检测笔测水质仪饮用水检测器家用自来水水质测试仪器,489538266025,489538266025,0,,正常,2026-04-29 09:55:01,无截图
拼多多2,https://mobile.yangkeduo.com/goods.html?goods_id=6120759451,云米VO1602电烤箱多功能烤箱家用烘焙小型蛋糕电烤鸡翅披萨16L,6120759451,6120759451,0,,正常,2026-04-29 09:55:01,无截图
拼多多,https://mobile.yangkeduo.com/goods.html?goods_id=912927521784,小京龙2Pro净矿,6923185656791,912927521784,0,2499,正常,2026-04-29 09:57:23,无截图
拼多多,https://mobile.yangkeduo.com/goods.html?goods_id=908884844099,管线机2S,6923185652526,908884844099,0,1699,正常,2026-04-29 09:57:23,无截图
拼多多,https://mobile.yangkeduo.com/goods.html?goods_id=908879495872,smart 前置过滤器 （VF4-A）,6923185621058,908879495872,0,499,正常,2026-04-29 09:57:23,无截图
拼多多,https://mobile.yangkeduo.com/goods.html?goods_id=907974025123,小海豚1000G,6923185654865,907974025123,0,899,正常,2026-04-29 09:57:23,无截图
拼多多,https://mobile.yangkeduo.com/goods.html?goods_id=907033710117,云米昆仑3矿泉净水器2S Pro,6923185656593,907033710117,0,2899,正常,2026-04-29 09:57:23,无截图
拼多多,https://mobile.yangkeduo.com/goods.html?goods_id=873065157674,小海豚600G适用滤芯,6923185618379,873065157674,598,299,高价待调整,2026-04-29 09:57:23,无截图
拼多多,https://mobile.yangkeduo.com/goods.html?goods_id=872941778883,1000G复合滤芯,6923185653998,872941778883,288,298,破价警报,2026-04-29 09:57:23,无截图
拼多多,https://mobile.yangkeduo.com/goods.html?goods_id=870799733097,油烟机 smart2,6923185653110,870799733097,0,,正常,2026-04-29 09:57:23,无截图
拼多多,https://mobile.yangkeduo.com/goods.html?goods_id=868834124642,云米AI油烟机Super升级,6923185605829,868834124642,0,,正常,2026-04-29 09:57:23,无截图
拼多多,https://mobile.yangkeduo.com/goods.html?goods_id=868851073714,小海豚3,6923185605867,868851073714,0,499,正常,2026-04-29 09:57:23,无截图
拼多多2,https://mobile.yangkeduo.com/goods.html?goods_id=942754114793,云米AI燃气热水器 智控恒温防冻节能安全水质净化精准控温13L强排,942754114793,942754114793,0,,正常,2026-04-29 09:57:50,无截图
拼多多2,https://mobile.yangkeduo.com/goods.html?goods_id=942740482351,云米AI燃气热水器 智控恒温防冻节能安全水质净化精准控温13L强排,942740482351,942740482351,0,,正常,2026-04-29 09:57:50,无截图
拼多多2,https://mobile.yangkeduo.com/goods.html?goods_id=942656610557,云米即热净水器厨房家用直饮RO反渗透加热净饮一体机1000G,942656610557,942656610557,0,,正常,2026-04-29 09:57:50,无截图
拼多多2,https://mobile.yangkeduo.com/goods.html?goods_id=939930331098,VIOMI云米 滤芯 反渗透滤芯RO膜,939930331098,939930331098,598,,正常,2026-04-29 09:57:50,无截图
拼多多2,https://mobile.yangkeduo.com/goods.html?goods_id=939928309801,VIOMI云米 滤芯 反渗透滤芯RO膜,939928309801,939928309801,598,,正常,2026-04-29 09:57:50,无截图
拼多多2,https://mobile.yangkeduo.com/goods.html?goods_id=939760939921,云米净水器Super2Y1200G家用直饮厨下式RO反渗透鲜活泉无陈水,939760939921,939760939921,0,,正常,2026-04-29 09:57:50,无截图
拼多多2,https://mobile.yangkeduo.com/goods.html?goods_id=932391238524,VIOMI 云米净水器小海豚3 厨下式RO反渗透直饮家用 无罐一体式,932391238524,932391238524,0,,正常,2026-04-29 09:57:50,无截图
拼多多2,https://mobile.yangkeduo.com/goods.html?goods_id=931163598005,云米净水器Super2Y1200G家用直饮厨下式RO反渗透鲜活泉无陈水,931163598005,931163598005,0,,正常,2026-04-29 09:57:50,无截图
拼多多2,https://mobile.yangkeduo.com/goods.html?goods_id=926760918505,VIOMI云米净水器小海豚600G+升级版厨下式 RO 反渗透直饮家用,926760918505,926760918505,0,,正常,2026-04-29 09:57:50,无截图
拼多多2,https://mobile.yangkeduo.com/goods.html?goods_id=926574119933,昆仑4弱碱 1400G,6923185655718,926574119933,0,3599,正常,2026-04-29 09:57:50,无截图
拼多多,https://mobile.yangkeduo.com/goods.html?goods_id=912927521784,小京龙2Pro净矿,6923185656791,912927521784,0,2499,正常,2026-04-29 10:10:13,无截图
拼多多,https://mobile.yangkeduo.com/goods.html?goods_id=908884844099,管线机2S,6923185652526,908884844099,0,1699,正常,2026-04-29 10:10:13,无截图
拼多多,https://mobile.yangkeduo.com/goods.html?goods_id=908879495872,smart 前置过滤器 （VF4-A）,6923185621058,908879495872,0,499,正常,2026-04-29 10:10:13,无截图
拼多多,https://mobile.yangkeduo.com/goods.html?goods_id=907974025123,小海豚1000G,6923185654865,907974025123,0,899,正常,2026-04-29 10:10:13,无截图
拼多多,https://mobile.yangkeduo.com/goods.html?goods_id=907033710117,云米昆仑3矿泉净水器2S Pro,6923185656593,907033710117,0,2899,正常,2026-04-29 10:10:13,无截图
拼多多,https://mobile.yangkeduo.com/goods.html?goods_id=873065157674,小海豚600G适用滤芯,6923185618379,873065157674,598,299,高价待调整,2026-04-29 10:10:13,无截图
拼多多,https://mobile.yangkeduo.com/goods.html?goods_id=873065157674,小海豚600G适用滤芯,6923185618379,873065157674,598,299,高价待调整,2026-04-29 10:10:13,无截图
拼多多,https://mobile.yangkeduo.com/goods.html?goods_id=873065157674,小海豚600G适用滤芯,6923185618379,873065157674,598,299,高价待调整,2026-04-29 10:10:13,无截图
拼多多,https://mobile.yangkeduo.com/goods.html?goods_id=873065157674,小海豚600G适用滤芯,6923185618379,873065157674,698,299,高价待调整,2026-04-29 10:10:13,无截图
拼多多,https://mobile.yangkeduo.com/goods.html?goods_id=873065157674,小海豚600G适用滤芯,6923185618379,873065157674,798,299,高价待调整,2026-04-29 10:10:13,无截图
拼多多,https://mobile.yangkeduo.com/goods.html?goods_id=873065157674,小海豚600G适用滤芯,6923185618379,873065157674,799,299,高价待调整,2026-04-29 10:10:13,无截图
拼多多,https://mobile.yangkeduo.com/goods.html?goods_id=873065157674,小海豚600G适用滤芯,6923185618379,873065157674,898,299,高价待调整,2026-04-29 10:10:13,无截图
拼多多,https://mobile.yangkeduo.com/goods.html?goods_id=873065157674,小海豚600G适用滤芯,6923185618379,873065157674,898,299,高价待调整,2026-04-29 10:10:13,无截图
拼多多,https://mobile.yangkeduo.com/goods.html?goods_id=873065157674,小海豚600G适用滤芯,6923185618379,873065157674,898,299,高价待调整,2026-04-29 10:10:13,无截图
拼多多,https://mobile.yangkeduo.com/goods.html?goods_id=873065157674,小海豚600G适用滤芯,6923185618379,873065157674,899,299,高价待调整,2026-04-29 10:10:13,无截图
拼多多,https://mobile.yangkeduo.com/goods.html?goods_id=872941778883,1000G复合滤芯,6923185653998,872941778883,288,298,破价警报,2026-04-29 10:10:13,无截图
拼多多,https://mobile.yangkeduo.com/goods.html?goods_id=872941778883,1000G复合滤芯,6923185653998,872941778883,288,298,破价警报,2026-04-29 10:10:13,无截图
拼多多,https://mobile.yangkeduo.com/goods.html?goods_id=872941778883,1000G复合滤芯,6923185653998,872941778883,288,298,破价警报,2026-04-29 10:10:13,无截图
拼多多,https://mobile.yangkeduo.com/goods.html?goods_id=872941778883,1000G复合滤芯,6923185653998,872941778883,288,298,破价警报,2026-04-29 10:10:13,无截图
拼多多,https://mobile.yangkeduo.com/goods.html?goods_id=872941778883,1000G复合滤芯,6923185653998,872941778883,288,298,破价警报,2026-04-29 10:10:13,无截图
拼多多,https://mobile.yangkeduo.com/goods.html?goods_id=872941778883,1000G复合滤芯,6923185653998,872941778883,288,298,破价警报,2026-04-29 10:10:13,无截图
拼多多,https://mobile.yangkeduo.com/goods.html?goods_id=872941778883,1000G复合滤芯,6923185653998,872941778883,288,298,破价警报,2026-04-29 10:10:13,无截图
拼多多,https://mobile.yangkeduo.com/goods.html?goods_id=872941778883,1000G复合滤芯,6923185653998,872941778883,288,298,破价警报,2026-04-29 10:10:13,无截图
拼多多,https://mobile.yangkeduo.com/goods.html?goods_id=872941778883,1000G复合滤芯,6923185653998,872941778883,288,298,破价警报,2026-04-29 10:10:13,无截图
拼多多,https://mobile.yangkeduo.com/goods.html?goods_id=872941778883,1000G复合滤芯,6923185653998,872941778883,289,298,破价警报,2026-04-29 10:10:13,无截图
拼多多,https://mobile.yangkeduo.com/goods.html?goods_id=872941778883,1000G复合滤芯,6923185653998,872941778883,289,298,破价警报,2026-04-29 10:10:13,无截图
拼多多,https://mobile.yangkeduo.com/goods.html?goods_id=872941778883,1000G复合滤芯,6923185653998,872941778883,289,298,破价警报,2026-04-29 10:10:13,无截图
拼多多,https://mobile.yangkeduo.com/goods.html?goods_id=872941778883,1000G复合滤芯,6923185653998,872941778883,289,298,破价警报,2026-04-29 10:10:13,无截图
拼多多,https://mobile.yangkeduo.com/goods.html?goods_id=872941778883,1000G复合滤芯,6923185653998,872941778883,289,298,破价警报,2026-04-29 10:10:13,无截图
拼多多,https://mobile.yangkeduo.com/goods.html?goods_id=872941778883,1000G复合滤芯,6923185653998,872941778883,289,298,破价警报,2026-04-29 10:10:13,无截图
拼多多,https://mobile.yangkeduo.com/goods.html?goods_id=872941778883,1000G复合滤芯,6923185653998,872941778883,289,298,破价警报,2026-04-29 10:10:13,无截图
拼多多,https://mobile.yangkeduo.com/goods.html?goods_id=872941778883,1000G复合滤芯,6923185653998,872941778883,299,298,高价待调整,2026-04-29 10:10:13,无截图
拼多多,https://mobile.yangkeduo.com/goods.html?goods_id=872941778883,1000G复合滤芯,6923185653998,872941778883,299,298,高价待调整,2026-04-29 10:10:13,无截图
拼多多,https://mobile.yangkeduo.com/goods.html?goods_id=872941778883,1000G复合滤芯,6923185653998,872941778883,398,298,高价待调整,2026-04-29 10:10:13,无截图
拼多多,https://mobile.yangkeduo.com/goods.html?goods_id=872941778883,1000G复合滤芯,6923185653998,872941778883,398,298,高价待调整,2026-04-29 10:10:13,无截图
拼多多,https://mobile.yangkeduo.com/goods.html?goods_id=872941778883,1000G复合滤芯,6923185653998,872941778883,398,298,高价待调整,2026-04-29 10:10:13,无截图
拼多多,https://mobile.yangkeduo.com/goods.html?goods_id=872941778883,1000G复合滤芯,6923185653998,872941778883,399,298,高价待调整,2026-04-29 10:10:13,无截图
拼多多,https://mobile.yangkeduo.com/goods.html?goods_id=872941778883,1000G复合滤芯,6923185653998,872941778883,399,298,高价待调整,2026-04-29 10:10:13,无截图
拼多多,https://mobile.yangkeduo.com/goods.html?goods_id=870799733097,油烟机 smart2,6923185653110,870799733097,0,,正常,2026-04-29 10:10:13,无截图
拼多多,https://mobile.yangkeduo.com/goods.html?goods_id=868834124642,云米AI油烟机Super升级,6923185605829,868834124642,0,,正常,2026-04-29 10:10:13,无截图
拼多多,https://mobile.yangkeduo.com/goods.html?goods_id=868851073714,小海豚3,6923185605867,868851073714,0,499,正常,2026-04-29 10:10:13,无截图
拼多多2,https://mobile.yangkeduo.com/goods.html?goods_id=942754114793,云米AI燃气热水器 智控恒温防冻节能安全水质净化精准控温13L强排,942754114793,942754114793,0,,正常,2026-04-29 10:10:40,无截图
拼多多2,https://mobile.yangkeduo.com/goods.html?goods_id=942740482351,云米AI燃气热水器 智控恒温防冻节能安全水质净化精准控温13L强排,942740482351,942740482351,0,,正常,2026-04-29 10:10:40,无截图
拼多多2,https://mobile.yangkeduo.com/goods.html?goods_id=942656610557,云米即热净水器厨房家用直饮RO反渗透加热净饮一体机1000G,942656610557,942656610557,0,,正常,2026-04-29 10:10:40,无截图
拼多多2,https://mobile.yangkeduo.com/goods.html?goods_id=939930331098,VIOMI云米 滤芯 反渗透滤芯RO膜,939930331098,939930331098,598,,正常,2026-04-29 10:10:40,无截图
拼多多2,https://mobile.yangkeduo.com/goods.html?goods_id=939930331098,VIOMI云米 滤芯 反渗透滤芯RO膜,939930331098,939930331098,598,,正常,2026-04-29 10:10:40,无截图
拼多多2,https://mobile.yangkeduo.com/goods.html?goods_id=939930331098,VIOMI云米 滤芯 反渗透滤芯RO膜,939930331098,939930331098,598,,正常,2026-04-29 10:10:40,无截图
拼多多2,https://mobile.yangkeduo.com/goods.html?goods_id=939930331098,VIOMI云米 滤芯 反渗透滤芯RO膜,939930331098,939930331098,698,,正常,2026-04-29 10:10:40,无截图
拼多多2,https://mobile.yangkeduo.com/goods.html?goods_id=939930331098,VIOMI云米 滤芯 反渗透滤芯RO膜,939930331098,939930331098,798,,正常,2026-04-29 10:10:40,无截图
拼多多2,https://mobile.yangkeduo.com/goods.html?goods_id=939930331098,VIOMI云米 滤芯 反渗透滤芯RO膜,939930331098,939930331098,799,,正常,2026-04-29 10:10:40,无截图
拼多多2,https://mobile.yangkeduo.com/goods.html?goods_id=939930331098,VIOMI云米 滤芯 反渗透滤芯RO膜,939930331098,939930331098,898,,正常,2026-04-29 10:10:40,无截图
拼多多2,https://mobile.yangkeduo.com/goods.html?goods_id=939930331098,VIOMI云米 滤芯 反渗透滤芯RO膜,939930331098,939930331098,898,,正常,2026-04-29 10:10:40,无截图
拼多多2,https://mobile.yangkeduo.com/goods.html?goods_id=939930331098,VIOMI云米 滤芯 反渗透滤芯RO膜,939930331098,939930331098,898,,正常,2026-04-29 10:10:40,无截图
拼多多2,https://mobile.yangkeduo.com/goods.html?goods_id=939930331098,VIOMI云米 滤芯 反渗透滤芯RO膜,939930331098,939930331098,899,,正常,2026-04-29 10:10:40,无截图
拼多多2,https://mobile.yangkeduo.com/goods.html?goods_id=939928309801,VIOMI云米 滤芯 反渗透滤芯RO膜,939928309801,939928309801,598,,正常,2026-04-29 10:10:40,无截图
拼多多2,https://mobile.yangkeduo.com/goods.html?goods_id=939928309801,VIOMI云米 滤芯 反渗透滤芯RO膜,939928309801,939928309801,598,,正常,2026-04-29 10:10:40,无截图
拼多多2,https://mobile.yangkeduo.com/goods.html?goods_id=939928309801,VIOMI云米 滤芯 反渗透滤芯RO膜,939928309801,939928309801,598,,正常,2026-04-29 10:10:40,无截图
拼多多2,https://mobile.yangkeduo.com/goods.html?goods_id=939928309801,VIOMI云米 滤芯 反渗透滤芯RO膜,939928309801,939928309801,698,,正常,2026-04-29 10:10:40,无截图
拼多多2,https://mobile.yangkeduo.com/goods.html?goods_id=939928309801,VIOMI云米 滤芯 反渗透滤芯RO膜,939928309801,939928309801,798,,正常,2026-04-29 10:10:40,无截图
拼多多2,https://mobile.yangkeduo.com/goods.html?goods_id=939928309801,VIOMI云米 滤芯 反渗透滤芯RO膜,939928309801,939928309801,799,,正常,2026-04-29 10:10:40,无截图
拼多多2,https://mobile.yangkeduo.com/goods.html?goods_id=939928309801,VIOMI云米 滤芯 反渗透滤芯RO膜,939928309801,939928309801,898,,正常,2026-04-29 10:10:40,无截图
拼多多2,https://mobile.yangkeduo.com/goods.html?goods_id=939928309801,VIOMI云米 滤芯 反渗透滤芯RO膜,939928309801,939928309801,898,,正常,2026-04-29 10:10:40,无截图
拼多多2,https://mobile.yangkeduo.com/goods.html?goods_id=939928309801,VIOMI云米 滤芯 反渗透滤芯RO膜,939928309801,939928309801,898,,正常,2026-04-29 10:10:40,无截图
拼多多2,https://mobile.yangkeduo.com/goods.html?goods_id=939928309801,VIOMI云米 滤芯 反渗透滤芯RO膜,939928309801,939928309801,899,,正常,2026-04-29 10:10:40,无截图
拼多多2,https://mobile.yangkeduo.com/goods.html?goods_id=939760939921,云米净水器Super2Y1200G家用直饮厨下式RO反渗透鲜活泉无陈水,939760939921,939760939921,0,,正常,2026-04-29 10:10:40,无截图
拼多多2,https://mobile.yangkeduo.com/goods.html?goods_id=932391238524,VIOMI 云米净水器小海豚3 厨下式RO反渗透直饮家用 无罐一体式,932391238524,932391238524,0,,正常,2026-04-29 10:10:40,无截图
拼多多2,https://mobile.yangkeduo.com/goods.html?goods_id=931163598005,云米净水器Super2Y1200G家用直饮厨下式RO反渗透鲜活泉无陈水,931163598005,931163598005,0,,正常,2026-04-29 10:10:40,无截图
拼多多2,https://mobile.yangkeduo.com/goods.html?goods_id=926760918505,VIOMI云米净水器小海豚600G+升级版厨下式 RO 反渗透直饮家用,926760918505,926760918505,0,,正常,2026-04-29 10:10:40,无截图
拼多多2,https://mobile.yangkeduo.com/goods.html?goods_id=926574119933,昆仑4弱碱 1400G,6923185655718,926574119933,0,3599,正常,2026-04-29 10:10:40,无截图
拼多多,https://mobile.yangkeduo.com/goods.html?goods_id=912927521784,小京龙2Pro净矿,6923185656791,912927521784,0,2499,正常,2026-04-29 10:19:50,无截图
拼多多,https://mobile.yangkeduo.com/goods.html?goods_id=908884844099,管线机2S,6923185652526,908884844099,0,1699,正常,2026-04-29 10:19:50,无截图
拼多多,https://mobile.yangkeduo.com/goods.html?goods_id=908879495872,smart 前置过滤器 （VF4-A）,6923185621058,908879495872,0,499,正常,2026-04-29 10:19:50,无截图
拼多多,https://mobile.yangkeduo.com/goods.html?goods_id=907974025123,小海豚1000G,6923185654865,907974025123,0,899,正常,2026-04-29 10:19:50,无截图
拼多多,https://mobile.yangkeduo.com/goods.html?goods_id=907033710117,云米昆仑3矿泉净水器2S Pro,6923185656593,907033710117,0,2899,正常,2026-04-29 10:19:50,无截图
拼多多,https://mobile.yangkeduo.com/goods.html?goods_id=873065157674,小海豚600G适用滤芯,6923185618379,873065157674,598,299,高价待调整,2026-04-29 10:19:50,无截图
拼多多,https://mobile.yangkeduo.com/goods.html?goods_id=873065157674,小海豚600G适用滤芯,6923185618379,873065157674,598,299,高价待调整,2026-04-29 10:19:50,无截图
拼多多,https://mobile.yangkeduo.com/goods.html?goods_id=873065157674,小海豚600G适用滤芯,6923185618379,873065157674,598,299,高价待调整,2026-04-29 10:19:50,无截图
拼多多,https://mobile.yangkeduo.com/goods.html?goods_id=873065157674,小海豚600G适用滤芯,6923185618379,873065157674,698,299,高价待调整,2026-04-29 10:19:50,无截图
拼多多,https://mobile.yangkeduo.com/goods.html?goods_id=873065157674,小海豚600G适用滤芯,6923185618379,873065157674,798,299,高价待调整,2026-04-29 10:19:50,无截图
拼多多,https://mobile.yangkeduo.com/goods.html?goods_id=873065157674,小海豚600G适用滤芯,6923185618379,873065157674,799,299,高价待调整,2026-04-29 10:19:50,无截图
拼多多,https://mobile.yangkeduo.com/goods.html?goods_id=873065157674,小海豚600G适用滤芯,6923185618379,873065157674,898,299,高价待调整,2026-04-29 10:19:50,无截图
拼多多,https://mobile.yangkeduo.com/goods.html?goods_id=873065157674,小海豚600G适用滤芯,6923185618379,873065157674,898,299,高价待调整,2026-04-29 10:19:50,无截图
拼多多,https://mobile.yangkeduo.com/goods.html?goods_id=873065157674,小海豚600G适用滤芯,6923185618379,873065157674,898,299,高价待调整,2026-04-29 10:19:50,无截图
拼多多,https://mobile.yangkeduo.com/goods.html?goods_id=873065157674,小海豚600G适用滤芯,6923185618379,873065157674,899,299,高价待调整,2026-04-29 10:19:50,无截图
拼多多,https://mobile.yangkeduo.com/goods.html?goods_id=872941778883,1000G复合滤芯,6923185653998,872941778883,288,298,破价警报,2026-04-29 10:19:50,无截图
拼多多,https://mobile.yangkeduo.com/goods.html?goods_id=872941778883,1000G复合滤芯,6923185653998,872941778883,288,298,破价警报,2026-04-29 10:19:50,无截图
拼多多,https://mobile.yangkeduo.com/goods.html?goods_id=872941778883,1000G复合滤芯,6923185653998,872941778883,288,298,破价警报,2026-04-29 10:19:50,无截图
拼多多,https://mobile.yangkeduo.com/goods.html?goods_id=872941778883,1000G复合滤芯,6923185653998,872941778883,288,298,破价警报,2026-04-29 10:19:50,无截图
拼多多,https://mobile.yangkeduo.com/goods.html?goods_id=872941778883,1000G复合滤芯,6923185653998,872941778883,288,298,破价警报,2026-04-29 10:19:50,无截图
拼多多,https://mobile.yangkeduo.com/goods.html?goods_id=872941778883,1000G复合滤芯,6923185653998,872941778883,288,298,破价警报,2026-04-29 10:19:50,无截图
拼多多,https://mobile.yangkeduo.com/goods.html?goods_id=872941778883,1000G复合滤芯,6923185653998,872941778883,288,298,破价警报,2026-04-29 10:19:50,无截图
拼多多,https://mobile.yangkeduo.com/goods.html?goods_id=872941778883,1000G复合滤芯,6923185653998,872941778883,288,298,破价警报,2026-04-29 10:19:50,无截图
拼多多,https://mobile.yangkeduo.com/goods.html?goods_id=872941778883,1000G复合滤芯,6923185653998,872941778883,288,298,破价警报,2026-04-29 10:19:50,无截图
拼多多,https://mobile.yangkeduo.com/goods.html?goods_id=872941778883,1000G复合滤芯,6923185653998,872941778883,289,298,破价警报,2026-04-29 10:19:50,无截图
拼多多,https://mobile.yangkeduo.com/goods.html?goods_id=872941778883,1000G复合滤芯,6923185653998,872941778883,289,298,破价警报,2026-04-29 10:19:50,无截图
拼多多,https://mobile.yangkeduo.com/goods.html?goods_id=872941778883,1000G复合滤芯,6923185653998,872941778883,289,298,破价警报,2026-04-29 10:19:50,无截图
拼多多,https://mobile.yangkeduo.com/goods.html?goods_id=872941778883,1000G复合滤芯,6923185653998,872941778883,289,298,破价警报,2026-04-29 10:19:50,无截图
拼多多,https://mobile.yangkeduo.com/goods.html?goods_id=872941778883,1000G复合滤芯,6923185653998,872941778883,289,298,破价警报,2026-04-29 10:19:50,无截图
拼多多,https://mobile.yangkeduo.com/goods.html?goods_id=872941778883,1000G复合滤芯,6923185653998,872941778883,289,298,破价警报,2026-04-29 10:19:50,无截图
拼多多,https://mobile.yangkeduo.com/goods.html?goods_id=872941778883,1000G复合滤芯,6923185653998,872941778883,289,298,破价警报,2026-04-29 10:19:50,无截图
拼多多,https://mobile.yangkeduo.com/goods.html?goods_id=872941778883,1000G复合滤芯,6923185653998,872941778883,299,298,高价待调整,2026-04-29 10:19:50,无截图
拼多多,https://mobile.yangkeduo.com/goods.html?goods_id=872941778883,1000G复合滤芯,6923185653998,872941778883,299,298,高价待调整,2026-04-29 10:19:50,无截图
拼多多,https://mobile.yangkeduo.com/goods.html?goods_id=872941778883,1000G复合滤芯,6923185653998,872941778883,398,298,高价待调整,2026-04-29 10:19:50,无截图
拼多多,https://mobile.yangkeduo.com/goods.html?goods_id=872941778883,1000G复合滤芯,6923185653998,872941778883,398,298,高价待调整,2026-04-29 10:19:50,无截图
拼多多,https://mobile.yangkeduo.com/goods.html?goods_id=872941778883,1000G复合滤芯,6923185653998,872941778883,398,298,高价待调整,2026-04-29 10:19:50,无截图
拼多多,https://mobile.yangkeduo.com/goods.html?goods_id=872941778883,1000G复合滤芯,6923185653998,872941778883,399,298,高价待调整,2026-04-29 10:19:50,无截图
拼多多,https://mobile.yangkeduo.com/goods.html?goods_id=872941778883,1000G复合滤芯,6923185653998,872941778883,399,298,高价待调整,2026-04-29 10:19:50,无截图
拼多多,https://mobile.yangkeduo.com/goods.html?goods_id=870799733097,油烟机 smart2,6923185653110,870799733097,0,,正常,2026-04-29 10:19:50,无截图
拼多多,https://mobile.yangkeduo.com/goods.html?goods_id=868834124642,云米AI油烟机Super升级,6923185605829,868834124642,0,,正常,2026-04-29 10:19:50,无截图
拼多多,https://mobile.yangkeduo.com/goods.html?goods_id=868851073714,小海豚3,6923185605867,868851073714,0,499,正常,2026-04-29 10:19:50,无截图
拼多多2,https://mobile.yangkeduo.com/goods.html?goods_id=942754114793,云米AI燃气热水器 智控恒温防冻节能安全水质净化精准控温13L强排,942754114793,942754114793,0,,正常,2026-04-29 10:20:20,无截图
拼多多2,https://mobile.yangkeduo.com/goods.html?goods_id=942740482351,云米AI燃气热水器 智控恒温防冻节能安全水质净化精准控温13L强排,942740482351,942740482351,0,,正常,2026-04-29 10:20:20,无截图
拼多多2,https://mobile.yangkeduo.com/goods.html?goods_id=942656610557,云米即热净水器厨房家用直饮RO反渗透加热净饮一体机1000G,942656610557,942656610557,0,,正常,2026-04-29 10:20:20,无截图
拼多多2,https://mobile.yangkeduo.com/goods.html?goods_id=939930331098,VIOMI云米 滤芯 反渗透滤芯RO膜,939930331098,939930331098,598,,正常,2026-04-29 10:20:20,无截图
拼多多2,https://mobile.yangkeduo.com/goods.html?goods_id=939930331098,VIOMI云米 滤芯 反渗透滤芯RO膜,939930331098,939930331098,598,,正常,2026-04-29 10:20:20,无截图
拼多多2,https://mobile.yangkeduo.com/goods.html?goods_id=939930331098,VIOMI云米 滤芯 反渗透滤芯RO膜,939930331098,939930331098,598,,正常,2026-04-29 10:20:20,无截图
拼多多2,https://mobile.yangkeduo.com/goods.html?goods_id=939930331098,VIOMI云米 滤芯 反渗透滤芯RO膜,939930331098,939930331098,698,,正常,2026-04-29 10:20:20,无截图
拼多多2,https://mobile.yangkeduo.com/goods.html?goods_id=939930331098,VIOMI云米 滤芯 反渗透滤芯RO膜,939930331098,939930331098,798,,正常,2026-04-29 10:20:20,无截图
拼多多2,https://mobile.yangkeduo.com/goods.html?goods_id=939930331098,VIOMI云米 滤芯 反渗透滤芯RO膜,939930331098,939930331098,799,,正常,2026-04-29 10:20:20,无截图
拼多多2,https://mobile.yangkeduo.com/goods.html?goods_id=939930331098,VIOMI云米 滤芯 反渗透滤芯RO膜,939930331098,939930331098,898,,正常,2026-04-29 10:20:20,无截图
拼多多2,https://mobile.yangkeduo.com/goods.html?goods_id=939930331098,VIOMI云米 滤芯 反渗透滤芯RO膜,939930331098,939930331098,898,,正常,2026-04-29 10:20:20,无截图
拼多多2,https://mobile.yangkeduo.com/goods.html?goods_id=939930331098,VIOMI云米 滤芯 反渗透滤芯RO膜,939930331098,939930331098,898,,正常,2026-04-29 10:20:20,无截图
拼多多2,https://mobile.yangkeduo.com/goods.html?goods_id=939930331098,VIOMI云米 滤芯 反渗透滤芯RO膜,939930331098,939930331098,899,,正常,2026-04-29 10:20:20,无截图
拼多多2,https://mobile.yangkeduo.com/goods.html?goods_id=939928309801,VIOMI云米 滤芯 反渗透滤芯RO膜,939928309801,939928309801,598,,正常,2026-04-29 10:20:20,无截图
拼多多2,https://mobile.yangkeduo.com/goods.html?goods_id=939928309801,VIOMI云米 滤芯 反渗透滤芯RO膜,939928309801,939928309801,598,,正常,2026-04-29 10:20:20,无截图
拼多多2,https://mobile.yangkeduo.com/goods.html?goods_id=939928309801,VIOMI云米 滤芯 反渗透滤芯RO膜,939928309801,939928309801,598,,正常,2026-04-29 10:20:20,无截图
拼多多2,https://mobile.yangkeduo.com/goods.html?goods_id=939928309801,VIOMI云米 滤芯 反渗透滤芯RO膜,939928309801,939928309801,698,,正常,2026-04-29 10:20:20,无截图
拼多多2,https://mobile.yangkeduo.com/goods.html?goods_id=939928309801,VIOMI云米 滤芯 反渗透滤芯RO膜,939928309801,939928309801,798,,正常,2026-04-29 10:20:20,无截图
拼多多2,https://mobile.yangkeduo.com/goods.html?goods_id=939928309801,VIOMI云米 滤芯 反渗透滤芯RO膜,939928309801,939928309801,799,,正常,2026-04-29 10:20:20,无截图
拼多多2,https://mobile.yangkeduo.com/goods.html?goods_id=939928309801,VIOMI云米 滤芯 反渗透滤芯RO膜,939928309801,939928309801,898,,正常,2026-04-29 10:20:20,无截图
拼多多2,https://mobile.yangkeduo.com/goods.html?goods_id=939928309801,VIOMI云米 滤芯 反渗透滤芯RO膜,939928309801,939928309801,898,,正常,2026-04-29 10:20:20,无截图
拼多多2,https://mobile.yangkeduo.com/goods.html?goods_id=939928309801,VIOMI云米 滤芯 反渗透滤芯RO膜,939928309801,939928309801,898,,正常,2026-04-29 10:20:20,无截图
拼多多2,https://mobile.yangkeduo.com/goods.html?goods_id=939928309801,VIOMI云米 滤芯 反渗透滤芯RO膜,939928309801,939928309801,899,,正常,2026-04-29 10:20:20,无截图
拼多多2,https://mobile.yangkeduo.com/goods.html?goods_id=939760939921,云米净水器Super2Y1200G家用直饮厨下式RO反渗透鲜活泉无陈水,939760939921,939760939921,0,,正常,2026-04-29 10:20:20,无截图
拼多多2,https://mobile.yangkeduo.com/goods.html?goods_id=932391238524,VIOMI 云米净水器小海豚3 厨下式RO反渗透直饮家用 无罐一体式,932391238524,932391238524,0,,正常,2026-04-29 10:20:20,无截图
拼多多2,https://mobile.yangkeduo.com/goods.html?goods_id=931163598005,云米净水器Super2Y1200G家用直饮厨下式RO反渗透鲜活泉无陈水,931163598005,931163598005,0,,正常,2026-04-29 10:20:20,无截图
拼多多2,https://mobile.yangkeduo.com/goods.html?goods_id=926760918505,VIOMI云米净水器小海豚600G+升级版厨下式 RO 反渗透直饮家用,926760918505,926760918505,0,,正常,2026-04-29 10:20:20,无截图
拼多多2,https://mobile.yangkeduo.com/goods.html?goods_id=926574119933,昆仑4弱碱 1400G,6923185655718,926574119933,0,3599,正常,2026-04-29 10:20:20,无截图
拼多多,https://mobile.yangkeduo.com/goods.html?goods_id=912927521784,小京龙2Pro净矿,6923185656791,912927521784,1273,2499,破价警报 | 百亿补贴,2026-04-29 10:31:42,无截图
拼多多,https://mobile.yangkeduo.com/goods.html?goods_id=908884844099,管线机2S,6923185652526,908884844099,999,1699,破价警报,2026-04-29 10:31:42,无截图
拼多多,https://mobile.yangkeduo.com/goods.html?goods_id=908879495872,smart 前置过滤器 （VF4-A）,6923185621058,908879495872,289,499,破价警报 | 限时折扣,2026-04-29 10:31:42,无截图
拼多多,https://mobile.yangkeduo.com/goods.html?goods_id=907974025123,小海豚1000G,6923185654865,907974025123,899,899,限量折扣,2026-04-29 10:31:42,无截图
拼多多,https://mobile.yangkeduo.com/goods.html?goods_id=907033710117,云米昆仑3矿泉净水器2S Pro,6923185656593,907033710117,2998,2899,高价待调整,2026-04-29 10:31:42,无截图
拼多多,https://mobile.yangkeduo.com/goods.html?goods_id=873065157674,小海豚600G适用滤芯,6923185618379,873065157674,598,299,高价待调整,2026-04-29 10:31:42,无截图
拼多多,https://mobile.yangkeduo.com/goods.html?goods_id=873065157674,小海豚600G适用滤芯,6923185618379,873065157674,598,299,高价待调整,2026-04-29 10:31:42,无截图
拼多多,https://mobile.yangkeduo.com/goods.html?goods_id=873065157674,小海豚600G适用滤芯,6923185618379,873065157674,598,299,高价待调整,2026-04-29 10:31:42,无截图
拼多多,https://mobile.yangkeduo.com/goods.html?goods_id=873065157674,小海豚600G适用滤芯,6923185618379,873065157674,698,299,高价待调整,2026-04-29 10:31:42,无截图
拼多多,https://mobile.yangkeduo.com/goods.html?goods_id=873065157674,小海豚600G适用滤芯,6923185618379,873065157674,798,299,高价待调整,2026-04-29 10:31:42,无截图
拼多多,https://mobile.yangkeduo.com/goods.html?goods_id=873065157674,小海豚600G适用滤芯,6923185618379,873065157674,799,299,高价待调整,2026-04-29 10:31:42,无截图
拼多多,https://mobile.yangkeduo.com/goods.html?goods_id=873065157674,小海豚600G适用滤芯,6923185618379,873065157674,898,299,高价待调整,2026-04-29 10:31:42,无截图
拼多多,https://mobile.yangkeduo.com/goods.html?goods_id=873065157674,小海豚600G适用滤芯,6923185618379,873065157674,898,299,高价待调整,2026-04-29 10:31:42,无截图
拼多多,https://mobile.yangkeduo.com/goods.html?goods_id=873065157674,小海豚600G适用滤芯,6923185618379,873065157674,898,299,高价待调整,2026-04-29 10:31:42,无截图
拼多多,https://mobile.yangkeduo.com/goods.html?goods_id=873065157674,小海豚600G适用滤芯,6923185618379,873065157674,899,299,高价待调整,2026-04-29 10:31:42,无截图
拼多多,https://mobile.yangkeduo.com/goods.html?goods_id=872941778883,1000G复合滤芯,6923185653998,872941778883,288,298,破价警报,2026-04-29 10:31:42,无截图
拼多多,https://mobile.yangkeduo.com/goods.html?goods_id=872941778883,1000G复合滤芯,6923185653998,872941778883,288,298,破价警报,2026-04-29 10:31:42,无截图
拼多多,https://mobile.yangkeduo.com/goods.html?goods_id=872941778883,1000G复合滤芯,6923185653998,872941778883,288,298,破价警报,2026-04-29 10:31:42,无截图
拼多多,https://mobile.yangkeduo.com/goods.html?goods_id=872941778883,1000G复合滤芯,6923185653998,872941778883,288,298,破价警报,2026-04-29 10:31:42,无截图
拼多多,https://mobile.yangkeduo.com/goods.html?goods_id=872941778883,1000G复合滤芯,6923185653998,872941778883,288,298,破价警报,2026-04-29 10:31:42,无截图
拼多多,https://mobile.yangkeduo.com/goods.html?goods_id=872941778883,1000G复合滤芯,6923185653998,872941778883,288,298,破价警报,2026-04-29 10:31:42,无截图
拼多多,https://mobile.yangkeduo.com/goods.html?goods_id=872941778883,1000G复合滤芯,6923185653998,872941778883,288,298,破价警报,2026-04-29 10:31:42,无截图
拼多多,https://mobile.yangkeduo.com/goods.html?goods_id=872941778883,1000G复合滤芯,6923185653998,872941778883,288,298,破价警报,2026-04-29 10:31:42,无截图
拼多多,https://mobile.yangkeduo.com/goods.html?goods_id=872941778883,1000G复合滤芯,6923185653998,872941778883,288,298,破价警报,2026-04-29 10:31:42,无截图
拼多多,https://mobile.yangkeduo.com/goods.html?goods_id=872941778883,1000G复合滤芯,6923185653998,872941778883,289,298,破价警报,2026-04-29 10:31:42,无截图
拼多多,https://mobile.yangkeduo.com/goods.html?goods_id=872941778883,1000G复合滤芯,6923185653998,872941778883,289,298,破价警报,2026-04-29 10:31:42,无截图
拼多多,https://mobile.yangkeduo.com/goods.html?goods_id=872941778883,1000G复合滤芯,6923185653998,872941778883,289,298,破价警报,2026-04-29 10:31:42,无截图
拼多多,https://mobile.yangkeduo.com/goods.html?goods_id=872941778883,1000G复合滤芯,6923185653998,872941778883,289,298,破价警报,2026-04-29 10:31:42,无截图
拼多多,https://mobile.yangkeduo.com/goods.html?goods_id=872941778883,1000G复合滤芯,6923185653998,872941778883,289,298,破价警报,2026-04-29 10:31:42,无截图
拼多多,https://mobile.yangkeduo.com/goods.html?goods_id=872941778883,1000G复合滤芯,6923185653998,872941778883,289,298,破价警报,2026-04-29 10:31:42,无截图
拼多多,https://mobile.yangkeduo.com/goods.html?goods_id=872941778883,1000G复合滤芯,6923185653998,872941778883,289,298,破价警报,2026-04-29 10:31:42,无截图
拼多多,https://mobile.yangkeduo.com/goods.html?goods_id=872941778883,1000G复合滤芯,6923185653998,872941778883,299,298,高价待调整,2026-04-29 10:31:42,无截图
拼多多,https://mobile.yangkeduo.com/goods.html?goods_id=872941778883,1000G复合滤芯,6923185653998,872941778883,299,298,高价待调整,2026-04-29 10:31:42,无截图
拼多多,https://mobile.yangkeduo.com/goods.html?goods_id=872941778883,1000G复合滤芯,6923185653998,872941778883,398,298,高价待调整,2026-04-29 10:31:42,无截图
拼多多,https://mobile.yangkeduo.com/goods.html?goods_id=872941778883,1000G复合滤芯,6923185653998,872941778883,398,298,高价待调整,2026-04-29 10:31:42,无截图
拼多多,https://mobile.yangkeduo.com/goods.html?goods_id=872941778883,1000G复合滤芯,6923185653998,872941778883,398,298,高价待调整,2026-04-29 10:31:42,无截图
拼多多,https://mobile.yangkeduo.com/goods.html?goods_id=872941778883,1000G复合滤芯,6923185653998,872941778883,399,298,高价待调整,2026-04-29 10:31:42,无截图
拼多多,https://mobile.yangkeduo.com/goods.html?goods_id=872941778883,1000G复合滤芯,6923185653998,872941778883,399,298,高价待调整,2026-04-29 10:31:42,无截图
拼多多,https://mobile.yangkeduo.com/goods.html?goods_id=870799733097,油烟机 smart2,6923185653110,870799733097,1599,,正常,2026-04-29 10:31:42,无截图
拼多多,https://mobile.yangkeduo.com/goods.html?goods_id=868834124642,云米AI油烟机Super升级,6923185605829,868834124642,1699,,正常,2026-04-29 10:31:42,无截图
拼多多,https://mobile.yangkeduo.com/goods.html?goods_id=868851073714,小海豚3,6923185605867,868851073714,499,499,百亿补贴,2026-04-29 10:31:42,无截图
拼多多,https://mobile.yangkeduo.com/goods.html?goods_id=862873034610,小海豚3,6923185605867,862873034610,1198,499,高价待调整,2026-04-29 10:31:42,无截图
拼多多,https://mobile.yangkeduo.com/goods.html?goods_id=862873034610,小海豚3,6923185605867,862873034610,1398,499,高价待调整,2026-04-29 10:31:42,无截图
拼多多,https://mobile.yangkeduo.com/goods.html?goods_id=862584688956,门锁门禁卡,6923185654230,862584688956,25,19,高价待调整,2026-04-29 10:31:42,无截图
拼多多,https://mobile.yangkeduo.com/goods.html?goods_id=861508688697,管线机2E,6923185650966,861508688697,1998,1599,高价待调整,2026-04-29 10:31:42,无截图
拼多多,https://mobile.yangkeduo.com/goods.html?goods_id=852932116812,云米净水器600G小海豚升级版厨下式RO反渗透直饮家用,852932116812,852932116812,772,,百亿补贴,2026-04-29 10:31:42,无截图
拼多多,https://mobile.yangkeduo.com/goods.html?goods_id=852614628903,云米厨余垃圾处理器  PowerBox 尊享版,6923185610250,852614628903,799,,限时折扣,2026-04-29 10:31:42,无截图
拼多多,https://mobile.yangkeduo.com/goods.html?goods_id=852161740747,小海豚600G+,6923185653684,852161740747,899,559,高价待调整,2026-04-29 10:31:42,无截图
拼多多,https://mobile.yangkeduo.com/goods.html?goods_id=852010588191,蓝调2Pro-JSQ30-VGW1641,6923185656869,852010588191,1099,,正常,2026-04-29 10:31:42,无截图
拼多多,https://mobile.yangkeduo.com/goods.html?goods_id=850883552953,云米·泉先AI净水器蓝调600G+,6923185653592,850883552953,649,999,破价警报 | 限时折扣,2026-04-29 10:31:42,无截图
拼多多,https://mobile.yangkeduo.com/goods.html?goods_id=850344043841,云米AI净饮机Super 2,6923185615415,850344043841,1009,1699,破价警报 | 限时折扣,2026-04-29 10:31:42,无截图
拼多多,https://mobile.yangkeduo.com/goods.html?goods_id=849648457333,云米AI昆仑矿泉净水机 Super 2E 2500,6923185654254,849648457333,1549,2499,破价警报 | 限时折扣,2026-04-29 10:31:42,无截图
拼多多,https://mobile.yangkeduo.com/goods.html?goods_id=849000374681,云米AI净水器Super 2Y 1200G,6923185653981,849000374681,2299,1899,高价待调整,2026-04-29 10:31:42,无截图
拼多多,https://mobile.yangkeduo.com/goods.html?goods_id=846212481564,云米蓝调2双胆电热水器60L超短超薄速热增容大水量3000W杀菌安全,846212481564,846212481564,1199,,正常,2026-04-29 10:31:42,无截图
拼多多,https://mobile.yangkeduo.com/goods.html?goods_id=837301408995,云米AI冷热管线机Super2 Pro,6923185655794,837301408995,1449,1999,破价警报 | 限时折扣,2026-04-29 10:31:42,无截图
拼多多,https://mobile.yangkeduo.com/goods.html?goods_id=832431516907,门锁普通版E30,6923185656074,832431516907,499,,限时折扣,2026-04-29 10:31:42,无截图
拼多多,https://mobile.yangkeduo.com/goods.html?goods_id=823432069145,手持吸尘器,6923185611844,823432069145,999,602,高价待调整,2026-04-29 10:31:42,无截图
拼多多,https://mobile.yangkeduo.com/goods.html?goods_id=819506595979,云米净水器  600G+ 新升级厨下式RO反渗透直饮家用,819506595979,819506595979,1099,,正常,2026-04-29 10:31:42,无截图
拼多多,https://mobile.yangkeduo.com/goods.html?goods_id=806062288852,云米无线手持吸尘器家用立式除螨大吸力吸尘机A9长续航宠物家庭,806062288852,806062288852,999,,正常,2026-04-29 10:31:42,无截图
拼多多,https://mobile.yangkeduo.com/goods.html?goods_id=795732084979,云米燃气热水器增压水伺服恒温省气抗风节能排气16L已接入米家APP,795732084979,795732084979,1599,,正常,2026-04-29 10:31:42,无截图
拼多多,https://mobile.yangkeduo.com/goods.html?goods_id=791982350266,云米3200W电热水器智能抑菌速热节能一级能效增容已接入米家app,791982350266,791982350266,799,,正常,2026-04-29 10:31:42,无截图
拼多多,https://mobile.yangkeduo.com/goods.html?goods_id=791982350266,云米3200W电热水器智能抑菌速热节能一级能效增容已接入米家app,791982350266,791982350266,899,,正常,2026-04-29 10:31:42,无截图
拼多多,https://mobile.yangkeduo.com/goods.html?goods_id=791968310970,云米智能电热水器3200W节能变频增容速热家用浴室洗澡抑菌50L/60L,791968310970,791968310970,759,,正常,2026-04-29 10:31:42,无截图
拼多多,https://mobile.yangkeduo.com/goods.html?goods_id=791968310970,云米智能电热水器3200W节能变频增容速热家用浴室洗澡抑菌50L/60L,791968310970,791968310970,859,,正常,2026-04-29 10:31:42,无截图
拼多多,https://mobile.yangkeduo.com/goods.html?goods_id=791519887797,云米超薄零嵌510L大容量冰箱美妆舱底部散热一级变频双开门风冷,791519887797,791519887797,2789,,百亿补贴同价上首页,2026-04-29 10:31:42,无截图
拼多多,https://mobile.yangkeduo.com/goods.html?goods_id=784230725200,云米鲲鹏PRO烟机28m³大吸力聚能猛火灶一级能效烟灶联动厨电套装,784230725200,784230725200,3099,,正常,2026-04-29 10:31:42,无截图
拼多多,https://mobile.yangkeduo.com/goods.html?goods_id=784230725200,云米鲲鹏PRO烟机28m³大吸力聚能猛火灶一级能效烟灶联动厨电套装,784230725200,784230725200,3099,,正常,2026-04-29 10:31:42,无截图
拼多多,https://mobile.yangkeduo.com/goods.html?goods_id=783305466570,云米智能烘干晾衣架语音声控离线全自动升降阳台LED照明Smart超薄,783305466570,783305466570,1299,,正常,2026-04-29 10:31:42,无截图
拼多多,https://mobile.yangkeduo.com/goods.html?goods_id=783304689053,【声控晾衣架】云米智能电动晾衣架无线遥控大容量自动升降控制,783304689053,783304689053,999,,正常,2026-04-29 10:31:42,无截图
拼多多,https://mobile.yangkeduo.com/goods.html?goods_id=774960777953,蓝调2燃气热水器13L,6923185655688,774960777953,679,,限时折扣,2026-04-29 10:31:42,无截图
拼多多,https://mobile.yangkeduo.com/goods.html?goods_id=767193647325,门锁掌静脉,6923185655398,767193647325,1104,,大促搜索池,2026-04-29 10:31:42,无截图
拼多多,https://mobile.yangkeduo.com/goods.html?goods_id=765112154467,小鲸鱼 马桶盖,6923185654537,765112154467,699,,限时折扣,2026-04-29 10:31:42,无截图
拼多多,https://mobile.yangkeduo.com/goods.html?goods_id=763759392708,云米AI油烟机 鲲鹏Pro,6923185605379,763759392708,1999,,限时折扣,2026-04-29 10:31:42,无截图
拼多多,https://mobile.yangkeduo.com/goods.html?goods_id=761822913595,云米智能马桶 小鲸鱼 2 Pro,6923185654575,761822913595,2399,,限时折扣,2026-04-29 10:31:42,无截图
拼多多,https://mobile.yangkeduo.com/goods.html?goods_id=761822913595,云米智能马桶 小鲸鱼 2 Pro,6923185654575,761822913595,2399,,限时折扣,2026-04-29 10:31:42,无截图
拼多多,https://mobile.yangkeduo.com/goods.html?goods_id=743885774552,云米蓝调智能门锁（基础版）,6923185655381,743885774552,499,,限时折扣,2026-04-29 10:31:42,无截图
拼多多,https://mobile.yangkeduo.com/goods.html?goods_id=739863611562,云米AI油烟机 Smart 2 Pro,6923185653516,739863611562,1499,,正常,2026-04-29 10:31:42,无截图
拼多多,https://mobile.yangkeduo.com/goods.html?goods_id=705715580268,智能门锁锂电池(5000mAh),6923185652953,705715580268,114,99,高价待调整,2026-04-29 10:31:42,无截图
拼多多,https://mobile.yangkeduo.com/goods.html?goods_id=697436012016,【新品】云米120°超广角猫眼全自动智能门锁家用客厅室内高清大屏,697436012016,697436012016,999,,正常,2026-04-29 10:31:42,无截图
拼多多,https://mobile.yangkeduo.com/goods.html?goods_id=691819698413,云米电热水器50/60升洗澡家用浴室速热大容量省电防漏电警示安全,691819698413,691819698413,799,,正常,2026-04-29 10:31:42,无截图
拼多多,https://mobile.yangkeduo.com/goods.html?goods_id=691819698413,云米电热水器50/60升洗澡家用浴室速热大容量省电防漏电警示安全,691819698413,691819698413,899,,正常,2026-04-29 10:31:42,无截图
拼多多,https://mobile.yangkeduo.com/goods.html?goods_id=661859626284,小海豚-40L-2000w热水器,6923185681281,661859626284,599,,正常,2026-04-29 10:31:42,无截图
拼多多,https://mobile.yangkeduo.com/goods.html?goods_id=661859626284,小海豚-40L-2000w热水器,6923185681281,661859626284,599,,正常,2026-04-29 10:31:42,无截图
拼多多,https://mobile.yangkeduo.com/goods.html?goods_id=657344402006,云米油烟机蓝调,6923185650973,657344402006,859,,限时折扣,2026-04-29 10:31:42,无截图
拼多多,https://mobile.yangkeduo.com/goods.html?goods_id=635152751061,【全域烘干】云米全自动升降式智能室内嵌入式折叠晾衣机Super2Y,635152751061,635152751061,1699,,正常,2026-04-29 10:31:42,无截图
拼多多,https://mobile.yangkeduo.com/goods.html?goods_id=620077061933,云米嵌入式冰洗套装500升超薄十字四门冰箱&12KG大容量洗烘一体,620077061933,620077061933,6499,,正常,2026-04-29 10:31:42,无截图
拼多多,https://mobile.yangkeduo.com/goods.html?goods_id=620029199628,云米冰洗套装510升嵌入式风冷冰箱&12公斤大容量洗烘一体洗衣机,620029199628,620029199628,5899,,正常,2026-04-29 10:31:42,无截图
拼多多,https://mobile.yangkeduo.com/goods.html?goods_id=618360171773,云米超薄烟灶热套装飓风吸力抽油烟机5.2KW聚能灶超薄双胆热水器,618360171773,618360171773,4999,,正常,2026-04-29 10:31:42,无截图
拼多多,https://mobile.yangkeduo.com/goods.html?goods_id=618360171773,云米超薄烟灶热套装飓风吸力抽油烟机5.2KW聚能灶超薄双胆热水器,618360171773,618360171773,5999,,正常,2026-04-29 10:31:42,无截图
拼多多,https://mobile.yangkeduo.com/goods.html?goods_id=615426357041,云米空调1.5匹一级能效变频冷暖两用节能家用挂机 AI全域风Super3,615426357041,615426357041,3099,,正常,2026-04-29 10:31:42,无截图
拼多多,https://mobile.yangkeduo.com/goods.html?goods_id=614821960857,云米大容量冰洗套装603升独立制冰冰箱&10KG全自动洗烘一体洗衣机,614821960857,614821960857,4468,,大促搜索池,2026-04-29 10:31:42,无截图
拼多多,https://mobile.yangkeduo.com/goods.html?goods_id=614813745328,云米超薄嵌入式冰洗套餐500升风冷无霜冰箱&10公斤洗烘一体洗衣机,614813745328,614813745328,5566,,大促搜索池,2026-04-29 10:31:42,无截图
拼多多,https://mobile.yangkeduo.com/goods.html?goods_id=604410073495,VIOMI云米冷热管线机饮水机壁挂式双出水台式管线机UV杀菌,604410073495,604410073495,2499,,正常,2026-04-29 10:31:42,无截图
拼多多,https://mobile.yangkeduo.com/goods.html?goods_id=602716906408,【升级】云米空调1.5匹智能变频冷暖新一级舒适风空调挂机 Smart3,602716906408,602716906408,2199,,正常,2026-04-29 10:31:42,无截图
拼多多,https://mobile.yangkeduo.com/goods.html?goods_id=600491440603,【新品】云米空调1.5匹智能变频冷暖新三级舒适风空调挂机 Smart3,600491440603,600491440603,2099,,正常,2026-04-29 10:31:42,无截图
拼多多,https://mobile.yangkeduo.com/goods.html?goods_id=600131174099,【美妆超薄零嵌】云米510升嵌入式双开门一级风冷无霜银离子冰箱,600131174099,600131174099,2798,,大促搜索池,2026-04-29 10:31:42,无截图
拼多多,https://mobile.yangkeduo.com/goods.html?goods_id=583103526676,【新品上市】云米嵌入式母婴冰箱十字四开门家用变频风冷无霜513L,583103526676,583103526676,4499,,正常,2026-04-29 10:31:42,无截图
拼多多,https://mobile.yangkeduo.com/goods.html?goods_id=573873753845,云米前置过滤器Super智能自动冲洗全屋前置净水器家用自来水冲洗,573873753845,573873753845,599,,正常,2026-04-29 10:31:42,无截图
拼多多,https://mobile.yangkeduo.com/goods.html?goods_id=551388417367,【田曦薇推荐】云米扫地机器人扫拖一体语音全自动智能吸尘器Pro,551388417367,551388417367,999,,正常,2026-04-29 10:31:42,无截图
拼多多,https://mobile.yangkeduo.com/goods.html?goods_id=540840221349,云米净水器家用厨下式直饮水过滤器RO反渗透无陈水母婴直饮1200G,540840221349,540840221349,2599,,正常,2026-04-29 10:31:42,无截图
拼多多,https://mobile.yangkeduo.com/goods.html?goods_id=539854309519,云米12KG滚筒洗衣机家用全自动大容量洗烘一体机防抖动超薄全嵌,539854309519,539854309519,3699,,正常,2026-04-29 10:31:42,无截图
拼多多,https://mobile.yangkeduo.com/goods.html?goods_id=539850688350,【美妆超薄零嵌】云米冰箱609mm嵌入式风冷无霜AI双变频一级510升,539850688350,539850688350,3499,,正常,2026-04-29 10:31:42,无截图
拼多多,https://mobile.yangkeduo.com/goods.html?goods_id=535675329481,云米石墨烯踢脚线电暖器加湿家用速热取暖器节能室内暖风机电暖气,535675329481,535675329481,499,,正常,2026-04-29 10:31:42,无截图
拼多多,https://mobile.yangkeduo.com/goods.html?goods_id=534931901352,云米净水器家用直饮ro反渗透SuperY 1200G管线机前置过滤器套装,534931901352,534931901352,3799,,正常,2026-04-29 10:31:42,无截图
拼多多,https://mobile.yangkeduo.com/goods.html?goods_id=525667451666,【大屏冰箱】云米超薄全嵌入式T型冰箱三门一级变频风冷无霜412升,525667451666,525667451666,5999,,正常,2026-04-29 10:31:42,无截图
拼多多,https://mobile.yangkeduo.com/goods.html?goods_id=521949122103,云米一体智能马桶座圈加热一键清洗虹吸离座自动冲水小金龙增压版,521949122103,521949122103,2999,,正常,2026-04-29 10:31:42,无截图
拼多多,https://mobile.yangkeduo.com/goods.html?goods_id=521949122103,云米一体智能马桶座圈加热一键清洗虹吸离座自动冲水小金龙增压版,521949122103,521949122103,2999,,正常,2026-04-29 10:31:42,无截图
拼多多,https://mobile.yangkeduo.com/goods.html?goods_id=516748248645,云米电热水器8L小厨宝家用厨房速热储水式节能厨房神器VEW0831,516748248645,516748248645,499,,正常,2026-04-29 10:31:42,无截图
拼多多,https://mobile.yangkeduo.com/goods.html?goods_id=515237643272,云米电热水器AI美肤洗 780mm超薄 1级能效双胆三管速热 Super2Pro,515237643272,515237643272,1699,,正常,2026-04-29 10:31:42,无截图
拼多多,https://mobile.yangkeduo.com/goods.html?goods_id=495274606168,【田曦薇推荐】云米智能洗地机超薄双贴边大吸力超长续航 Smart2,495274606168,495274606168,1799,,正常,2026-04-29 10:31:42,无截图
拼多多,https://mobile.yangkeduo.com/goods.html?goods_id=490426355421,500L十字门冰箱,6923185651123,490426355421,3199,,大促搜索池,2026-04-29 10:31:42,无截图
拼多多,https://mobile.yangkeduo.com/goods.html?goods_id=490150938954,【安享王空调3匹】云米柜机变频冷暖家用商用智能自清洁节能三级,490150938954,490150938954,4999,,正常,2026-04-29 10:31:42,无截图
拼多多,https://mobile.yangkeduo.com/goods.html?goods_id=490111298360,云米家用空调1.5匹变频冷暖自清洁手机联网AI静音节能挂机新三级,490111298360,490111298360,2199,,正常,2026-04-29 10:31:42,无截图
拼多多,https://mobile.yangkeduo.com/goods.html?goods_id=490081202590,云米即热恒温4档烘干 9重安全防护 智能低压系统 Nano2E,490081202590,490081202590,1999,,正常,2026-04-29 10:31:42,无截图
拼多多,https://mobile.yangkeduo.com/goods.html?goods_id=490081202590,云米即热恒温4档烘干 9重安全防护 智能低压系统 Nano2E,490081202590,490081202590,1999,,正常,2026-04-29 10:31:42,无截图
拼多多,https://mobile.yangkeduo.com/goods.html?goods_id=484037745334,云米AI燃气灶power 5.0（天然气）,6923185654377,484037745334,1099,,正常,2026-04-29 10:31:42,无截图
拼多多,https://mobile.yangkeduo.com/goods.html?goods_id=480070620581,【冷热直饮套装】云米净水器家用厨下管线机套装一键即热制冷直饮,480070620581,480070620581,2399,,正常,2026-04-29 10:31:42,无截图
拼多多,https://mobile.yangkeduo.com/goods.html?goods_id=480070620581,【冷热直饮套装】云米净水器家用厨下管线机套装一键即热制冷直饮,480070620581,480070620581,2599,,正常,2026-04-29 10:31:42,无截图
拼多多,https://mobile.yangkeduo.com/goods.html?goods_id=472256690941,云米智能马桶即热活水清洗家用卫生间恒温烘干抗菌低压系统Nano2E,472256690941,472256690941,2499,,正常,2026-04-29 10:31:42,无截图
拼多多,https://mobile.yangkeduo.com/goods.html?goods_id=472256690941,云米智能马桶即热活水清洗家用卫生间恒温烘干抗菌低压系统Nano2E,472256690941,472256690941,2499,,正常,2026-04-29 10:31:42,无截图
拼多多,https://mobile.yangkeduo.com/goods.html?goods_id=466437108089,云米TDS水质检测笔测水质仪饮用水检测器家用自来水水质测试仪器,466437108089,466437108089,99,,正常,2026-04-29 10:31:42,无截图
拼多多,https://mobile.yangkeduo.com/goods.html?goods_id=463332030781,【吸扫拖3合1】云米全自动集尘扫地吸尘机器人alpha2pro清洁一体,463332030781,463332030781,1799,,正常,2026-04-29 10:31:42,无截图
拼多多,https://mobile.yangkeduo.com/goods.html?goods_id=452924828720,云米净饮一体机台式净水器即热型饮水机家用免安装X2minimango,452924828720,452924828720,899,,正常,2026-04-29 10:31:42,无截图
拼多多,https://mobile.yangkeduo.com/goods.html?goods_id=431395946988,云米侧吸烟灶套装大吸力抽油烟机5.0KW燃气灶厨房家用智能wingS1,431395946988,431395946988,1399,,正常,2026-04-29 10:31:42,无截图
拼多多,https://mobile.yangkeduo.com/goods.html?goods_id=427349642190,（有）云米净饮一体机台式净水器即热型饮水机净水器水过滤机,427349642190,427349642190,1089,,正常,2026-04-29 10:31:42,无截图
拼多多,https://mobile.yangkeduo.com/goods.html?goods_id=423988590355,云米净水器super Y 1200G滤芯复合滤芯RO滤芯,423988590355,423988590355,100,,正常,2026-04-29 10:31:42,无截图
拼多多,https://mobile.yangkeduo.com/goods.html?goods_id=423724952357,云米燃气热水器即热零冷水双增压 3重防冻 4段燃烧 5重净化 Super,423724952357,423724952357,1999,,正常,2026-04-29 10:31:42,无截图
拼多多,https://mobile.yangkeduo.com/goods.html?goods_id=414747194884,云米净饮一体机台式净水器即热型饮水机家用免安装X2加一支滤芯套,414747194884,414747194884,1199,,正常,2026-04-29 10:31:42,无截图
拼多多,https://mobile.yangkeduo.com/goods.html?goods_id=414747194884,云米净饮一体机台式净水器即热型饮水机家用免安装X2加一支滤芯套,414747194884,414747194884,1399,,正常,2026-04-29 10:31:42,无截图
拼多多,https://mobile.yangkeduo.com/goods.html?goods_id=414747194884,云米净饮一体机台式净水器即热型饮水机家用免安装X2加一支滤芯套,414747194884,414747194884,1399,,正常,2026-04-29 10:31:42,无截图
拼多多,https://mobile.yangkeduo.com/goods.html?goods_id=413986425773,蓝调智能门锁（人脸猫眼版）,6923185654650,413986425773,709,,限时折扣,2026-04-29 10:31:42,无截图
拼多多,https://mobile.yangkeduo.com/goods.html?goods_id=408451368894,云米智能全自动一体马桶恒温座圈臀部清洗虹吸自动冲水家用小金龙,408451368894,408451368894,2399,,正常,2026-04-29 10:31:42,无截图
拼多多,https://mobile.yangkeduo.com/goods.html?goods_id=407741710364,云米25m³顶侧爆吸大吸力智目吸烟机 5.2KW聚能猛火灶烟灶套装家用,407741710364,407741710364,3699,,正常,2026-04-29 10:31:42,无截图
拼多多,https://mobile.yangkeduo.com/goods.html?goods_id=407741710364,云米25m³顶侧爆吸大吸力智目吸烟机 5.2KW聚能猛火灶烟灶套装家用,407741710364,407741710364,3699,,正常,2026-04-29 10:31:42,无截图
拼多多,https://mobile.yangkeduo.com/goods.html?goods_id=407741710364,云米25m³顶侧爆吸大吸力智目吸烟机 5.2KW聚能猛火灶烟灶套装家用,407741710364,407741710364,3999,,正常,2026-04-29 10:31:42,无截图
拼多多,https://mobile.yangkeduo.com/goods.html?goods_id=407741710364,云米25m³顶侧爆吸大吸力智目吸烟机 5.2KW聚能猛火灶烟灶套装家用,407741710364,407741710364,3999,,正常,2026-04-29 10:31:42,无截图
拼多多,https://mobile.yangkeduo.com/goods.html?goods_id=405167616548,云米净水器家用直饮厨下式RO反渗透超滤净水机无桶小白龙800G,405167616548,405167616548,1599,,正常,2026-04-29 10:31:42,无截图
拼多多,https://mobile.yangkeduo.com/goods.html?goods_id=405069782417,【升级小海豚】云米净水器800G通量&竹炭滤芯厨下式RO反渗透家用,405069782417,405069782417,1099,,正常,2026-04-29 10:31:42,无截图
拼多多,https://mobile.yangkeduo.com/goods.html?goods_id=405069782417,【升级小海豚】云米净水器800G通量&竹炭滤芯厨下式RO反渗透家用,405069782417,405069782417,1399,,正常,2026-04-29 10:31:42,无截图
拼多多,https://mobile.yangkeduo.com/goods.html?goods_id=405069782417,【升级小海豚】云米净水器800G通量&竹炭滤芯厨下式RO反渗透家用,405069782417,405069782417,1699,,正常,2026-04-29 10:31:42,无截图
拼多多,https://mobile.yangkeduo.com/goods.html?goods_id=405069782417,【升级小海豚】云米净水器800G通量&竹炭滤芯厨下式RO反渗透家用,405069782417,405069782417,1999,,正常,2026-04-29 10:31:42,无截图
拼多多,https://mobile.yangkeduo.com/goods.html?goods_id=405069782417,【升级小海豚】云米净水器800G通量&竹炭滤芯厨下式RO反渗透家用,405069782417,405069782417,1999,,正常,2026-04-29 10:31:42,无截图
拼多多,https://mobile.yangkeduo.com/goods.html?goods_id=405069782417,【升级小海豚】云米净水器800G通量&竹炭滤芯厨下式RO反渗透家用,405069782417,405069782417,1999,,正常,2026-04-29 10:31:42,无截图
拼多多,https://mobile.yangkeduo.com/goods.html?goods_id=405069782417,【升级小海豚】云米净水器800G通量&竹炭滤芯厨下式RO反渗透家用,405069782417,405069782417,2199,,正常,2026-04-29 10:31:42,无截图
拼多多,https://mobile.yangkeduo.com/goods.html?goods_id=403868159413,云米蒸烤一体机厨房家用嵌入式蒸烤箱45L大蒸汽电烤箱VSO4501-B,403868159413,403868159413,1999,,正常,2026-04-29 10:31:42,无截图
拼多多,https://mobile.yangkeduo.com/goods.html?goods_id=391465779831,云米热水器13L家用智能洗澡燃气热水器水气双调恒温液化气,391465779831,391465779831,999,,正常,2026-04-29 10:31:42,无截图
拼多多,https://mobile.yangkeduo.com/goods.html?goods_id=391465779831,云米热水器13L家用智能洗澡燃气热水器水气双调恒温液化气,391465779831,391465779831,1199,,正常,2026-04-29 10:31:42,无截图
拼多多,https://mobile.yangkeduo.com/goods.html?goods_id=383502560587,【田曦薇推荐】云米落地扇直流变频台立两用无极调速小爱语音联网,383502560587,383502560587,329,,正常,2026-04-29 10:31:42,无截图
拼多多,https://mobile.yangkeduo.com/goods.html?goods_id=383400493031,云米智能即热式家用饮水机1键即热电热水壶Tee mini 1.8L水吧,383400493031,383400493031,269,,正常,2026-04-29 10:31:42,无截图
拼多多,https://mobile.yangkeduo.com/goods.html?goods_id=382839923175,云米顶侧双吸烟灶套装22m³大吸力抽油烟机聚能猛火灶节能燃气家用,382839923175,382839923175,1899,,正常,2026-04-29 10:31:42,无截图
拼多多,https://mobile.yangkeduo.com/goods.html?goods_id=382839923175,云米顶侧双吸烟灶套装22m³大吸力抽油烟机聚能猛火灶节能燃气家用,382839923175,382839923175,1999,,正常,2026-04-29 10:31:42,无截图
拼多多,https://mobile.yangkeduo.com/goods.html?goods_id=382544460689,【杀毒王2匹】云米家用空调变频冷暖柜机立式客厅智能节能 新三级,382544460689,382544460689,3999,,正常,2026-04-29 10:31:42,无截图
拼多多,https://mobile.yangkeduo.com/goods.html?goods_id=376344667102,云米1.5匹家用新风语音空调变频冷暖新一级能效智能恒温免孔安装,376344667102,376344667102,3099,,正常,2026-04-29 10:31:42,无截图
拼多多,https://mobile.yangkeduo.com/goods.html?goods_id=375507459489,云米管线机家用直饮机壁挂式UV杀菌加热一体机厨房加热饮水机MG2B,375507459489,375507459489,899,,正常,2026-04-29 10:31:42,无截图
拼多多,https://mobile.yangkeduo.com/goods.html?goods_id=369184383310,【吸扫拖三合一】云米全自动扫地机器人鲸吸扫地拖地吸尘 Alpha3,369184383310,369184383310,3699,,正常,2026-04-29 10:31:42,无截图
拼多多,https://mobile.yangkeduo.com/goods.html?goods_id=366671128859,【干湿分储】云米冰箱超薄变频一级风冷无霜十字冰箱四开门 546升,366671128859,366671128859,3499,,正常,2026-04-29 10:31:42,无截图
拼多多,https://mobile.yangkeduo.com/goods.html?goods_id=365033069371,云米全自动智能门锁密码锁家用电子锁防盗指纹锁超长续航eLink 2C,365033069371,365033069371,899,,正常,2026-04-29 10:31:42,无截图
拼多多,https://mobile.yangkeduo.com/goods.html?goods_id=365007215970,云米Super Y1200G大通量厨下净水器RO反渗透管线机前置过滤器套装,365007215970,365007215970,3099,,正常,2026-04-29 10:31:42,无截图
拼多多,https://mobile.yangkeduo.com/goods.html?goods_id=365007215970,云米Super Y1200G大通量厨下净水器RO反渗透管线机前置过滤器套装,365007215970,365007215970,3999,,正常,2026-04-29 10:31:42,无截图
拼多多,https://mobile.yangkeduo.com/goods.html?goods_id=364990106384,"即热1000G,MAIN84",6923185651116,364990106384,1356,1899,破价警报 | 百亿补贴,2026-04-29 10:31:42,无截图
拼多多,https://mobile.yangkeduo.com/goods.html?goods_id=356164755389,【全屋净水三件套装】云米净水器管线机前置过滤器即热小海豚600G,356164755389,356164755389,2299,,正常,2026-04-29 10:31:42,无截图
拼多多,https://mobile.yangkeduo.com/goods.html?goods_id=356164755389,【全屋净水三件套装】云米净水器管线机前置过滤器即热小海豚600G,356164755389,356164755389,2599,,正常,2026-04-29 10:31:42,无截图
拼多多,https://mobile.yangkeduo.com/goods.html?goods_id=355550841910,【鲜活营养守护先锋奖】云米延鲜AI冰箱一级双变频风冷无霜636升,355550841910,355550841910,3499,,正常,2026-04-29 10:31:42,无截图
拼多多,https://mobile.yangkeduo.com/goods.html?goods_id=339737903336,【智能声控】云米家用晾衣架电动晾衣机阳台全自动升降Smart S,339737903336,339737903336,999,,正常,2026-04-29 10:31:42,无截图
拼多多,https://mobile.yangkeduo.com/goods.html?goods_id=338636261947,【1键智洗】云米洗衣机全自动8公斤波轮租房家用防缠绕洗脱一体,338636261947,338636261947,999,,正常,2026-04-29 10:31:42,无截图
拼多多,https://mobile.yangkeduo.com/goods.html?goods_id=325803370945,【杀菌】云米空调大3匹柜机一级家用变频冷暖客厅变频冷暖自清洁,325803370945,325803370945,5299,,正常,2026-04-29 10:31:42,无截图
拼多多,https://mobile.yangkeduo.com/goods.html?goods_id=325232192898,冰箱603,6923185650935,325232192898,2459,,限量折扣,2026-04-29 10:31:42,无截图
拼多多,https://mobile.yangkeduo.com/goods.html?goods_id=309984364103,云米智能烘干晾衣架语音声控离线全自动升降阳台LED照明Smart超薄,309984364103,309984364103,1299,,正常,2026-04-29 10:31:42,无截图
拼多多,https://mobile.yangkeduo.com/goods.html?goods_id=296957182528,复合滤芯,"6923185600138,6923185600145",296957182528,999,,正常,2026-04-29 10:31:42,无截图
拼多多,https://mobile.yangkeduo.com/goods.html?goods_id=293928589058,云米大吸力侧吸烟灶套装抽油烟机猛火燃气灶装嵌入式节能家用厨房,293928589058,293928589058,1399,,正常,2026-04-29 10:31:42,无截图
拼多多,https://mobile.yangkeduo.com/goods.html?goods_id=291146640482,云米净水器滤芯家用通用系列厨下1A1号2号滤芯RO反渗透滤芯复合,291146640482,291146640482,499,,正常,2026-04-29 10:31:42,无截图
拼多多,https://mobile.yangkeduo.com/goods.html?goods_id=291141614396,F3-五合一,6923185614258,291141614396,499,298,高价待调整,2026-04-29 10:31:42,无截图
拼多多,https://mobile.yangkeduo.com/goods.html?goods_id=291141614396,F3-五合一,6923185614258,291141614396,899,298,高价待调整,2026-04-29 10:31:42,无截图
拼多多,https://mobile.yangkeduo.com/goods.html?goods_id=291141614396,F3-五合一,6923185614258,291141614396,999,298,高价待调整,2026-04-29 10:31:42,无截图
拼多多,https://mobile.yangkeduo.com/goods.html?goods_id=290543633215,复合滤芯,"6923185614258,6923185616177",290543633215,199,,正常,2026-04-29 10:31:42,无截图
拼多多,https://mobile.yangkeduo.com/goods.html?goods_id=290543633215,复合滤芯,"6923185614258,6923185616177",290543633215,199,,正常,2026-04-29 10:31:42,无截图
拼多多,https://mobile.yangkeduo.com/goods.html?goods_id=289678345008,【内衣母婴专属】云米1KG迷你洗衣机家用全自动洗脱一体除菌波轮,289678345008,289678345008,1299,,正常,2026-04-29 10:31:42,无截图
拼多多,https://mobile.yangkeduo.com/goods.html?goods_id=289613839419,【智能双投放】云米洗衣机10公斤洗烘一体变频一级能效全自动滚筒,289613839419,289613839419,2399,,正常,2026-04-29 10:31:42,无截图
拼多多,https://mobile.yangkeduo.com/goods.html?goods_id=289608993802,【超薄洗衣机】云米洗衣机全自动10公斤滚筒47CM超薄洗脱一体,289608993802,289608993802,2499,,正常,2026-04-29 10:31:42,无截图
拼多多,https://mobile.yangkeduo.com/goods.html?goods_id=289729238975,【杀毒王3匹】云米家用空调变频冷暖柜机立式客厅智能节能新三级,289729238975,289729238975,3899,,正常,2026-04-29 10:31:42,无截图
拼多多,https://mobile.yangkeduo.com/goods.html?goods_id=289729238975,【杀毒王3匹】云米家用空调变频冷暖柜机立式客厅智能节能新三级,289729238975,289729238975,4899,,正常,2026-04-29 10:31:42,无截图
拼多多,https://mobile.yangkeduo.com/goods.html?goods_id=283191769057,云米互联网洗碗机4套台面式免安装智能语音控制高温消毒杀菌烘干,283191769057,283191769057,699,,正常,2026-04-29 10:31:42,无截图
拼多多,https://mobile.yangkeduo.com/goods.html?goods_id=276965357470,云米598升双开门对开门变频一级能效风冷无霜超薄嵌入式智能冰箱,276965357470,276965357470,2799,,正常,2026-04-29 10:31:42,无截图
拼多多,https://mobile.yangkeduo.com/goods.html?goods_id=276658474666,【全屋智能】云米净饮一体机X2Pro台式免安装净水器即热式饮水机,276658474666,276658474666,1099,,正常,2026-04-29 10:31:42,无截图
拼多多,https://mobile.yangkeduo.com/goods.html?goods_id=273348857003,云米蓝调智能门锁（基础版）,6923185655381,273348857003,499,,限时折扣,2026-04-29 10:31:42,无截图
拼多多,https://mobile.yangkeduo.com/goods.html?goods_id=268591343924,云米顶侧大吸力抽油烟机聚能猛火灶智能家用厨房烟灶套装flash2,268591343924,268591343924,2899,,正常,2026-04-29 10:31:42,无截图
拼多多,https://mobile.yangkeduo.com/goods.html?goods_id=268591343924,云米顶侧大吸力抽油烟机聚能猛火灶智能家用厨房烟灶套装flash2,268591343924,268591343924,2899,,正常,2026-04-29 10:31:42,无截图
拼多多,https://mobile.yangkeduo.com/goods.html?goods_id=264080849667,霸王锁体,6923185622154,264080849667,150,150,正常,2026-04-29 10:31:42,无截图
拼多多,https://mobile.yangkeduo.com/goods.html?goods_id=259795065484,【杀毒王】云米空调1.5匹变频冷暖1级能效杀病毒循环除菌 Super2s,259795065484,259795065484,2499,,正常,2026-04-29 10:31:42,无截图
拼多多,https://mobile.yangkeduo.com/goods.html?goods_id=259115850200,蓝调智能门锁（3D人脸版）,6923185654643,259115850200,629,,限时折扣,2026-04-29 10:31:42,无截图
拼多多,https://mobile.yangkeduo.com/goods.html?goods_id=258855020077,云米456升超薄嵌入式对开门双开门变频风冷无霜智能家用电冰箱,258855020077,258855020077,1899,,正常,2026-04-29 10:31:42,无截图
拼多多,https://mobile.yangkeduo.com/goods.html?goods_id=258855020077,云米456升超薄嵌入式对开门双开门变频风冷无霜智能家用电冰箱,258855020077,258855020077,2299,,正常,2026-04-29 10:31:42,无截图
拼多多,https://mobile.yangkeduo.com/goods.html?goods_id=251420900843,【田曦薇推荐】云米负离子空气循环扇大学生宿舍家用直流变频风扇,251420900843,251420900843,529,,正常,2026-04-29 10:31:42,无截图
拼多多,https://mobile.yangkeduo.com/goods.html?goods_id=249751266813,【DD直驱超薄】云米洗衣机洗烘一体全自动一级能效智能滚筒10公斤,249751266813,249751266813,2999,,正常,2026-04-29 10:31:42,无截图
拼多多,https://mobile.yangkeduo.com/goods.html?goods_id=247862575297,【DD直驱智能双投放】云米洗衣机全自动10KG一级能效洗脱一体滚筒,247862575297,247862575297,2499,,正常,2026-04-29 10:31:42,无截图
拼多多,https://mobile.yangkeduo.com/goods.html?goods_id=247228990842,云米智能马桶抗菌座圈恒温即热双增压自动冲水烘干坐便器Nano2,247228990842,247228990842,2699,,正常,2026-04-29 10:31:42,无截图
拼多多,https://mobile.yangkeduo.com/goods.html?goods_id=246986456918,【小海豚1000G管线机套装】云米净水器家用厨下一键即热制冷直饮,246986456918,246986456918,2199,,正常,2026-04-29 10:31:42,无截图
拼多多,https://mobile.yangkeduo.com/goods.html?goods_id=246986456918,【小海豚1000G管线机套装】云米净水器家用厨下一键即热制冷直饮,246986456918,246986456918,2299,,正常,2026-04-29 10:31:42,无截图
拼多多,https://mobile.yangkeduo.com/goods.html?goods_id=246986456918,【小海豚1000G管线机套装】云米净水器家用厨下一键即热制冷直饮,246986456918,246986456918,2399,,正常,2026-04-29 10:31:42,无截图
拼多多,https://mobile.yangkeduo.com/goods.html?goods_id=246986456918,【小海豚1000G管线机套装】云米净水器家用厨下一键即热制冷直饮,246986456918,246986456918,2399,,正常,2026-04-29 10:31:42,无截图
拼多多,https://mobile.yangkeduo.com/goods.html?goods_id=246986456918,【小海豚1000G管线机套装】云米净水器家用厨下一键即热制冷直饮,246986456918,246986456918,2399,,正常,2026-04-29 10:31:42,无截图
拼多多,https://mobile.yangkeduo.com/goods.html?goods_id=246986456918,【小海豚1000G管线机套装】云米净水器家用厨下一键即热制冷直饮,246986456918,246986456918,2499,,正常,2026-04-29 10:31:42,无截图
拼多多,https://mobile.yangkeduo.com/goods.html?goods_id=246986456918,【小海豚1000G管线机套装】云米净水器家用厨下一键即热制冷直饮,246986456918,246986456918,2599,,正常,2026-04-29 10:31:42,无截图
拼多多,https://mobile.yangkeduo.com/goods.html?goods_id=246986456918,【小海豚1000G管线机套装】云米净水器家用厨下一键即热制冷直饮,246986456918,246986456918,2599,,正常,2026-04-29 10:31:42,无截图
拼多多,https://mobile.yangkeduo.com/goods.html?goods_id=245465996610,云米管线机壁挂台式两用冷热开水机家用调温即热饮水机带uv杀菌,245465996610,245465996610,1999,,正常,2026-04-29 10:31:42,无截图
拼多多,https://mobile.yangkeduo.com/goods.html?goods_id=245015637978,云米电热水器蓝调3200W安全速热卫生间洗澡8倍大水量抑菌水质可视,245015637978,245015637978,1099,,正常,2026-04-29 10:31:42,无截图
拼多多,https://mobile.yangkeduo.com/goods.html?goods_id=245015637978,云米电热水器蓝调3200W安全速热卫生间洗澡8倍大水量抑菌水质可视,245015637978,245015637978,1299,,正常,2026-04-29 10:31:42,无截图
拼多多,https://mobile.yangkeduo.com/goods.html?goods_id=245015637978,云米电热水器蓝调3200W安全速热卫生间洗澡8倍大水量抑菌水质可视,245015637978,245015637978,1299,,正常,2026-04-29 10:31:42,无截图
拼多多,https://mobile.yangkeduo.com/goods.html?goods_id=245015637978,云米电热水器蓝调3200W安全速热卫生间洗澡8倍大水量抑菌水质可视,245015637978,245015637978,1399,,正常,2026-04-29 10:31:42,无截图
拼多多,https://mobile.yangkeduo.com/goods.html?goods_id=245015637978,云米电热水器蓝调3200W安全速热卫生间洗澡8倍大水量抑菌水质可视,245015637978,245015637978,1499,,正常,2026-04-29 10:31:42,无截图
拼多多,https://mobile.yangkeduo.com/goods.html?goods_id=245008294548,云米大容量洗碗机10套家用嵌入式智目洗全自动热风烘干除菌消毒,245008294548,245008294548,2098,,正常,2026-04-29 10:31:42,无截图
拼多多,https://mobile.yangkeduo.com/goods.html?goods_id=243153009643,云米净饮机X2系列滤芯X2mini mango复合滤芯5in1/6in1 RO反渗透,243153009643,243153009643,288,,正常,2026-04-29 10:31:42,无截图
拼多多,https://mobile.yangkeduo.com/goods.html?goods_id=243153009643,云米净饮机X2系列滤芯X2mini mango复合滤芯5in1/6in1 RO反渗透,243153009643,243153009643,288,,正常,2026-04-29 10:31:42,无截图
拼多多,https://mobile.yangkeduo.com/goods.html?goods_id=243153009643,云米净饮机X2系列滤芯X2mini mango复合滤芯5in1/6in1 RO反渗透,243153009643,243153009643,319,,正常,2026-04-29 10:31:42,无截图
拼多多,https://mobile.yangkeduo.com/goods.html?goods_id=241667411785,云米即热式饮水机1键即热水吧3档控温4L大容量台式免安装,241667411785,241667411785,589,,正常,2026-04-29 10:31:42,无截图
拼多多,https://mobile.yangkeduo.com/goods.html?goods_id=237591380789,云米全自动智能马桶水箱泡沫盾抗菌即热恒温座圈离座冲水小鲸鱼2,237591380789,237591380789,1999,,正常,2026-04-29 10:31:42,无截图
拼多多,https://mobile.yangkeduo.com/goods.html?goods_id=237591380789,云米全自动智能马桶水箱泡沫盾抗菌即热恒温座圈离座冲水小鲸鱼2,237591380789,237591380789,1999,,正常,2026-04-29 10:31:42,无截图
拼多多,https://mobile.yangkeduo.com/goods.html?goods_id=237590247709,【1小时洗烘】云米全自动洗衣机1级能效10公斤洗烘一体烘干机滚筒,237590247709,237590247709,2399,,正常,2026-04-29 10:31:42,无截图
拼多多,https://mobile.yangkeduo.com/goods.html?goods_id=231833573024,小烤箱6L,6923185603221,231833573024,199,174,高价待调整,2026-04-29 10:31:42,无截图
拼多多,https://mobile.yangkeduo.com/goods.html?goods_id=228907185185,云米16L零冷水燃气热水器家用智能变频即热水气双调恒温安全防冻,228907185185,228907185185,1699,,正常,2026-04-29 10:31:42,无截图
拼多多,https://mobile.yangkeduo.com/goods.html?goods_id=227970049599,云米净水器水龙头过滤器自来水家用厨房超滤滤水器前置净化器,227970049599,227970049599,159,,正常,2026-04-29 10:31:42,无截图
拼多多,https://mobile.yangkeduo.com/goods.html?goods_id=226771358169,1云米净水器家用厨房农村水龙头过滤器自来水净化器MT1/2,226771358169,226771358169,128,,正常,2026-04-29 10:31:42,无截图
拼多多,https://mobile.yangkeduo.com/goods.html?goods_id=226771358169,1云米净水器家用厨房农村水龙头过滤器自来水净化器MT1/2,226771358169,226771358169,168,,正常,2026-04-29 10:31:42,无截图
拼多多,https://mobile.yangkeduo.com/goods.html?goods_id=223485946991,云米智能洗碗机10套热风烘干消毒嵌入式洗烘存一体家用IronA1,223485946991,223485946991,2299,,正常,2026-04-29 10:31:42,无截图
拼多多,https://mobile.yangkeduo.com/goods.html?goods_id=225501370546,小海豚3,6923185605867,225501370546,999,499,高价待调整,2026-04-29 10:31:42,无截图
拼多多,https://mobile.yangkeduo.com/goods.html?goods_id=225501370546,小海豚3,6923185605867,225501370546,1099,499,高价待调整,2026-04-29 10:31:42,无截图
拼多多,https://mobile.yangkeduo.com/goods.html?goods_id=225501370546,小海豚3,6923185605867,225501370546,1398,499,高价待调整,2026-04-29 10:31:42,无截图
拼多多,https://mobile.yangkeduo.com/goods.html?goods_id=224216987554,云米净水器滤芯S2、Fast厨下1A400G600G 1号复合滤芯RO反渗透滤芯,224216987554,224216987554,499,,正常,2026-04-29 10:31:42,无截图
拼多多,https://mobile.yangkeduo.com/goods.html?goods_id=224216987554,云米净水器滤芯S2、Fast厨下1A400G600G 1号复合滤芯RO反渗透滤芯,224216987554,224216987554,699,,正常,2026-04-29 10:31:42,无截图
拼多多,https://mobile.yangkeduo.com/goods.html?goods_id=224216987554,云米净水器滤芯S2、Fast厨下1A400G600G 1号复合滤芯RO反渗透滤芯,224216987554,224216987554,699,,正常,2026-04-29 10:31:42,无截图
拼多多,https://mobile.yangkeduo.com/goods.html?goods_id=223686266452,云米全自动滚筒洗衣机10KG洗烘一体除菌家用智能投放超薄嵌入M2,223686266452,223686266452,3299,,正常,2026-04-29 10:31:42,无截图
拼多多,https://mobile.yangkeduo.com/goods.html?goods_id=223486025603,云米互联网洗碗机全自动家用8套热风烘干消毒嵌入式Iron X1,223486025603,223486025603,1799,,正常,2026-04-29 10:31:42,无截图
拼多多,https://mobile.yangkeduo.com/goods.html?goods_id=222446512832,【冷酷王】云米大一匹单冷空调独立除湿秒速制冷家用卧室节能变频,222446512832,222446512832,1699,,正常,2026-04-29 10:31:42,无截图
拼多多,https://mobile.yangkeduo.com/goods.html?goods_id=221876010591,云米净水器家用直饮RO反渗透净饮一体净水机滤芯1200GSuper2max,221876010591,221876010591,4299,,正常,2026-04-29 10:31:42,无截图
拼多多,https://mobile.yangkeduo.com/goods.html?goods_id=221876010591,云米净水器家用直饮RO反渗透净饮一体净水机滤芯1200GSuper2max,221876010591,221876010591,4299,,正常,2026-04-29 10:31:42,无截图
拼多多,https://mobile.yangkeduo.com/goods.html?goods_id=221842463604,1小米云米净水器RO反渗透纯水机厨下家用直饮过滤器饮水机600加仑,221842463604,221842463604,1300,,正常,2026-04-29 10:31:42,无截图
拼多多,https://mobile.yangkeduo.com/goods.html?goods_id=221686401936,【空调套装】云米空调3室1厅组合 新1级能效3P柜机+新1级1.5P挂机,221686401936,221686401936,10999,,正常,2026-04-29 10:31:42,无截图
拼多多,https://mobile.yangkeduo.com/goods.html?goods_id=221565163539,【语音柔风王】云米空调柜机冷暖双变频一级能效客厅立式智能空调,221565163539,221565163539,6499,,正常,2026-04-29 10:31:42,无截图
拼多多,https://mobile.yangkeduo.com/goods.html?goods_id=220936223742,云米燃气热水器变频恒温8大安全防护 家用节能防冻速热FireC113L,220936223742,220936223742,1399,,正常,2026-04-29 10:31:42,无截图
拼多多,https://mobile.yangkeduo.com/goods.html?goods_id=220867531419,"(X2Pro链接,少量差评可做备选)云米净饮一体机X2mini Mango",220867531419,220867531419,1099,,正常,2026-04-29 10:31:42,无截图
拼多多,https://mobile.yangkeduo.com/goods.html?goods_id=220820325711,云米消毒柜（嵌入式）云米版,6923185604303,220820325711,899,,限时折扣,2026-04-29 10:31:42,无截图
拼多多,https://mobile.yangkeduo.com/goods.html?goods_id=219691919640,【阳光暖烘】云米智能晾衣架全自动升降联网烘干电动晾衣机阳台,219691919640,219691919640,1599,,正常,2026-04-29 10:31:42,无截图
拼多多,https://mobile.yangkeduo.com/goods.html?goods_id=219492848549,云米家用门锁智能锁指纹密码锁防盗门电子门锁全自动推拉门锁,219492848549,219492848549,1299,,正常,2026-04-29 10:31:42,无截图
拼多多,https://mobile.yangkeduo.com/goods.html?goods_id=219492848549,云米家用门锁智能锁指纹密码锁防盗门电子门锁全自动推拉门锁,219492848549,219492848549,1299,,正常,2026-04-29 10:31:42,无截图
拼多多,https://mobile.yangkeduo.com/goods.html?goods_id=219486126363,flash烟机,6923185613664,219486126363,899,,限时折扣,2026-04-29 10:31:42,无截图
拼多多,https://mobile.yangkeduo.com/goods.html?goods_id=217541928957,云米真空保温杯轻便携不锈钢大学生自习室茶杯300ml,217541928957,217541928957,89,,正常,2026-04-29 10:31:42,无截图
拼多多,https://mobile.yangkeduo.com/goods.html?goods_id=217105737391,云米智能马桶浴霸套装 即热全自动座便器  小爱语音浴霸 卫浴套装,217105737391,217105737391,3499,,正常,2026-04-29 10:31:42,无截图
拼多多,https://mobile.yangkeduo.com/goods.html?goods_id=217105737391,云米智能马桶浴霸套装 即热全自动座便器  小爱语音浴霸 卫浴套装,217105737391,217105737391,3499,,正常,2026-04-29 10:31:42,无截图
拼多多,https://mobile.yangkeduo.com/goods.html?goods_id=215991927819,【烟灶联动】云米顶侧3吸大吸力抽油烟机聚能燃气灶烟灶套装Super,215991927819,215991927819,2699,,正常,2026-04-29 10:31:42,无截图
拼多多,https://mobile.yangkeduo.com/goods.html?goods_id=215505605173,【上门安装】云米电热水器安全速热家用洗澡储水式省电VEW605A,215505605173,215505605173,599,,正常,2026-04-29 10:31:42,无截图
拼多多,https://mobile.yangkeduo.com/goods.html?goods_id=215505605173,【上门安装】云米电热水器安全速热家用洗澡储水式省电VEW605A,215505605173,215505605173,799,,正常,2026-04-29 10:31:42,无截图
拼多多,https://mobile.yangkeduo.com/goods.html?goods_id=215505605173,【上门安装】云米电热水器安全速热家用洗澡储水式省电VEW605A,215505605173,215505605173,899,,正常,2026-04-29 10:31:42,无截图
拼多多,https://mobile.yangkeduo.com/goods.html?goods_id=215498018054,【空调套装】云米空调1室1厅组合 新1级能效2P柜机+新1级1.5P挂机,215498018054,215498018054,6199,,正常,2026-04-29 10:31:42,无截图
拼多多,https://mobile.yangkeduo.com/goods.html?goods_id=214448170082,云米即热水吧办公室台式免安装宿舍小型饮水机2.5L大容量烧热水壶,214448170082,214448170082,299,,正常,2026-04-29 10:31:42,无截图
拼多多,https://mobile.yangkeduo.com/goods.html?goods_id=214448170082,云米即热水吧办公室台式免安装宿舍小型饮水机2.5L大容量烧热水壶,214448170082,214448170082,299,,正常,2026-04-29 10:31:42,无截图
拼多多,https://mobile.yangkeduo.com/goods.html?goods_id=213946234221,云米无线手持吸尘器家用立式除螨大吸力吸尘机A9长续航宠物家庭,213946234221,213946234221,899,,正常,2026-04-29 10:31:42,无截图
拼多多,https://mobile.yangkeduo.com/goods.html?goods_id=212124982919,云米踢脚线电暖器家用客厅节能速热加湿取暖器语音控制智能定时,212124982919,212124982919,699,,正常,2026-04-29 10:31:42,无截图
拼多多,https://mobile.yangkeduo.com/goods.html?goods_id=212124982919,云米踢脚线电暖器家用客厅节能速热加湿取暖器语音控制智能定时,212124982919,212124982919,799,,正常,2026-04-29 10:31:42,无截图
拼多多,https://mobile.yangkeduo.com/goods.html?goods_id=211439538390,云米即热饮水机1键即热水吧4档控温4L大容量台式免安装,211439538390,211439538390,429,,正常,2026-04-29 10:31:42,无截图
拼多多,https://mobile.yangkeduo.com/goods.html?goods_id=209415771537,【声控晾衣架】云米智能电动晾衣架无线遥控大容量自动升降控制,209415771537,209415771537,899,,正常,2026-04-29 10:31:42,无截图
拼多多,https://mobile.yangkeduo.com/goods.html?goods_id=209415771537,【声控晾衣架】云米智能电动晾衣架无线遥控大容量自动升降控制,209415771537,209415771537,1149,,正常,2026-04-29 10:31:42,无截图
拼多多,https://mobile.yangkeduo.com/goods.html?goods_id=209406625494,蓝调智能门锁（大屏猫眼版）,6923185654667,209406625494,999,,正常,2026-04-29 10:31:42,无截图
拼多多,https://mobile.yangkeduo.com/goods.html?goods_id=208077402678,【柔风王】云米空调1.5匹新1级能效变频冷暖超大导板挂机 Smart2S,208077402678,208077402678,2399,,正常,2026-04-29 10:31:42,无截图
拼多多,https://mobile.yangkeduo.com/goods.html?goods_id=208074025148,云米净水器600G小海豚厨下式RO反渗透直饮过滤器净饮机家用出租屋,208074025148,208074025148,1299,,正常,2026-04-29 10:31:42,无截图
拼多多,https://mobile.yangkeduo.com/goods.html?goods_id=208071231700,云米60L速热电热水器3000W一级节能变频增容租房安全已接入米家AP,208071231700,208071231700,749,,正常,2026-04-29 10:31:42,无截图
拼多多,https://mobile.yangkeduo.com/goods.html?goods_id=208069905615,【杀病毒空调】云米大1匹空调变频冷暖自动调温一级能效 Super2s,208069905615,208069905615,2099,,正常,2026-04-29 10:31:42,无截图
拼多多,https://mobile.yangkeduo.com/goods.html?goods_id=207799885384,【超薄除螨】云米家用全自动洗烘一体10公斤洗衣机滚筒 Master S,207799885384,207799885384,2699,,正常,2026-04-29 10:31:42,无截图
拼多多,https://mobile.yangkeduo.com/goods.html?goods_id=207783866280,【超窄冰箱】云米冰箱风冷无霜AI双变频78CM超窄对开门电冰箱436L,207783866280,207783866280,2199,,正常,2026-04-29 10:31:42,无截图
拼多多,https://mobile.yangkeduo.com/goods.html?goods_id=207250698147,400加仑智能净水器 RO反渗透纯水机无桶 MR432-D,207250698147,207250698147,899,,正常,2026-04-29 10:31:42,无截图
拼多多,https://mobile.yangkeduo.com/goods.html?goods_id=205628593157,云米滚筒10kg大容量家用全自动洗烘一体洗衣机除菌节能智能互联,205628593157,205628593157,1899,,正常,2026-04-29 10:31:42,无截图
拼多多,https://mobile.yangkeduo.com/goods.html?goods_id=205463909525,【十字冰箱】云米十字四开门冰箱精细分储AI双变频风冷无霜410升,205463909525,205463909525,2699,,正常,2026-04-29 10:31:42,无截图
拼多多,https://mobile.yangkeduo.com/goods.html?goods_id=205442655354,【超薄冰箱】云米冰箱嵌入式双开门变频风冷无霜大容量对开456升,205442655354,205442655354,2699,,正常,2026-04-29 10:31:42,无截图
拼多多,https://mobile.yangkeduo.com/goods.html?goods_id=205451808289,小厨宝,6923185611233,205451808289,359,,正常,2026-04-29 10:31:42,无截图
拼多多,https://mobile.yangkeduo.com/goods.html?goods_id=205467667434,[新品上市]VIOMI 云米净水器600G小海豚3厨下式RO反渗透直饮家用,205467667434,205467667434,998,,正常,2026-04-29 10:31:42,无截图
拼多多,https://mobile.yangkeduo.com/goods.html?goods_id=205378217791,1级能效云米燃气灶 可联网 10重安保 厨房灶具 天然气猛火灶4500W,205378217791,205378217791,799,,正常,2026-04-29 10:31:42,无截图
拼多多,https://mobile.yangkeduo.com/goods.html?goods_id=205448553075,云米电热水器VEW605家用小型储水速热节能漏电保护60L,205448553075,205448553075,749,,正常,2026-04-29 10:31:42,无截图
拼多多,https://mobile.yangkeduo.com/goods.html?goods_id=205458105137,小海豚2 1000G,6923185654865,205458105137,899,899,限量折扣,2026-04-29 10:31:42,无截图
拼多多2,https://mobile.yangkeduo.com/goods.html?goods_id=942754114793,云米AI燃气热水器 智控恒温防冻节能安全水质净化精准控温13L强排,942754114793,942754114793,999,,正常,2026-04-29 10:32:36,无截图
拼多多2,https://mobile.yangkeduo.com/goods.html?goods_id=942740482351,云米AI燃气热水器 智控恒温防冻节能安全水质净化精准控温13L强排,942740482351,942740482351,999,,正常,2026-04-29 10:32:36,无截图
拼多多2,https://mobile.yangkeduo.com/goods.html?goods_id=942656610557,云米即热净水器厨房家用直饮RO反渗透加热净饮一体机1000G,942656610557,942656610557,2999,,正常,2026-04-29 10:32:36,无截图
拼多多2,https://mobile.yangkeduo.com/goods.html?goods_id=939930331098,VIOMI云米 滤芯 反渗透滤芯RO膜,939930331098,939930331098,598,,正常,2026-04-29 10:32:36,无截图
拼多多2,https://mobile.yangkeduo.com/goods.html?goods_id=939930331098,VIOMI云米 滤芯 反渗透滤芯RO膜,939930331098,939930331098,598,,正常,2026-04-29 10:32:36,无截图
拼多多2,https://mobile.yangkeduo.com/goods.html?goods_id=939930331098,VIOMI云米 滤芯 反渗透滤芯RO膜,939930331098,939930331098,598,,正常,2026-04-29 10:32:36,无截图
拼多多2,https://mobile.yangkeduo.com/goods.html?goods_id=939930331098,VIOMI云米 滤芯 反渗透滤芯RO膜,939930331098,939930331098,698,,正常,2026-04-29 10:32:36,无截图
拼多多2,https://mobile.yangkeduo.com/goods.html?goods_id=939930331098,VIOMI云米 滤芯 反渗透滤芯RO膜,939930331098,939930331098,798,,正常,2026-04-29 10:32:36,无截图
拼多多2,https://mobile.yangkeduo.com/goods.html?goods_id=939930331098,VIOMI云米 滤芯 反渗透滤芯RO膜,939930331098,939930331098,799,,正常,2026-04-29 10:32:36,无截图
拼多多2,https://mobile.yangkeduo.com/goods.html?goods_id=939930331098,VIOMI云米 滤芯 反渗透滤芯RO膜,939930331098,939930331098,898,,正常,2026-04-29 10:32:36,无截图
拼多多2,https://mobile.yangkeduo.com/goods.html?goods_id=939930331098,VIOMI云米 滤芯 反渗透滤芯RO膜,939930331098,939930331098,898,,正常,2026-04-29 10:32:36,无截图
拼多多2,https://mobile.yangkeduo.com/goods.html?goods_id=939930331098,VIOMI云米 滤芯 反渗透滤芯RO膜,939930331098,939930331098,898,,正常,2026-04-29 10:32:36,无截图
拼多多2,https://mobile.yangkeduo.com/goods.html?goods_id=939930331098,VIOMI云米 滤芯 反渗透滤芯RO膜,939930331098,939930331098,899,,正常,2026-04-29 10:32:36,无截图
拼多多2,https://mobile.yangkeduo.com/goods.html?goods_id=939928309801,VIOMI云米 滤芯 反渗透滤芯RO膜,939928309801,939928309801,598,,正常,2026-04-29 10:32:36,无截图
拼多多2,https://mobile.yangkeduo.com/goods.html?goods_id=939928309801,VIOMI云米 滤芯 反渗透滤芯RO膜,939928309801,939928309801,598,,正常,2026-04-29 10:32:36,无截图
拼多多2,https://mobile.yangkeduo.com/goods.html?goods_id=939928309801,VIOMI云米 滤芯 反渗透滤芯RO膜,939928309801,939928309801,598,,正常,2026-04-29 10:32:36,无截图
拼多多2,https://mobile.yangkeduo.com/goods.html?goods_id=939928309801,VIOMI云米 滤芯 反渗透滤芯RO膜,939928309801,939928309801,698,,正常,2026-04-29 10:32:36,无截图
拼多多2,https://mobile.yangkeduo.com/goods.html?goods_id=939928309801,VIOMI云米 滤芯 反渗透滤芯RO膜,939928309801,939928309801,798,,正常,2026-04-29 10:32:36,无截图
拼多多2,https://mobile.yangkeduo.com/goods.html?goods_id=939928309801,VIOMI云米 滤芯 反渗透滤芯RO膜,939928309801,939928309801,799,,正常,2026-04-29 10:32:36,无截图
拼多多2,https://mobile.yangkeduo.com/goods.html?goods_id=939928309801,VIOMI云米 滤芯 反渗透滤芯RO膜,939928309801,939928309801,898,,正常,2026-04-29 10:32:36,无截图
拼多多2,https://mobile.yangkeduo.com/goods.html?goods_id=939928309801,VIOMI云米 滤芯 反渗透滤芯RO膜,939928309801,939928309801,898,,正常,2026-04-29 10:32:36,无截图
拼多多2,https://mobile.yangkeduo.com/goods.html?goods_id=939928309801,VIOMI云米 滤芯 反渗透滤芯RO膜,939928309801,939928309801,898,,正常,2026-04-29 10:32:36,无截图
拼多多2,https://mobile.yangkeduo.com/goods.html?goods_id=939928309801,VIOMI云米 滤芯 反渗透滤芯RO膜,939928309801,939928309801,899,,正常,2026-04-29 10:32:36,无截图
拼多多2,https://mobile.yangkeduo.com/goods.html?goods_id=939760939921,云米净水器Super2Y1200G家用直饮厨下式RO反渗透鲜活泉无陈水,939760939921,939760939921,999,,百亿补贴,2026-04-29 10:32:36,无截图
拼多多2,https://mobile.yangkeduo.com/goods.html?goods_id=932391238524,VIOMI 云米净水器小海豚3 厨下式RO反渗透直饮家用 无罐一体式,932391238524,932391238524,895.5,,正常,2026-04-29 10:32:36,无截图
拼多多2,https://mobile.yangkeduo.com/goods.html?goods_id=932391238524,VIOMI 云米净水器小海豚3 厨下式RO反渗透直饮家用 无罐一体式,932391238524,932391238524,895.5,,正常,2026-04-29 10:32:36,无截图
拼多多2,https://mobile.yangkeduo.com/goods.html?goods_id=931163598005,云米净水器Super2Y1200G家用直饮厨下式RO反渗透鲜活泉无陈水,931163598005,931163598005,2299,,正常,2026-04-29 10:32:36,无截图
拼多多2,https://mobile.yangkeduo.com/goods.html?goods_id=926760918505,VIOMI云米净水器小海豚600G+升级版厨下式 RO 反渗透直饮家用,926760918505,926760918505,904,,正常,2026-04-29 10:32:36,无截图
拼多多2,https://mobile.yangkeduo.com/goods.html?goods_id=926574119933,昆仑4弱碱 1400G,6923185655718,926574119933,2999,3599,破价警报 | 限时折扣,2026-04-29 10:32:36,无截图
拼多多2,https://mobile.yangkeduo.com/goods.html?goods_id=926440536018,云米小厨宝6L电热水器厨房卫生间出水恒温储水式小型速热神器加热,926440536018,926440536018,399,,正常,2026-04-29 10:32:36,无截图
拼多多2,https://mobile.yangkeduo.com/goods.html?goods_id=925977908012,云米昆仑3矿泉净水器2S Pro,6923185656593,925977908012,2998,2899,高价待调整,2026-04-29 10:32:36,无截图
拼多多2,https://mobile.yangkeduo.com/goods.html?goods_id=925958299439,云米(VIOMI) 家用昆仑4弱碱1200G 矿物质直饮反渗透厨下过滤器,925958299439,925958299439,3999,,正常,2026-04-29 10:32:36,无截图
拼多多2,https://mobile.yangkeduo.com/goods.html?goods_id=925904229459,VIOMI云米净水器600G小蓝调厨下式RO反渗透直饮家用6年长效,925904229459,925904229459,728,,百亿补贴,2026-04-29 10:32:36,无截图
拼多多2,https://mobile.yangkeduo.com/goods.html?goods_id=925874862450,小京龙Pro1100G,6923185655220,925874862450,799,1099,破价警报 | 百亿补贴,2026-04-29 10:32:36,无截图
拼多多2,https://mobile.yangkeduo.com/goods.html?goods_id=925737084752,门锁普通版E30,6923185656074,925737084752,499,,限时折扣,2026-04-29 10:32:36,无截图
拼多多2,https://mobile.yangkeduo.com/goods.html?goods_id=916998985237,云米(VIOMI)净水机昆仑3 2E净矿1000G净水器 6年RO膜 接入米家,916998985237,916998985237,2599,,正常,2026-04-29 10:32:36,无截图
拼多多2,https://mobile.yangkeduo.com/goods.html?goods_id=925730122772,蓝调智能门锁（大屏猫眼版）,6923185654667,925730122772,999,,正常,2026-04-29 10:32:36,无截图
拼多多2,https://mobile.yangkeduo.com/goods.html?goods_id=925730329478,云米蓝调智能门锁（基础版）,6923185655381,925730329478,499,,限时折扣,2026-04-29 10:32:36,无截图
拼多多2,https://mobile.yangkeduo.com/goods.html?goods_id=925731404024,门锁掌静脉,6923185655398,925731404024,1069,,限时折扣,2026-04-29 10:32:36,无截图
拼多多2,https://mobile.yangkeduo.com/goods.html?goods_id=925231209174,蓝调智能门锁（人脸猫眼版）,6923185654650,925231209174,709,,限时折扣,2026-04-29 10:32:36,无截图
拼多多2,https://mobile.yangkeduo.com/goods.html?goods_id=925230364669,蓝调智能门锁（3D人脸版）,6923185654643,925230364669,629,,限时折扣,2026-04-29 10:32:36,无截图
拼多多2,https://mobile.yangkeduo.com/goods.html?goods_id=920795499656,VIOMI云米小海豚3净水器5年长效RO反渗透厨下一体机水过滤大通量,920795499656,920795499656,1299,,正常,2026-04-29 10:32:36,无截图
拼多多2,https://mobile.yangkeduo.com/goods.html?goods_id=920088070226,云米新品鲲鹏PRO油烟机28m³大吸力易清洁挥手智控烟灶联动小噪音,920088070226,920088070226,2399,,正常,2026-04-29 10:32:36,无截图
拼多多2,https://mobile.yangkeduo.com/goods.html?goods_id=918828889854,VIOMI云米净水器600G小蓝调厨下式RO反渗透直饮家用6年长效,918828889854,918828889854,1299,,正常,2026-04-29 10:32:36,无截图
拼多多2,https://mobile.yangkeduo.com/goods.html?goods_id=917044137245,云米前置过滤器家用自来水前置净水器自动反冲洗全屋净水机大流量,917044137245,917044137245,498,,正常,2026-04-29 10:32:36,无截图
拼多多2,https://mobile.yangkeduo.com/goods.html?goods_id=917042534932,云米前置过滤器家用自来水前置净水器自动反冲洗全屋净水机大流量,917042534932,917042534932,498,,正常,2026-04-29 10:32:36,无截图
拼多多2,https://mobile.yangkeduo.com/goods.html?goods_id=917038452382,小海豚+管线机,"S2405281401001,S2407170910001",917038452382,1349,,限量折扣,2026-04-29 10:32:36,无截图
拼多多2,https://mobile.yangkeduo.com/goods.html?goods_id=917038452382,小海豚+管线机,"S2405281401001,S2407170910001",917038452382,1449,,限量折扣,2026-04-29 10:32:36,无截图
拼多多2,https://mobile.yangkeduo.com/goods.html?goods_id=917034829515,管线机2E,6923185650966,917034829515,989,1599,破价警报 | 限时折扣,2026-04-29 10:32:36,无截图
拼多多2,https://mobile.yangkeduo.com/goods.html?goods_id=917032713009,管线机2S,6923185652526,917032713009,669,1699,破价警报 | 百亿补贴,2026-04-29 10:32:36,无截图
拼多多2,https://mobile.yangkeduo.com/goods.html?goods_id=917031150770,云米·泉先AI净水器蓝调600G+,6923185653592,917031150770,649,999,破价警报 | 限时折扣,2026-04-29 10:32:36,无截图
拼多多2,https://mobile.yangkeduo.com/goods.html?goods_id=917001945930,云米矿泉台式净饮机即热式饮水机直饮家用矿化加热一体机净水器,917001945930,917001945930,2199,,正常,2026-04-29 10:32:36,无截图
拼多多2,https://mobile.yangkeduo.com/goods.html?goods_id=916996455515,云米AI冷热管线机Super2 Pro,6923185655794,916996455515,1449,1999,破价警报 | 限量折扣,2026-04-29 10:32:36,无截图
拼多多2,https://mobile.yangkeduo.com/goods.html?goods_id=916452280972,900G,6923185654292,916452280972,749,1499,破价警报 | 百亿补贴,2026-04-29 10:32:36,无截图
拼多多2,https://mobile.yangkeduo.com/goods.html?goods_id=916441693850,云米(VIOMI) 小海豚PRO 家用净水机 净水器 反渗透大通量 RO膜,916441693850,916441693850,899,,限量折扣,2026-04-29 10:32:36,无截图
拼多多2,https://mobile.yangkeduo.com/goods.html?goods_id=916398420768,复合滤芯,"6923185614258,6923185615750,6923185614265",916398420768,128.98,,限量折扣,2026-04-29 10:32:36,无截图
拼多多2,https://mobile.yangkeduo.com/goods.html?goods_id=916398420768,复合滤芯,"6923185614258,6923185615750,6923185614265",916398420768,128.98,,限量折扣,2026-04-29 10:32:36,无截图
拼多多2,https://mobile.yangkeduo.com/goods.html?goods_id=916398420768,复合滤芯,"6923185614258,6923185615750,6923185614265",916398420768,148.98,,限量折扣,2026-04-29 10:32:36,无截图
拼多多2,https://mobile.yangkeduo.com/goods.html?goods_id=916398420768,复合滤芯,"6923185614258,6923185615750,6923185614265",916398420768,128.98,,限量折扣,2026-04-29 10:32:36,无截图
拼多多2,https://mobile.yangkeduo.com/goods.html?goods_id=916398420768,复合滤芯,"6923185614258,6923185615750,6923185614265",916398420768,128.98,,限量折扣,2026-04-29 10:32:36,无截图
拼多多2,https://mobile.yangkeduo.com/goods.html?goods_id=916398420768,复合滤芯,"6923185614258,6923185615750,6923185614265",916398420768,128.98,,限量折扣,2026-04-29 10:32:36,无截图
拼多多2,https://mobile.yangkeduo.com/goods.html?goods_id=916398420768,复合滤芯,"6923185614258,6923185615750,6923185614265",916398420768,128.98,,限量折扣,2026-04-29 10:32:36,无截图
拼多多2,https://mobile.yangkeduo.com/goods.html?goods_id=916398420768,复合滤芯,"6923185614258,6923185615750,6923185614265",916398420768,128.98,,限量折扣,2026-04-29 10:32:36,无截图
拼多多2,https://mobile.yangkeduo.com/goods.html?goods_id=916398420768,复合滤芯,"6923185614258,6923185615750,6923185614265",916398420768,148.98,,限量折扣,2026-04-29 10:32:36,无截图
拼多多2,https://mobile.yangkeduo.com/goods.html?goods_id=916398420768,复合滤芯,"6923185614258,6923185615750,6923185614265",916398420768,178.98,,限量折扣,2026-04-29 10:32:36,无截图
拼多多2,https://mobile.yangkeduo.com/goods.html?goods_id=916398420768,复合滤芯,"6923185614258,6923185615750,6923185614265",916398420768,178.98,,限量折扣,2026-04-29 10:32:36,无截图
拼多多2,https://mobile.yangkeduo.com/goods.html?goods_id=916398420768,复合滤芯,"6923185614258,6923185615750,6923185614265",916398420768,128.98,,限量折扣,2026-04-29 10:32:36,无截图
拼多多2,https://mobile.yangkeduo.com/goods.html?goods_id=916398420768,复合滤芯,"6923185614258,6923185615750,6923185614265",916398420768,128.98,,限量折扣,2026-04-29 10:32:36,无截图
拼多多2,https://mobile.yangkeduo.com/goods.html?goods_id=916398420768,复合滤芯,"6923185614258,6923185615750,6923185614265",916398420768,128.98,,限量折扣,2026-04-29 10:32:36,无截图
拼多多2,https://mobile.yangkeduo.com/goods.html?goods_id=916398420768,复合滤芯,"6923185614258,6923185615750,6923185614265",916398420768,128.98,,限量折扣,2026-04-29 10:32:36,无截图
拼多多2,https://mobile.yangkeduo.com/goods.html?goods_id=916398420768,复合滤芯,"6923185614258,6923185615750,6923185614265",916398420768,258.98,,限量折扣,2026-04-29 10:32:36,无截图
拼多多2,https://mobile.yangkeduo.com/goods.html?goods_id=916398420768,复合滤芯,"6923185614258,6923185615750,6923185614265",916398420768,158.99,,限量折扣,2026-04-29 10:32:36,无截图
拼多多2,https://mobile.yangkeduo.com/goods.html?goods_id=916398420768,复合滤芯,"6923185614258,6923185615750,6923185614265",916398420768,148.98,,限量折扣,2026-04-29 10:32:36,无截图
拼多多2,https://mobile.yangkeduo.com/goods.html?goods_id=916398420768,复合滤芯,"6923185614258,6923185615750,6923185614265",916398420768,278.98,,限量折扣,2026-04-29 10:32:36,无截图
拼多多2,https://mobile.yangkeduo.com/goods.html?goods_id=916398420768,复合滤芯,"6923185614258,6923185615750,6923185614265",916398420768,278.98,,限量折扣,2026-04-29 10:32:36,无截图
拼多多2,https://mobile.yangkeduo.com/goods.html?goods_id=916398420768,复合滤芯,"6923185614258,6923185615750,6923185614265",916398420768,278.98,,限量折扣,2026-04-29 10:32:36,无截图
拼多多2,https://mobile.yangkeduo.com/goods.html?goods_id=916398420768,复合滤芯,"6923185614258,6923185615750,6923185614265",916398420768,278.98,,限量折扣,2026-04-29 10:32:36,无截图
拼多多2,https://mobile.yangkeduo.com/goods.html?goods_id=916398420768,复合滤芯,"6923185614258,6923185615750,6923185614265",916398420768,258.98,,限量折扣,2026-04-29 10:32:36,无截图
拼多多2,https://mobile.yangkeduo.com/goods.html?goods_id=915797572693,600G滤芯套餐,S2412282008001,915797572693,904,,正常,2026-04-29 10:32:36,无截图
拼多多2,https://mobile.yangkeduo.com/goods.html?goods_id=885690465484,小海豚600G+,6923185653684,885690465484,559,559,百亿补贴,2026-04-29 10:32:36,无截图
拼多多2,https://mobile.yangkeduo.com/goods.html?goods_id=882919216767,小白龙 800G+,6923185653974,882919216767,1199,1299,破价警报,2026-04-29 10:32:36,无截图
拼多多2,https://mobile.yangkeduo.com/goods.html?goods_id=879245702873,VIOMI云米小海豚3净水器5年长效RO反渗透厨下一体机水过滤大通量,879245702873,879245702873,1299,,正常,2026-04-29 10:32:36,无截图
拼多多2,https://mobile.yangkeduo.com/goods.html?goods_id=874350558652,VIOMI云米滤芯 小海豚3适用,874350558652,874350558652,129,,限量折扣,2026-04-29 10:32:36,无截图
拼多多2,https://mobile.yangkeduo.com/goods.html?goods_id=874350558652,VIOMI云米滤芯 小海豚3适用,874350558652,874350558652,299,,限量折扣,2026-04-29 10:32:36,无截图
拼多多2,https://mobile.yangkeduo.com/goods.html?goods_id=873053402073,VIOMI云米小海豚3净水器5年长效RO反渗透厨下一体机水过滤大通量,873053402073,873053402073,1199,,正常,2026-04-29 10:32:36,无截图
拼多多2,https://mobile.yangkeduo.com/goods.html?goods_id=530950162370,云米小海豚2 1000G净水器净水机管线机即热饮水机前置过滤器套装,530950162370,530950162370,2699,,正常,2026-04-29 10:32:36,无截图
拼多多2,https://mobile.yangkeduo.com/goods.html?goods_id=530950162370,云米小海豚2 1000G净水器净水机管线机即热饮水机前置过滤器套装,530950162370,530950162370,2999,,正常,2026-04-29 10:32:36,无截图
拼多多2,https://mobile.yangkeduo.com/goods.html?goods_id=500282125061,云米1.5匹变频冷暖Milano2ProAI语音UVC除菌新一级智能电器挂机,500282125061,500282125061,2799,,正常,2026-04-29 10:32:36,无截图
拼多多2,https://mobile.yangkeduo.com/goods.html?goods_id=497869228081,云米521升风冷无霜一级变频十字四开门对开门大容量智能电器冰箱,497869228081,497869228081,2799,,正常,2026-04-29 10:32:36,无截图
拼多多2,https://mobile.yangkeduo.com/goods.html?goods_id=491420502929,云米1.5匹AI智能电器变频空调冷暖两用新一级省电家用杀菌挂机,491420502929,491420502929,2599,,正常,2026-04-29 10:32:36,无截图
拼多多2,https://mobile.yangkeduo.com/goods.html?goods_id=489538266025,云米TDS水质检测笔测水质仪饮用水检测器家用自来水水质测试仪器,489538266025,489538266025,99,,正常,2026-04-29 10:32:36,无截图
拼多多2,https://mobile.yangkeduo.com/goods.html?goods_id=6120759451,云米VO1602电烤箱多功能烤箱家用烘焙小型蛋糕电烤鸡翅披萨16L,6120759451,6120759451,149,,正常,2026-04-29 10:32:36,无截图
拼多多2,,,,,,,,2026-04-29 10:49:14,
拼多多2,,,,,,,,2026-04-29 10:49:14,
拼多多2,,,,,,,,2026-04-29 10:49:14,
拼多多2,,,,,,,,2026-04-29 10:49:14,
拼多多2,,,,,,,,2026-04-29 10:49:14,
拼多多2,,,,,,,,2026-04-29 10:49:14,
拼多多2,,,,,,,,2026-04-29 10:49:14,
拼多多2,,,,,,,,2026-04-29 10:49:14,
拼多多2,,,,,,,,2026-04-29 10:49:14,
拼多多2,,,,,,,,2026-04-29 10:49:14,
拼多多2,,,,,,,,2026-04-29 10:49:14,
拼多多2,,,,,,,,2026-04-29 10:49:14,
拼多多2,,,,,,,,2026-04-29 10:49:14,
拼多多2,,,,,,,,2026-04-29 10:49:14,
拼多多2,,,,,,,,2026-04-29 10:49:14,
拼多多2,,,,,,,,2026-04-29 10:49:14,
拼多多2,,,,,,,,2026-04-29 10:49:14,
拼多多2,,,,,,,,2026-04-29 10:49:14,
拼多多2,,,,,,,,2026-04-29 10:49:14,
拼多多2,,,,,,,,2026-04-29 10:49:14,
拼多多2,,,,,,,,2026-04-29 10:49:14,
拼多多2,,,,,,,,2026-04-29 10:49:14,
拼多多2,,,,,,,,2026-04-29 10:49:14,
拼多多2,,,,,,,,2026-04-29 10:49:14,
拼多多2,,,,,,,,2026-04-29 10:49:14,
拼多多2,,,,,,,,2026-04-29 10:49:14,
拼多多2,,,,,,,,2026-04-29 10:49:14,
拼多多2,,,,,,,,2026-04-29 10:49:14,
拼多多2,,,,,,,,2026-04-29 10:49:14,
拼多多2,,,,,,,,2026-04-29 10:49:14,
拼多多2,,,,,,,,2026-04-29 10:49:14,
拼多多2,,,,,,,,2026-04-29 10:49:14,
拼多多2,,,,,,,,2026-04-29 10:49:14,
拼多多2,,,,,,,,2026-04-29 10:49:14,
拼多多2,,,,,,,,2026-04-29 10:49:14,
拼多多2,,,,,,,,2026-04-29 10:49:14,
拼多多2,,,,,,,,2026-04-29 10:49:14,
拼多多2,,,,,,,,2026-04-29 10:49:14,
拼多多2,,,,,,,,2026-04-29 10:49:14,
拼多多2,,,,,,,,2026-04-29 10:49:14,
拼多多2,,,,,,,,2026-04-29 10:49:14,
拼多多2,,,,,,,,2026-04-29 10:49:14,
拼多多2,,,,,,,,2026-04-29 10:49:14,
拼多多2,,,,,,,,2026-04-29 10:49:14,
拼多多2,,,,,,,,2026-04-29 10:49:14,
拼多多2,,,,,,,,2026-04-29 10:49:14,
拼多多2,,,,,,,,2026-04-29 10:49:14,
拼多多2,,,,,,,,2026-04-29 10:49:14,
拼多多2,,,,,,,,2026-04-29 10:49:14,
拼多多2,,,,,,,,2026-04-29 10:49:14,
拼多多2,,,,,,,,2026-04-29 10:49:14,
拼多多2,,,,,,,,2026-04-29 10:49:14,
拼多多2,,,,,,,,2026-04-29 10:49:14,
拼多多2,,,,,,,,2026-04-29 10:49:14,
拼多多2,,,,,,,,2026-04-29 10:49:14,
拼多多2,,,,,,,,2026-04-29 10:49:14,
拼多多2,,,,,,,,2026-04-29 10:49:14,
拼多多2,,,,,,,,2026-04-29 10:49:14,
拼多多2,,,,,,,,2026-04-29 10:49:14,
拼多多2,,,,,,,,2026-04-29 10:49:14,
拼多多2,,,,,,,,2026-04-29 10:49:14,
拼多多2,,,,,,,,2026-04-29 10:49:14,
拼多多2,,,,,,,,2026-04-29 10:49:14,
拼多多2,,,,,,,,2026-04-29 10:49:14,
拼多多2,,,,,,,,2026-04-29 10:49:14,
拼多多2,,,,,,,,2026-04-29 10:49:14,
拼多多2,,,,,,,,2026-04-29 10:49:14,
拼多多2,,,,,,,,2026-04-29 10:49:14,
拼多多2,,,,,,,,2026-04-29 10:49:14,
拼多多2,,,,,,,,2026-04-29 10:49:14,
拼多多2,,,,,,,,2026-04-29 10:49:14,
拼多多2,,,,,,,,2026-04-29 10:49:14,
拼多多2,,,,,,,,2026-04-29 10:49:14,
拼多多2,,,,,,,,2026-04-29 10:49:14,
拼多多2,,,,,,,,2026-04-29 10:49:14,
拼多多2,,,,,,,,2026-04-29 10:49:14,
拼多多2,,,,,,,,2026-04-29 10:49:14,
拼多多2,,,,,,,,2026-04-29 10:49:14,
拼多多2,,,,,,,,2026-04-29 10:49:14,
拼多多2,,,,,,,,2026-04-29 10:49:14,
拼多多2,,,,,,,,2026-04-29 10:49:14,
拼多多2,,,,,,,,2026-04-29 10:49:14,
拼多多2,,,,,,,,2026-04-29 10:49:14,
拼多多2,,,,,,,,2026-04-29 10:49:14,
拼多多2,,,,,,,,2026-04-29 10:49:14,
拼多多2,,,,,,,,2026-04-29 10:49:14,
拼多多2,,,,,,,,2026-04-29 10:49:14,
拼多多2,,,,,,,,2026-04-29 10:49:14,
拼多多2,,,,,,,,2026-04-29 10:49:14,
拼多多2,,,,,,,,2026-04-29 10:49:14,
拼多多2,,,,,,,,2026-04-29 10:49:14,
拼多多2,,,,,,,,2026-04-29 10:49:14,
拼多多2,,,,,,,,2026-04-29 10:49:14,
拼多多2,,,,,,,,2026-04-29 10:49:14,
拼多多2,,,,,,,,2026-04-29 10:49:14,
拼多多2,,,,,,,,2026-04-29 10:49:14,
拼多多2,,,,,,,,2026-04-29 10:49:14,
拼多多2,,,,,,,,2026-04-29 10:49:14,
拼多多2,,,,,,,,2026-04-29 10:49:14,
拼多多2,,,,,,,,2026-04-29 10:49:14,
拼多多,,,,,,,,2026-04-29 10:54:16,
拼多多,,,,,,,,2026-04-29 10:54:16,
拼多多,,,,,,,,2026-04-29 10:54:16,
拼多多,,,,,,,,2026-04-29 10:54:16,
拼多多,,,,,,,,2026-04-29 10:54:16,
拼多多,,,,,,,,2026-04-29 10:54:16,
拼多多,,,,,,,,2026-04-29 10:54:16,
拼多多,,,,,,,,2026-04-29 10:54:16,
拼多多,,,,,,,,2026-04-29 10:54:16,
拼多多,,,,,,,,2026-04-29 10:54:16,
拼多多,,,,,,,,2026-04-29 10:54:16,
拼多多,,,,,,,,2026-04-29 10:54:16,
拼多多,,,,,,,,2026-04-29 10:54:16,
拼多多,,,,,,,,2026-04-29 10:54:16,
拼多多,,,,,,,,2026-04-29 10:54:16,
拼多多,,,,,,,,2026-04-29 10:54:16,
拼多多,,,,,,,,2026-04-29 10:54:16,
拼多多,,,,,,,,2026-04-29 10:54:16,
拼多多,,,,,,,,2026-04-29 10:54:16,
拼多多,,,,,,,,2026-04-29 10:54:16,
拼多多,,,,,,,,2026-04-29 10:54:16,
拼多多,,,,,,,,2026-04-29 10:54:16,
拼多多,,,,,,,,2026-04-29 10:54:16,
拼多多,,,,,,,,2026-04-29 10:54:16,
拼多多,,,,,,,,2026-04-29 10:54:16,
拼多多,,,,,,,,2026-04-29 10:54:16,
拼多多,,,,,,,,2026-04-29 10:54:16,
拼多多,,,,,,,,2026-04-29 10:54:16,
拼多多,,,,,,,,2026-04-29 10:54:16,
拼多多,,,,,,,,2026-04-29 10:54:16,
拼多多,,,,,,,,2026-04-29 10:54:16,
拼多多,,,,,,,,2026-04-29 10:54:16,
拼多多,,,,,,,,2026-04-29 10:54:16,
拼多多,,,,,,,,2026-04-29 10:54:16,
拼多多,,,,,,,,2026-04-29 10:54:16,
拼多多,,,,,,,,2026-04-29 10:54:16,
拼多多,,,,,,,,2026-04-29 10:54:16,
拼多多,,,,,,,,2026-04-29 10:54:16,
拼多多,,,,,,,,2026-04-29 10:54:16,
拼多多,,,,,,,,2026-04-29 10:54:16,
拼多多,,,,,,,,2026-04-29 10:54:16,
拼多多,,,,,,,,2026-04-29 10:54:16,
拼多多,,,,,,,,2026-04-29 10:54:16,
拼多多,,,,,,,,2026-04-29 10:54:16,
拼多多,,,,,,,,2026-04-29 10:54:16,
拼多多,,,,,,,,2026-04-29 10:54:16,
拼多多,,,,,,,,2026-04-29 10:54:16,
拼多多,,,,,,,,2026-04-29 10:54:16,
拼多多,,,,,,,,2026-04-29 10:54:16,
拼多多,,,,,,,,2026-04-29 10:54:16,
拼多多,,,,,,,,2026-04-29 10:54:16,
拼多多,,,,,,,,2026-04-29 10:54:16,
拼多多,,,,,,,,2026-04-29 10:54:16,
拼多多,,,,,,,,2026-04-29 10:54:16,
拼多多,,,,,,,,2026-04-29 10:54:16,
拼多多,,,,,,,,2026-04-29 10:54:16,
拼多多,,,,,,,,2026-04-29 10:54:16,
拼多多,,,,,,,,2026-04-29 10:54:16,
拼多多,,,,,,,,2026-04-29 10:54:16,
拼多多,,,,,,,,2026-04-29 10:54:16,
拼多多,,,,,,,,2026-04-29 10:54:16,
拼多多,,,,,,,,2026-04-29 10:54:16,
拼多多,,,,,,,,2026-04-29 10:54:16,
拼多多,,,,,,,,2026-04-29 10:54:16,
拼多多,,,,,,,,2026-04-29 10:54:16,
拼多多,,,,,,,,2026-04-29 10:54:16,
拼多多,,,,,,,,2026-04-29 10:54:16,
拼多多,,,,,,,,2026-04-29 10:54:16,
拼多多,,,,,,,,2026-04-29 10:54:16,
拼多多,,,,,,,,2026-04-29 10:54:16,
拼多多,,,,,,,,2026-04-29 10:54:16,
拼多多,,,,,,,,2026-04-29 10:54:16,
拼多多,,,,,,,,2026-04-29 10:54:16,
拼多多,,,,,,,,2026-04-29 10:54:16,
拼多多,,,,,,,,2026-04-29 10:54:16,
拼多多,,,,,,,,2026-04-29 10:54:16,
拼多多,,,,,,,,2026-04-29 10:54:16,
拼多多,,,,,,,,2026-04-29 10:54:16,
拼多多,,,,,,,,2026-04-29 10:54:16,
拼多多,,,,,,,,2026-04-29 10:54:16,
拼多多,,,,,,,,2026-04-29 10:54:16,
拼多多,,,,,,,,2026-04-29 10:54:16,
拼多多,,,,,,,,2026-04-29 10:54:16,
拼多多,,,,,,,,2026-04-29 10:54:16,
拼多多,,,,,,,,2026-04-29 10:54:16,
拼多多,,,,,,,,2026-04-29 10:54:16,
拼多多,,,,,,,,2026-04-29 10:54:16,
拼多多,,,,,,,,2026-04-29 10:54:16,
拼多多,,,,,,,,2026-04-29 10:54:16,
拼多多,,,,,,,,2026-04-29 10:54:16,
拼多多,,,,,,,,2026-04-29 10:54:16,
拼多多,,,,,,,,2026-04-29 10:54:16,
拼多多,,,,,,,,2026-04-29 10:54:16,
拼多多,,,,,,,,2026-04-29 10:54:16,
拼多多,,,,,,,,2026-04-29 10:54:16,
拼多多,,,,,,,,2026-04-29 10:54:16,
拼多多,,,,,,,,2026-04-29 10:54:16,
拼多多,,,,,,,,2026-04-29 10:54:16,
拼多多,,,,,,,,2026-04-29 10:54:16,
拼多多,,,,,,,,2026-04-29 10:54:16,
拼多多,,,,,,,,2026-04-29 10:54:16,
拼多多,,,,,,,,2026-04-29 10:54:16,
拼多多,,,,,,,,2026-04-29 10:54:16,
拼多多,,,,,,,,2026-04-29 10:54:16,
拼多多,,,,,,,,2026-04-29 10:54:16,
拼多多,,,,,,,,2026-04-29 10:54:16,
拼多多,,,,,,,,2026-04-29 10:54:16,
拼多多,,,,,,,,2026-04-29 10:54:16,
拼多多,,,,,,,,2026-04-29 10:54:16,
拼多多,,,,,,,,2026-04-29 10:54:16,
拼多多,,,,,,,,2026-04-29 10:54:16,
拼多多,,,,,,,,2026-04-29 10:54:16,
拼多多,,,,,,,,2026-04-29 10:54:16,
拼多多,,,,,,,,2026-04-29 10:54:16,
拼多多,,,,,,,,2026-04-29 10:54:16,
拼多多,,,,,,,,2026-04-29 10:54:16,
拼多多,,,,,,,,2026-04-29 10:54:16,
拼多多,,,,,,,,2026-04-29 10:54:16,
拼多多,,,,,,,,2026-04-29 10:54:16,
拼多多,,,,,,,,2026-04-29 10:54:16,
拼多多,,,,,,,,2026-04-29 10:54:16,
拼多多,,,,,,,,2026-04-29 10:54:16,
拼多多,,,,,,,,2026-04-29 10:54:16,
拼多多,,,,,,,,2026-04-29 10:54:16,
拼多多,,,,,,,,2026-04-29 10:54:16,
拼多多,,,,,,,,2026-04-29 10:54:16,
拼多多,,,,,,,,2026-04-29 10:54:16,
拼多多,,,,,,,,2026-04-29 10:54:16,
拼多多,,,,,,,,2026-04-29 10:54:16,
拼多多,,,,,,,,2026-04-29 10:54:16,
拼多多,,,,,,,,2026-04-29 10:54:16,
拼多多,,,,,,,,2026-04-29 10:54:16,
拼多多,,,,,,,,2026-04-29 10:54:16,
拼多多,,,,,,,,2026-04-29 10:54:16,
拼多多,,,,,,,,2026-04-29 10:54:16,
拼多多,,,,,,,,2026-04-29 10:54:16,
拼多多,,,,,,,,2026-04-29 10:54:16,
拼多多,,,,,,,,2026-04-29 10:54:16,
拼多多,,,,,,,,2026-04-29 10:54:16,
拼多多,,,,,,,,2026-04-29 10:54:16,
拼多多,,,,,,,,2026-04-29 10:54:16,
拼多多,,,,,,,,2026-04-29 10:54:16,
拼多多,,,,,,,,2026-04-29 10:54:16,
拼多多,,,,,,,,2026-04-29 10:54:16,
拼多多,,,,,,,,2026-04-29 10:54:16,
拼多多,,,,,,,,2026-04-29 10:54:16,
拼多多,,,,,,,,2026-04-29 10:54:16,
拼多多,,,,,,,,2026-04-29 10:54:16,
拼多多,,,,,,,,2026-04-29 10:54:16,
拼多多,,,,,,,,2026-04-29 10:54:16,
拼多多,,,,,,,,2026-04-29 10:54:16,
拼多多,,,,,,,,2026-04-29 10:54:16,
拼多多,,,,,,,,2026-04-29 10:54:16,
拼多多,,,,,,,,2026-04-29 10:54:16,
拼多多,,,,,,,,2026-04-29 10:54:16,
拼多多,,,,,,,,2026-04-29 10:54:16,
拼多多2,,,,,,,,2026-04-29 10:54:42,
拼多多2,,,,,,,,2026-04-29 10:54:42,
拼多多2,,,,,,,,2026-04-29 10:54:42,
拼多多2,,,,,,,,2026-04-29 10:54:42,
拼多多2,,,,,,,,2026-04-29 10:54:42,
拼多多2,,,,,,,,2026-04-29 10:54:42,
拼多多2,,,,,,,,2026-04-29 10:54:42,
拼多多2,,,,,,,,2026-04-29 10:54:42,
拼多多2,,,,,,,,2026-04-29 10:54:42,
拼多多2,,,,,,,,2026-04-29 10:54:42,
拼多多2,,,,,,,,2026-04-29 10:54:42,
拼多多2,,,,,,,,2026-04-29 10:54:42,
拼多多2,,,,,,,,2026-04-29 10:54:42,
拼多多2,,,,,,,,2026-04-29 10:54:42,
拼多多2,,,,,,,,2026-04-29 10:54:42,
拼多多2,,,,,,,,2026-04-29 10:54:42,
拼多多2,,,,,,,,2026-04-29 10:54:42,
拼多多2,,,,,,,,2026-04-29 10:54:42,
拼多多2,,,,,,,,2026-04-29 10:54:42,
拼多多2,,,,,,,,2026-04-29 10:54:42,
拼多多2,,,,,,,,2026-04-29 10:54:42,
拼多多2,,,,,,,,2026-04-29 10:54:42,
拼多多2,,,,,,,,2026-04-29 10:54:42,
拼多多2,,,,,,,,2026-04-29 10:54:42,
拼多多2,,,,,,,,2026-04-29 10:54:42,
拼多多2,,,,,,,,2026-04-29 10:54:42,
拼多多2,,,,,,,,2026-04-29 10:54:42,
拼多多2,,,,,,,,2026-04-29 10:54:42,
拼多多2,,,,,,,,2026-04-29 10:54:42,
拼多多2,,,,,,,,2026-04-29 10:54:42,
拼多多2,,,,,,,,2026-04-29 10:54:42,
拼多多2,,,,,,,,2026-04-29 10:54:42,
拼多多2,,,,,,,,2026-04-29 10:54:42,
拼多多2,,,,,,,,2026-04-29 10:54:42,
拼多多2,,,,,,,,2026-04-29 10:54:42,
拼多多2,,,,,,,,2026-04-29 10:54:42,
拼多多2,,,,,,,,2026-04-29 10:54:42,
拼多多2,,,,,,,,2026-04-29 10:54:42,
拼多多2,,,,,,,,2026-04-29 10:54:42,
拼多多2,,,,,,,,2026-04-29 10:54:42,
拼多多2,,,,,,,,2026-04-29 10:54:42,
拼多多2,,,,,,,,2026-04-29 10:54:42,
拼多多2,,,,,,,,2026-04-29 10:54:42,
拼多多2,,,,,,,,2026-04-29 10:54:42,
拼多多2,,,,,,,,2026-04-29 10:54:42,
拼多多2,,,,,,,,2026-04-29 10:54:42,
拼多多2,,,,,,,,2026-04-29 10:54:42,
拼多多2,,,,,,,,2026-04-29 10:54:42,
拼多多2,,,,,,,,2026-04-29 10:54:42,
拼多多2,,,,,,,,2026-04-29 10:54:42,
拼多多2,,,,,,,,2026-04-29 10:54:42,
拼多多2,,,,,,,,2026-04-29 10:54:42,
拼多多2,,,,,,,,2026-04-29 10:54:42,
拼多多2,,,,,,,,2026-04-29 10:54:42,
拼多多2,,,,,,,,2026-04-29 10:54:42,
拼多多2,,,,,,,,2026-04-29 10:54:42,
拼多多2,,,,,,,,2026-04-29 10:54:42,
拼多多2,,,,,,,,2026-04-29 10:54:42,
拼多多2,,,,,,,,2026-04-29 10:54:42,
拼多多2,,,,,,,,2026-04-29 10:54:42,
拼多多2,,,,,,,,2026-04-29 10:54:42,
拼多多2,,,,,,,,2026-04-29 10:54:42,
拼多多2,,,,,,,,2026-04-29 10:54:42,
拼多多2,,,,,,,,2026-04-29 10:54:42,
拼多多2,,,,,,,,2026-04-29 10:54:42,
拼多多2,,,,,,,,2026-04-29 10:54:42,
拼多多2,,,,,,,,2026-04-29 10:54:42,
拼多多2,,,,,,,,2026-04-29 10:54:42,
拼多多2,,,,,,,,2026-04-29 10:54:42,
拼多多2,,,,,,,,2026-04-29 10:54:42,
拼多多2,,,,,,,,2026-04-29 10:54:42,
拼多多2,,,,,,,,2026-04-29 10:54:42,
拼多多2,,,,,,,,2026-04-29 10:54:42,
拼多多2,,,,,,,,2026-04-29 10:54:42,
拼多多2,,,,,,,,2026-04-29 10:54:42,
拼多多2,,,,,,,,2026-04-29 10:54:42,
拼多多,,,,,,,,2026-04-30 09:03:28,
拼多多,,,,,,,,2026-04-30 09:03:28,
拼多多,,,,,,,,2026-04-30 09:03:28,
拼多多,,,,,,,,2026-04-30 09:03:28,
拼多多,,,,,,,,2026-04-30 09:03:28,
拼多多,,,,,,,,2026-04-30 09:03:28,
拼多多,,,,,,,,2026-04-30 09:03:28,
拼多多,,,,,,,,2026-04-30 09:03:28,
拼多多,,,,,,,,2026-04-30 09:03:28,
拼多多,,,,,,,,2026-04-30 09:03:28,
拼多多,,,,,,,,2026-04-30 09:03:28,
拼多多,,,,,,,,2026-04-30 09:03:28,
拼多多,,,,,,,,2026-04-30 09:03:28,
拼多多,,,,,,,,2026-04-30 09:03:28,
拼多多,,,,,,,,2026-04-30 09:03:28,
拼多多,,,,,,,,2026-04-30 09:03:28,
拼多多,,,,,,,,2026-04-30 09:03:28,
拼多多,,,,,,,,2026-04-30 09:03:28,
拼多多,,,,,,,,2026-04-30 09:03:28,
拼多多,,,,,,,,2026-04-30 09:03:28,
拼多多,,,,,,,,2026-04-30 09:03:28,
拼多多,,,,,,,,2026-04-30 09:03:28,
拼多多,,,,,,,,2026-04-30 09:03:28,
拼多多,,,,,,,,2026-04-30 09:03:28,
拼多多,,,,,,,,2026-04-30 09:03:28,
拼多多,,,,,,,,2026-04-30 09:03:28,
拼多多,,,,,,,,2026-04-30 09:03:28,
拼多多,,,,,,,,2026-04-30 09:03:28,
拼多多,,,,,,,,2026-04-30 09:03:28,
拼多多,,,,,,,,2026-04-30 09:03:28,
拼多多,,,,,,,,2026-04-30 09:03:28,
拼多多,,,,,,,,2026-04-30 09:03:28,
拼多多,,,,,,,,2026-04-30 09:03:28,
拼多多,,,,,,,,2026-04-30 09:03:28,
拼多多,,,,,,,,2026-04-30 09:03:28,
拼多多,,,,,,,,2026-04-30 09:03:28,
拼多多,,,,,,,,2026-04-30 09:03:28,
拼多多,,,,,,,,2026-04-30 09:03:28,
拼多多,,,,,,,,2026-04-30 09:03:28,
拼多多,,,,,,,,2026-04-30 09:03:28,
拼多多,,,,,,,,2026-04-30 09:03:28,
拼多多,,,,,,,,2026-04-30 09:03:28,
拼多多,,,,,,,,2026-04-30 09:03:28,
拼多多,,,,,,,,2026-04-30 09:03:28,
拼多多,,,,,,,,2026-04-30 09:03:28,
拼多多,,,,,,,,2026-04-30 09:03:28,
拼多多,,,,,,,,2026-04-30 09:03:28,
拼多多,,,,,,,,2026-04-30 09:03:28,
拼多多,,,,,,,,2026-04-30 09:03:28,
拼多多,,,,,,,,2026-04-30 09:03:28,
拼多多,,,,,,,,2026-04-30 09:03:28,
拼多多,,,,,,,,2026-04-30 09:03:28,
拼多多,,,,,,,,2026-04-30 09:03:28,
拼多多,,,,,,,,2026-04-30 09:03:28,
拼多多,,,,,,,,2026-04-30 09:03:28,
拼多多,,,,,,,,2026-04-30 09:03:28,
拼多多,,,,,,,,2026-04-30 09:03:28,
拼多多,,,,,,,,2026-04-30 09:03:28,
拼多多,,,,,,,,2026-04-30 09:03:28,
拼多多,,,,,,,,2026-04-30 09:03:28,
拼多多,,,,,,,,2026-04-30 09:03:28,
拼多多,,,,,,,,2026-04-30 09:03:28,
拼多多,,,,,,,,2026-04-30 09:03:28,
拼多多,,,,,,,,2026-04-30 09:03:28,
拼多多,,,,,,,,2026-04-30 09:03:28,
拼多多,,,,,,,,2026-04-30 09:03:28,
拼多多,,,,,,,,2026-04-30 09:03:28,
拼多多,,,,,,,,2026-04-30 09:03:28,
拼多多,,,,,,,,2026-04-30 09:03:28,
拼多多,,,,,,,,2026-04-30 09:03:28,
拼多多,,,,,,,,2026-04-30 09:03:28,
拼多多,,,,,,,,2026-04-30 09:03:28,
拼多多,,,,,,,,2026-04-30 09:03:28,
拼多多,,,,,,,,2026-04-30 09:03:28,
拼多多,,,,,,,,2026-04-30 09:03:28,
拼多多,,,,,,,,2026-04-30 09:03:28,
拼多多,,,,,,,,2026-04-30 09:03:28,
拼多多,,,,,,,,2026-04-30 09:03:28,
拼多多,,,,,,,,2026-04-30 09:03:28,
拼多多,,,,,,,,2026-04-30 09:03:28,
拼多多,,,,,,,,2026-04-30 09:03:28,
拼多多,,,,,,,,2026-04-30 09:03:28,
拼多多,,,,,,,,2026-04-30 09:03:28,
拼多多,,,,,,,,2026-04-30 09:03:28,
拼多多,,,,,,,,2026-04-30 09:03:28,
拼多多,,,,,,,,2026-04-30 09:03:28,
拼多多,,,,,,,,2026-04-30 09:03:28,
拼多多,,,,,,,,2026-04-30 09:03:28,
拼多多,,,,,,,,2026-04-30 09:03:28,
拼多多,,,,,,,,2026-04-30 09:03:28,
拼多多,,,,,,,,2026-04-30 09:03:28,
拼多多,,,,,,,,2026-04-30 09:03:28,
拼多多,,,,,,,,2026-04-30 09:03:28,
拼多多,,,,,,,,2026-04-30 09:03:28,
拼多多,,,,,,,,2026-04-30 09:03:28,
拼多多,,,,,,,,2026-04-30 09:03:28,
拼多多,,,,,,,,2026-04-30 09:03:28,
拼多多,,,,,,,,2026-04-30 09:03:28,
拼多多,,,,,,,,2026-04-30 09:03:28,
拼多多,,,,,,,,2026-04-30 09:03:28,
拼多多,,,,,,,,2026-04-30 09:03:28,
拼多多,,,,,,,,2026-04-30 09:03:28,
拼多多,,,,,,,,2026-04-30 09:03:28,
拼多多,,,,,,,,2026-04-30 09:03:28,
拼多多,,,,,,,,2026-04-30 09:03:28,
拼多多,,,,,,,,2026-04-30 09:03:28,
拼多多,,,,,,,,2026-04-30 09:03:28,
拼多多,,,,,,,,2026-04-30 09:03:28,
拼多多,,,,,,,,2026-04-30 09:03:28,
拼多多,,,,,,,,2026-04-30 09:03:28,
拼多多,,,,,,,,2026-04-30 09:03:28,
拼多多,,,,,,,,2026-04-30 09:03:28,
拼多多,,,,,,,,2026-04-30 09:03:28,
拼多多,,,,,,,,2026-04-30 09:03:28,
拼多多,,,,,,,,2026-04-30 09:03:28,
拼多多,,,,,,,,2026-04-30 09:03:28,
拼多多,,,,,,,,2026-04-30 09:03:28,
拼多多,,,,,,,,2026-04-30 09:03:28,
拼多多,,,,,,,,2026-04-30 09:03:28,
拼多多,,,,,,,,2026-04-30 09:03:28,
拼多多,,,,,,,,2026-04-30 09:03:28,
拼多多,,,,,,,,2026-04-30 09:03:28,
拼多多,,,,,,,,2026-04-30 09:03:28,
拼多多,,,,,,,,2026-04-30 09:03:28,
拼多多,,,,,,,,2026-04-30 09:03:28,
拼多多,,,,,,,,2026-04-30 09:03:28,
拼多多,,,,,,,,2026-04-30 09:03:28,
拼多多,,,,,,,,2026-04-30 09:03:28,
拼多多,,,,,,,,2026-04-30 09:03:28,
拼多多,,,,,,,,2026-04-30 09:03:28,
拼多多,,,,,,,,2026-04-30 09:03:28,
拼多多,,,,,,,,2026-04-30 09:03:28,
拼多多,,,,,,,,2026-04-30 09:03:28,
拼多多,,,,,,,,2026-04-30 09:03:28,
拼多多,,,,,,,,2026-04-30 09:03:28,
拼多多,,,,,,,,2026-04-30 09:03:28,
拼多多,,,,,,,,2026-04-30 09:03:28,
拼多多,,,,,,,,2026-04-30 09:03:28,
拼多多,,,,,,,,2026-04-30 09:03:28,
拼多多,,,,,,,,2026-04-30 09:03:28,
拼多多,,,,,,,,2026-04-30 09:03:28,
拼多多,,,,,,,,2026-04-30 09:03:28,
拼多多,,,,,,,,2026-04-30 09:03:28,
拼多多,,,,,,,,2026-04-30 09:03:28,
拼多多,,,,,,,,2026-04-30 09:03:28,
拼多多,,,,,,,,2026-04-30 09:03:28,
拼多多,,,,,,,,2026-04-30 09:03:28,
拼多多,,,,,,,,2026-04-30 09:03:28,
拼多多,,,,,,,,2026-04-30 09:03:28,
拼多多,,,,,,,,2026-04-30 09:03:28,
拼多多,,,,,,,,2026-04-30 09:03:28,
拼多多,,,,,,,,2026-04-30 09:03:28,
拼多多,,,,,,,,2026-04-30 09:03:28,
拼多多,,,,,,,,2026-04-30 09:03:28,
拼多多,,,,,,,,2026-04-30 09:03:28,
拼多多,,,,,,,,2026-04-30 09:03:28,
拼多多2,,,,,,,,2026-04-30 09:07:14,
拼多多2,,,,,,,,2026-04-30 09:07:14,
拼多多2,,,,,,,,2026-04-30 09:07:14,
拼多多2,,,,,,,,2026-04-30 09:07:14,
拼多多2,,,,,,,,2026-04-30 09:07:14,
拼多多2,,,,,,,,2026-04-30 09:07:14,
拼多多2,,,,,,,,2026-04-30 09:07:14,
拼多多2,,,,,,,,2026-04-30 09:07:14,
拼多多2,,,,,,,,2026-04-30 09:07:14,
拼多多2,,,,,,,,2026-04-30 09:07:14,
拼多多2,,,,,,,,2026-04-30 09:07:14,
拼多多2,,,,,,,,2026-04-30 09:07:14,
拼多多2,,,,,,,,2026-04-30 09:07:14,
拼多多2,,,,,,,,2026-04-30 09:07:14,
拼多多2,,,,,,,,2026-04-30 09:07:14,
拼多多2,,,,,,,,2026-04-30 09:07:14,
拼多多2,,,,,,,,2026-04-30 09:07:14,
拼多多2,,,,,,,,2026-04-30 09:07:14,
拼多多2,,,,,,,,2026-04-30 09:07:14,
拼多多2,,,,,,,,2026-04-30 09:07:14,
拼多多2,,,,,,,,2026-04-30 09:07:14,
拼多多2,,,,,,,,2026-04-30 09:07:14,
拼多多2,,,,,,,,2026-04-30 09:07:14,
拼多多2,,,,,,,,2026-04-30 09:07:14,
拼多多2,,,,,,,,2026-04-30 09:07:14,
拼多多2,,,,,,,,2026-04-30 09:07:14,
拼多多2,,,,,,,,2026-04-30 09:07:14,
拼多多2,,,,,,,,2026-04-30 09:07:14,
拼多多2,,,,,,,,2026-04-30 09:07:14,
拼多多2,,,,,,,,2026-04-30 09:07:14,
拼多多2,,,,,,,,2026-04-30 09:07:14,
拼多多2,,,,,,,,2026-04-30 09:07:14,
拼多多2,,,,,,,,2026-04-30 09:07:14,
拼多多2,,,,,,,,2026-04-30 09:07:14,
拼多多2,,,,,,,,2026-04-30 09:07:14,
拼多多2,,,,,,,,2026-04-30 09:07:14,
拼多多2,,,,,,,,2026-04-30 09:07:14,
拼多多2,,,,,,,,2026-04-30 09:07:14,
拼多多2,,,,,,,,2026-04-30 09:07:14,
拼多多2,,,,,,,,2026-04-30 09:07:14,
拼多多2,,,,,,,,2026-04-30 09:07:14,
拼多多2,,,,,,,,2026-04-30 09:07:14,
拼多多2,,,,,,,,2026-04-30 09:07:14,
拼多多2,,,,,,,,2026-04-30 09:07:14,
拼多多2,,,,,,,,2026-04-30 09:07:14,
拼多多2,,,,,,,,2026-04-30 09:07:14,
拼多多2,,,,,,,,2026-04-30 09:07:14,
拼多多2,,,,,,,,2026-04-30 09:07:14,
拼多多2,,,,,,,,2026-04-30 09:07:14,
拼多多2,,,,,,,,2026-04-30 09:07:14,
拼多多2,,,,,,,,2026-04-30 09:07:14,
拼多多2,,,,,,,,2026-04-30 09:07:14,
拼多多2,,,,,,,,2026-04-30 09:07:14,
拼多多2,,,,,,,,2026-04-30 09:07:14,
拼多多2,,,,,,,,2026-04-30 09:07:14,
拼多多2,,,,,,,,2026-04-30 09:07:14,
拼多多2,,,,,,,,2026-04-30 09:07:14,
拼多多2,,,,,,,,2026-04-30 09:07:14,
拼多多2,,,,,,,,2026-04-30 09:07:14,
拼多多2,,,,,,,,2026-04-30 09:07:14,
拼多多2,,,,,,,,2026-04-30 09:07:14,
拼多多2,,,,,,,,2026-04-30 09:07:14,
拼多多2,,,,,,,,2026-04-30 09:07:14,
拼多多2,,,,,,,,2026-04-30 09:07:14,
拼多多2,,,,,,,,2026-04-30 09:07:14,
拼多多2,,,,,,,,2026-04-30 09:07:14,
拼多多2,,,,,,,,2026-04-30 09:07:14,
拼多多2,,,,,,,,2026-04-30 09:07:14,
拼多多2,,,,,,,,2026-04-30 09:07:14,
拼多多2,,,,,,,,2026-04-30 09:07:14,
拼多多2,,,,,,,,2026-04-30 09:07:14,
拼多多2,,,,,,,,2026-04-30 09:07:14,
拼多多2,,,,,,,,2026-04-30 09:07:14,
拼多多2,,,,,,,,2026-04-30 09:07:14,
拼多多2,,,,,,,,2026-04-30 09:07:14,
拼多多2,,,,,,,,2026-04-30 09:07:14,
京东,https://item.jd.com/100124625239.html,云米小厨宝6L,6923185611233,100124625239,Not Found,,抓取失败,2026-04-30 11:16:12,d:\WorkSpace\01_自动化开发\App1_Price_Monitor品牌价格\error_screenshots\fail_JD_100124625239.png
京东,https://item.jd.com/10089201209435.html,云米小厨宝6L,6923185611233,10089201209435,299,,未知,2026-04-30 11:16:28,d:\WorkSpace\01_自动化开发\App1_Price_Monitor品牌价格\price_screenshots\2026-04-30_JD_6923185611233_10089201209435.jpg
京东,https://item.jd.com/10192759343298.html,门锁普通版E30,6923185656074,10192759343298,498.95,,未知,2026-04-30 11:16:43,d:\WorkSpace\01_自动化开发\App1_Price_Monitor品牌价格\price_screenshots\2026-04-30_JD_6923185656074_10192759343298.jpg
京东,https://item.jd.com/10196375716835.html,门锁普通版E30,6923185656074,10196375716835,499,,未知,2026-04-30 11:16:57,d:\WorkSpace\01_自动化开发\App1_Price_Monitor品牌价格\price_screenshots\2026-04-30_JD_6923185656074_10196375716835.jpg
京东,https://item.jd.com/100013447067.html,smart 前置过滤器 （VF4-A）,6923185621058,100013447067,288.57,499,破价警报,2026-04-30 11:17:12,d:\WorkSpace\01_自动化开发\App1_Price_Monitor品牌价格\price_screenshots\2026-04-30_JD_6923185621058_100013447067.jpg
京东,https://item.jd.com/100147404880.html,smart 3,6923185654773,100147404880,509.15,,未知,2026-04-30 11:17:27,d:\WorkSpace\01_自动化开发\App1_Price_Monitor品牌价格\price_screenshots\2026-04-30_JD_6923185654773_100147404880.jpg
京东,https://item.jd.com/10095813745701.html,云米电热水器X1（50L）,6923185614920,10095813745701,539,,未知,2026-04-30 11:17:41,d:\WorkSpace\01_自动化开发\App1_Price_Monitor品牌价格\price_screenshots\2026-04-30_JD_6923185614920_10095813745701.jpg
京东,https://item.jd.com/10095813745702.html,云米电热水器X1（60L）,6923185614937,10095813745702,569,,未知,2026-04-30 11:17:56,d:\WorkSpace\01_自动化开发\App1_Price_Monitor品牌价格\price_screenshots\2026-04-30_JD_6923185614937_10095813745702.jpg
京东,https://item.jd.com/10097111681728.html,云米电热水器X1（60L）,6923185614937,10097111681728,569,,未知,2026-04-30 11:18:11,d:\WorkSpace\01_自动化开发\App1_Price_Monitor品牌价格\price_screenshots\2026-04-30_JD_6923185614937_10097111681728.jpg
京东,https://item.jd.com/10154100555262.html,云米蓝调智能门锁（基础版）,6923185655381,10154100555262,493.88,,未知,2026-04-30 11:18:28,d:\WorkSpace\01_自动化开发\App1_Price_Monitor品牌价格\price_screenshots\2026-04-30_JD_6923185655381_10154100555262.jpg
京东,https://item.jd.com/100070514318.html,云米AI燃气灶 Super   5.2（天然气）,6923185650348,100070514318,679,,未知,2026-04-30 11:18:43,d:\WorkSpace\01_自动化开发\App1_Price_Monitor品牌价格\price_screenshots\2026-04-30_JD_6923185650348_100070514318.jpg
京东,https://item.jd.com/100167111601.html,蓝调2燃气热水器13L,6923185655688,100167111601,679.15,,未知,2026-04-30 11:18:57,d:\WorkSpace\01_自动化开发\App1_Price_Monitor品牌价格\price_screenshots\2026-04-30_JD_6923185655688_100167111601.jpg
京东,https://item.jd.com/10176913186809.html,蓝调2燃气热水器13L,6923185655688,10176913186809,Not Found,,抓取失败,2026-04-30 11:19:11,d:\WorkSpace\01_自动化开发\App1_Price_Monitor品牌价格\error_screenshots\fail_JD_10176913186809.png
京东,https://item.jd.com/10092678440219.html,super5.0灶具（天然气）,6923185649656,10092678440219,Not Found,,抓取失败,2026-04-30 11:19:26,d:\WorkSpace\01_自动化开发\App1_Price_Monitor品牌价格\error_screenshots\fail_JD_10092678440219.png
京东,https://item.jd.com/100118324669.html,云米·泉先前置过滤器 Super,6923185649885,100118324669,Not Found,699,抓取失败,2026-04-30 11:19:41,d:\WorkSpace\01_自动化开发\App1_Price_Monitor品牌价格\error_screenshots\fail_JD_100118324669.png
京东,https://item.jd.com/10143724381196.html,云米·泉先前置过滤器 Super,6923185649885,10143724381196,Not Found,699,抓取失败,2026-04-30 11:19:55,d:\WorkSpace\01_自动化开发\App1_Price_Monitor品牌价格\error_screenshots\fail_JD_10143724381196.png
京东,https://item.jd.com/100028611839.html,云米AI电热水器 小蓝调50L,6923185649076,100028611839,Not Found,,抓取失败,2026-04-30 11:20:10,d:\WorkSpace\01_自动化开发\App1_Price_Monitor品牌价格\error_screenshots\fail_JD_100028611839.png
京东,https://item.jd.com/10114364850989.html,小鲸鱼 马桶盖,6923185654537,10114364850989,Not Found,,抓取失败,2026-04-30 11:20:27,d:\WorkSpace\01_自动化开发\App1_Price_Monitor品牌价格\error_screenshots\fail_JD_10114364850989.png
京东,https://item.jd.com/10168369255857.html,蓝调智能门锁（大屏猫眼版）,6923185654667,10168369255857,Not Found,,抓取失败,2026-04-30 11:20:40,d:\WorkSpace\01_自动化开发\App1_Price_Monitor品牌价格\error_screenshots\fail_JD_10168369255857.png
京东,https://item.jd.com/10152123375420.html,蓝调智能门锁（3D人脸版）,6923185654643,10152123375420,Not Found,,抓取失败,2026-04-30 11:20:55,d:\WorkSpace\01_自动化开发\App1_Price_Monitor品牌价格\error_screenshots\fail_JD_10152123375420.png
京东,https://item.jd.com/10075265423716.html,5.0KW聚能猛火灶,6923185650331,10075265423716,Not Found,,抓取失败,2026-04-30 11:21:09,d:\WorkSpace\01_自动化开发\App1_Price_Monitor品牌价格\error_screenshots\fail_JD_10075265423716.png
京东,https://item.jd.com/10152130264576.html,蓝调智能门锁（人脸猫眼版）,6923185654650,10152130264576,Not Found,,抓取失败,2026-04-30 11:21:23,d:\WorkSpace\01_自动化开发\App1_Price_Monitor品牌价格\error_screenshots\fail_JD_10152130264576.png
京东,https://item.jd.com/10101734415931.html,云米油烟机蓝调,6923185650973,10101734415931,Not Found,,抓取失败,2026-04-30 11:21:37,d:\WorkSpace\01_自动化开发\App1_Price_Monitor品牌价格\error_screenshots\fail_JD_10101734415931.png
京东,https://item.jd.com/10089284956258.html,flash烟机,6923185613664,10089284956258,Not Found,,抓取失败,2026-04-30 11:21:51,d:\WorkSpace\01_自动化开发\App1_Price_Monitor品牌价格\error_screenshots\fail_JD_10089284956258.png
京东,https://item.jd.com/10110061303564.html,云米互联网油烟机Flash,6923185613664,10110061303564,Not Found,,抓取失败,2026-04-30 11:22:06,d:\WorkSpace\01_自动化开发\App1_Price_Monitor品牌价格\error_screenshots\fail_JD_10110061303564.png
京东,https://item.jd.com/10110061303564.html,flash烟机,6923185613664,10110061303564,Not Found,,抓取失败,2026-04-30 11:22:25,d:\WorkSpace\01_自动化开发\App1_Price_Monitor品牌价格\error_screenshots\fail_JD_10110061303564.png
京东,https://item.jd.com/10090594806936.html,flash烟机,6923185613664,10090594806936,Not Found,,抓取失败,2026-04-30 11:22:40,d:\WorkSpace\01_自动化开发\App1_Price_Monitor品牌价格\error_screenshots\fail_JD_10090594806936.png
京东,https://item.jd.com/10089198115504.html,免镁棒-60L-3000w热水器,6923185611899,10089198115504,Not Found,,抓取失败,2026-04-30 11:22:53,d:\WorkSpace\01_自动化开发\App1_Price_Monitor品牌价格\error_screenshots\fail_JD_10089198115504.png
京东,https://item.jd.com/10093429580106.html,云米厨余垃圾处理器  PowerBox 尊享版,6923185610250,10093429580106,Not Found,,抓取失败,2026-04-30 11:23:08,d:\WorkSpace\01_自动化开发\App1_Price_Monitor品牌价格\error_screenshots\fail_JD_10093429580106.png
京东,https://item.jd.com/10168128067583.html,云米厨余垃圾处理器  PowerBox 尊享版,6923185610250,10168128067583,Not Found,,抓取失败,2026-04-30 11:23:22,d:\WorkSpace\01_自动化开发\App1_Price_Monitor品牌价格\error_screenshots\fail_JD_10168128067583.png
京东,https://item.jd.com/10091941834784.html,云米消毒柜（嵌入式）云米版,6923185604303,10091941834784,Not Found,,抓取失败,2026-04-30 11:23:37,d:\WorkSpace\01_自动化开发\App1_Price_Monitor品牌价格\error_screenshots\fail_JD_10091941834784.png
京东,https://item.jd.com/10103268736846.html,云米消毒柜（嵌入式）云米版,6923185604303,10103268736846,Not Found,,抓取失败,2026-04-30 11:23:52,d:\WorkSpace\01_自动化开发\App1_Price_Monitor品牌价格\error_screenshots\fail_JD_10103268736846.png
京东,https://item.jd.com/10105870187513.html,云米·泉先AI净水器蓝调600G+,6923185653592,10105870187513,Not Found,999,抓取失败,2026-04-30 11:24:07,d:\WorkSpace\01_自动化开发\App1_Price_Monitor品牌价格\error_screenshots\fail_JD_10105870187513.png
京东,https://item.jd.com/100220432807.html,蓝调2Pro-JSQ30-VGW1641,6923185656869,100220432807,Not Found,,抓取失败,2026-04-30 11:24:22,d:\WorkSpace\01_自动化开发\App1_Price_Monitor品牌价格\error_screenshots\fail_JD_100220432807.png
京东,https://item.jd.com/100020870125.html,云米空调1匹两用挂机iCool 2T,S1648526111232,100020870125,1349,1099,高价待调整,2026-04-30 11:24:40,d:\WorkSpace\01_自动化开发\App1_Price_Monitor品牌价格\price_screenshots\2026-04-30_JD_S1648526111232_100020870125.jpg
京东,https://item.jd.com/10192764613659.html,门锁掌静脉,6923185655398,10192764613659,1067,,未知,2026-04-30 11:24:55,d:\WorkSpace\01_自动化开发\App1_Price_Monitor品牌价格\price_screenshots\2026-04-30_JD_6923185655398_10192764613659.jpg
京东,https://item.jd.com/100193851271.html,云米蓝调系列多功能冰沙机,6923185656135,100193851271,2787.8,,未知,2026-04-30 11:25:26,d:\WorkSpace\01_自动化开发\App1_Price_Monitor品牌价格\price_screenshots\2026-04-30_JD_6923185656135_100193851271.jpg
京东,https://item.jd.com/100147404904.html,云米AI油烟机 Smart 2 Pro,6923185653516,100147404904,1399,,未知,2026-04-30 11:25:56,d:\WorkSpace\01_自动化开发\App1_Price_Monitor品牌价格\price_screenshots\2026-04-30_JD_6923185653516_100147404904.jpg
京东,https://item.jd.com/10089254213735.html,flash烟机+power5.0（天然气）,S2409261034001,10089254213735,1299,1399,破价警报,2026-04-30 11:26:27,d:\WorkSpace\01_自动化开发\App1_Price_Monitor品牌价格\price_screenshots\2026-04-30_JD_S2409261034001_10089254213735.jpg
京东,https://item.jd.com/100223552856.html,小京龙900G,6923185654292,100223552856,898.87,1499,破价警报,2026-04-30 11:26:56,d:\WorkSpace\01_自动化开发\App1_Price_Monitor品牌价格\price_screenshots\2026-04-30_JD_6923185654292_100223552856.jpg
京东,https://item.jd.com/10143719582452.html,云米·泉先 AI冷热管线机 Super 2E,6923185650966,10143719582452,989.1,1599,破价警报,2026-04-30 11:27:28,d:\WorkSpace\01_自动化开发\App1_Price_Monitor品牌价格\price_screenshots\2026-04-30_JD_6923185650966_10143719582452.jpg
京东,https://item.jd.com/100309470648.html,云米AI油烟机Super升级,6923185605829,100309470648,1499,,未知,2026-04-30 11:28:00,d:\WorkSpace\01_自动化开发\App1_Price_Monitor品牌价格\price_screenshots\2026-04-30_JD_6923185605829_100309470648.jpg
京东,https://item.jd.com/100094220985.html,云米·泉先AI管线机Master2S,6923185652526,100094220985,705.48,1699,破价警报,2026-04-30 11:28:31,d:\WorkSpace\01_自动化开发\App1_Price_Monitor品牌价格\price_screenshots\2026-04-30_JD_6923185652526_100094220985.jpg
京东,https://item.jd.com/10111293867587.html,云米·泉先AI管线机Master2S,6923185652526,10111293867587,944.35,1699,破价警报,2026-04-30 11:28:59,d:\WorkSpace\01_自动化开发\App1_Price_Monitor品牌价格\price_screenshots\2026-04-30_JD_6923185652526_10111293867587.jpg
京东,https://item.jd.com/100141797446.html,鲜活泉系列 Smart 1000G(小竹泉）,6923185654247,100141797446,960.61,1699,破价警报,2026-04-30 11:29:14,d:\WorkSpace\01_自动化开发\App1_Price_Monitor品牌价格\price_screenshots\2026-04-30_JD_6923185654247_100141797446.jpg
京东,https://item.jd.com/100193748406.html,云米AI净饮机Super 2,6923185615415,100193748406,1062.36,1699,破价警报,2026-04-30 11:29:28,d:\WorkSpace\01_自动化开发\App1_Price_Monitor品牌价格\price_screenshots\2026-04-30_JD_6923185615415_100193748406.jpg
京东,https://item.jd.com/10190216497508.html,云米AI净饮机Super 2,6923185615415,10190216497508,1002.76,1699,破价警报,2026-04-30 11:29:43,d:\WorkSpace\01_自动化开发\App1_Price_Monitor品牌价格\price_screenshots\2026-04-30_JD_6923185615415_10190216497508.jpg
京东,https://item.jd.com/100113886253.html,云米AI净水器Super 2Y 1200G,6923185653981,100113886253,1185.42,1899,破价警报,2026-04-30 11:29:58,d:\WorkSpace\01_自动化开发\App1_Price_Monitor品牌价格\price_screenshots\2026-04-30_JD_6923185653981_100113886253.jpg
京东,https://item.jd.com/100152351404.html,云米AI净水器Super 2Y 1200G,6923185653981,100152351404,3511.27,1899,高价待调整,2026-04-30 11:30:14,d:\WorkSpace\01_自动化开发\App1_Price_Monitor品牌价格\price_screenshots\2026-04-30_JD_6923185653981_100152351404.jpg
京东,https://item.jd.com/10109665694149.html,云米AI净水器Super 2Y 1200G,6923185653981,10109665694149,1189.75,1899,破价警报,2026-04-30 11:30:30,d:\WorkSpace\01_自动化开发\App1_Price_Monitor品牌价格\price_screenshots\2026-04-30_JD_6923185653981_10109665694149.jpg
京东,https://item.jd.com/10137116625841.html,"即热1000G,MAIN84",6923185651116,10137116625841,1359.15,1899,破价警报,2026-04-30 11:30:46,d:\WorkSpace\01_自动化开发\App1_Price_Monitor品牌价格\price_screenshots\2026-04-30_JD_6923185651116_10137116625841.jpg
京东,https://item.jd.com/100216835595.html,云米AI冷热管线机Super2 Pro,6923185655794,100216835595,1448.68,1999,破价警报,2026-04-30 11:31:01,d:\WorkSpace\01_自动化开发\App1_Price_Monitor品牌价格\price_screenshots\2026-04-30_JD_6923185655794_100216835595.jpg
京东,https://item.jd.com/10190163229722.html,云米AI冷热管线机Super2 Pro,6923185655794,10190163229722,1598.99,1999,破价警报,2026-04-30 11:31:15,d:\WorkSpace\01_自动化开发\App1_Price_Monitor品牌价格\price_screenshots\2026-04-30_JD_6923185655794_10190163229722.jpg
京东,https://item.jd.com/10190186867694.html,云米AI冷热管线机Super2 Pro,6923185655794,10190186867694,1699,1999,破价警报,2026-04-30 11:31:30,d:\WorkSpace\01_自动化开发\App1_Price_Monitor品牌价格\price_screenshots\2026-04-30_JD_6923185655794_10190186867694.jpg
京东,https://item.jd.com/10130854696036.html,云米智能马桶 小鲸鱼 2 Pro,6923185654575,10130854696036,Not Found,,抓取失败,2026-04-30 11:31:45,d:\WorkSpace\01_自动化开发\App1_Price_Monitor品牌价格\error_screenshots\fail_JD_10130854696036.png
京东,https://item.jd.com/100167111617.html,云米AI油烟机 鲲鹏Pro,6923185605379,100167111617,Not Found,,抓取失败,2026-04-30 11:31:59,d:\WorkSpace\01_自动化开发\App1_Price_Monitor品牌价格\error_screenshots\fail_JD_100167111617.png
京东,https://item.jd.com/10114588738475.html,云米AI昆仑矿泉净水机 Super 2E 2500,6923185654254,10114588738475,Not Found,2499,抓取失败,2026-04-30 11:32:14,d:\WorkSpace\01_自动化开发\App1_Price_Monitor品牌价格\error_screenshots\fail_JD_10114588738475.png
京东,https://item.jd.com/10116378745406.html,云米AI昆仑矿泉净水机 Super 2E 2500,6923185654254,10116378745406,Not Found,2499,抓取失败,2026-04-30 11:32:30,d:\WorkSpace\01_自动化开发\App1_Price_Monitor品牌价格\error_screenshots\fail_JD_10116378745406.png
京东,https://item.jd.com/100135346870.html,云米AI昆仑矿泉净水机 Super 2E 2500,6923185654254,100135346870,Not Found,2499,抓取失败,2026-04-30 11:32:45,d:\WorkSpace\01_自动化开发\App1_Price_Monitor品牌价格\error_screenshots\fail_JD_100135346870.png
京东,https://item.jd.com/100210261709.html,小京龙2Pro净矿,6923185656791,100210261709,Not Found,2499,抓取失败,2026-04-30 11:32:59,d:\WorkSpace\01_自动化开发\App1_Price_Monitor品牌价格\error_screenshots\fail_JD_100210261709.png
京东,https://item.jd.com/100105676026.html,云米AI净水器昆仑 Super 2S 1200G,6923185653585,100105676026,Not Found,2699,抓取失败,2026-04-30 11:33:14,d:\WorkSpace\01_自动化开发\App1_Price_Monitor品牌价格\error_screenshots\fail_JD_100105676026.png
京东,https://item.jd.com/10103267064546.html,蒸烤一体机FaceA1,6923185620136,10103267064546,Not Found,,抓取失败,2026-04-30 11:33:29,d:\WorkSpace\01_自动化开发\App1_Price_Monitor品牌价格\error_screenshots\fail_JD_10103267064546.png
京东,https://item.jd.com/10206797283677.html,昆仑3 即热矿泉,6923185654445,10206797283677,Not Found,2999,抓取失败,2026-04-30 11:33:43,d:\WorkSpace\01_自动化开发\App1_Price_Monitor品牌价格\error_screenshots\fail_JD_10206797283677.png
京东,https://item.jd.com/10202290093822.html,昆仑4 弱碱Pro 1400G,6923185655718,10202290093822,Not Found,3599,抓取失败,2026-04-30 11:33:57,d:\WorkSpace\01_自动化开发\App1_Price_Monitor品牌价格\error_screenshots\fail_JD_10202290093822.png
京东,https://item.jd.com/100215523232.html,昆仑4 制冰台净,6923185655787,100215523232,Not Found,4399,抓取失败,2026-04-30 11:34:12,d:\WorkSpace\01_自动化开发\App1_Price_Monitor品牌价格\error_screenshots\fail_JD_100215523232.png
京东,https://item.jd.com/10092678440219.html,super5.0灶具（天然气）,6923185649656,10092678440219,679.15,,未知,2026-04-30 15:43:37,d:\WorkSpace\01_自动化开发\App1_Price_Monitor品牌价格\price_screenshots\2026-04-30_JD_6923185649656_10092678440219.jpg
京东,https://item.jd.com/100118324669.html,云米·泉先前置过滤器 Super,6923185649885,100118324669,Not Found,699,抓取失败,2026-04-30 15:43:54,d:\WorkSpace\01_自动化开发\App1_Price_Monitor品牌价格\error_screenshots\fail_JD_100118324669.png
京东,https://item.jd.com/10143724381196.html,云米·泉先前置过滤器 Super,6923185649885,10143724381196,599,699,破价警报,2026-04-30 15:44:11,d:\WorkSpace\01_自动化开发\App1_Price_Monitor品牌价格\price_screenshots\2026-04-30_JD_6923185649885_10143724381196.jpg
京东,https://item.jd.com/100028611839.html,云米AI电热水器 小蓝调50L,6923185649076,100028611839,636.65,,未知,2026-04-30 15:44:28,d:\WorkSpace\01_自动化开发\App1_Price_Monitor品牌价格\price_screenshots\2026-04-30_JD_6923185649076_100028611839.jpg
京东,https://item.jd.com/10114364850989.html,小鲸鱼 马桶盖,6923185654537,10114364850989,698.4,,未知,2026-04-30 15:44:45,d:\WorkSpace\01_自动化开发\App1_Price_Monitor品牌价格\price_screenshots\2026-04-30_JD_6923185654537_10114364850989.jpg
京东,https://item.jd.com/10168369255857.html,蓝调智能门锁（大屏猫眼版）,6923185654667,10168369255857,649.4,,未知,2026-04-30 15:45:02,d:\WorkSpace\01_自动化开发\App1_Price_Monitor品牌价格\price_screenshots\2026-04-30_JD_6923185654667_10168369255857.jpg
京东,https://item.jd.com/10152123375420.html,蓝调智能门锁（3D人脸版）,6923185654643,10152123375420,629.92,,未知,2026-04-30 15:45:18,d:\WorkSpace\01_自动化开发\App1_Price_Monitor品牌价格\price_screenshots\2026-04-30_JD_6923185654643_10152123375420.jpg
京东,https://item.jd.com/10075265423716.html,5.0KW聚能猛火灶,6923185650331,10075265423716,699,,未知,2026-04-30 15:45:34,d:\WorkSpace\01_自动化开发\App1_Price_Monitor品牌价格\price_screenshots\2026-04-30_JD_6923185650331_10075265423716.jpg
京东,https://item.jd.com/10152130264576.html,蓝调智能门锁（人脸猫眼版）,6923185654650,10152130264576,700,,未知,2026-04-30 15:45:51,d:\WorkSpace\01_自动化开发\App1_Price_Monitor品牌价格\price_screenshots\2026-04-30_JD_6923185654650_10152130264576.jpg
京东,https://item.jd.com/10101734415931.html,云米油烟机蓝调,6923185650973,10101734415931,Not Found,,抓取失败,2026-04-30 15:46:10,d:\WorkSpace\01_自动化开发\App1_Price_Monitor品牌价格\error_screenshots\fail_JD_10101734415931.png
京东,https://item.jd.com/10089284956258.html,flash烟机,6923185613664,10089284956258,899,,未知,2026-04-30 15:46:27,d:\WorkSpace\01_自动化开发\App1_Price_Monitor品牌价格\price_screenshots\2026-04-30_JD_6923185613664_10089284956258.jpg
京东,https://item.jd.com/10110061303564.html,云米互联网油烟机Flash,6923185613664,10110061303564,899,,未知,2026-04-30 15:46:43,d:\WorkSpace\01_自动化开发\App1_Price_Monitor品牌价格\price_screenshots\2026-04-30_JD_6923185613664_10110061303564.jpg
京东,https://item.jd.com/10110061303564.html,flash烟机,6923185613664,10110061303564,899,,未知,2026-04-30 15:46:58,d:\WorkSpace\01_自动化开发\App1_Price_Monitor品牌价格\price_screenshots\2026-04-30_JD_6923185613664_10110061303564.jpg
京东,https://item.jd.com/10090594806936.html,flash烟机,6923185613664,10090594806936,899,,未知,2026-04-30 15:47:15,d:\WorkSpace\01_自动化开发\App1_Price_Monitor品牌价格\price_screenshots\2026-04-30_JD_6923185613664_10090594806936.jpg
京东,https://item.jd.com/10089198115504.html,免镁棒-60L-3000w热水器,6923185611899,10089198115504,Not Found,,抓取失败,2026-04-30 15:47:31,d:\WorkSpace\01_自动化开发\App1_Price_Monitor品牌价格\error_screenshots\fail_JD_10089198115504.png
京东,https://item.jd.com/10093429580106.html,云米厨余垃圾处理器  PowerBox 尊享版,6923185610250,10093429580106,806.65,,未知,2026-04-30 15:47:48,d:\WorkSpace\01_自动化开发\App1_Price_Monitor品牌价格\price_screenshots\2026-04-30_JD_6923185610250_10093429580106.jpg
京东,https://item.jd.com/10168128067583.html,云米厨余垃圾处理器  PowerBox 尊享版,6923185610250,10168128067583,899,,未知,2026-04-30 15:48:05,d:\WorkSpace\01_自动化开发\App1_Price_Monitor品牌价格\price_screenshots\2026-04-30_JD_6923185610250_10168128067583.jpg
京东,https://item.jd.com/10091941834784.html,云米消毒柜（嵌入式）云米版,6923185604303,10091941834784,899,,未知,2026-04-30 15:48:26,d:\WorkSpace\01_自动化开发\App1_Price_Monitor品牌价格\price_screenshots\2026-04-30_JD_6923185604303_10091941834784.jpg
京东,https://item.jd.com/10103268736846.html,云米消毒柜（嵌入式）云米版,6923185604303,10103268736846,899,,未知,2026-04-30 15:48:42,d:\WorkSpace\01_自动化开发\App1_Price_Monitor品牌价格\price_screenshots\2026-04-30_JD_6923185604303_10103268736846.jpg
京东,https://item.jd.com/10105870187513.html,云米·泉先AI净水器蓝调600G+,6923185653592,10105870187513,648,999,破价警报,2026-04-30 15:48:59,d:\WorkSpace\01_自动化开发\App1_Price_Monitor品牌价格\price_screenshots\2026-04-30_JD_6923185653592_10105870187513.jpg
京东,https://item.jd.com/100220432807.html,蓝调2Pro-JSQ30-VGW1641,6923185656869,100220432807,1099,,未知,2026-04-30 15:49:19,d:\WorkSpace\01_自动化开发\App1_Price_Monitor品牌价格\price_screenshots\2026-04-30_JD_6923185656869_100220432807.jpg
京东,https://item.jd.com/10130854696036.html,云米智能马桶 小鲸鱼 2 Pro,6923185654575,10130854696036,2398.7,,未知,2026-04-30 15:49:36,d:\WorkSpace\01_自动化开发\App1_Price_Monitor品牌价格\price_screenshots\2026-04-30_JD_6923185654575_10130854696036.jpg
京东,https://item.jd.com/100167111617.html,云米AI油烟机 鲲鹏Pro,6923185605379,100167111617,2489,,未知,2026-04-30 15:49:52,d:\WorkSpace\01_自动化开发\App1_Price_Monitor品牌价格\price_screenshots\2026-04-30_JD_6923185605379_100167111617.jpg
京东,https://item.jd.com/10114588738475.html,云米AI昆仑矿泉净水机 Super 2E 2500,6923185654254,10114588738475,1551.02,2499,破价警报,2026-04-30 15:50:09,d:\WorkSpace\01_自动化开发\App1_Price_Monitor品牌价格\price_screenshots\2026-04-30_JD_6923185654254_10114588738475.jpg
京东,https://item.jd.com/10116378745406.html,云米AI昆仑矿泉净水机 Super 2E 2500,6923185654254,10116378745406,1699,2499,破价警报,2026-04-30 15:50:25,d:\WorkSpace\01_自动化开发\App1_Price_Monitor品牌价格\price_screenshots\2026-04-30_JD_6923185654254_10116378745406.jpg
京东,https://item.jd.com/100135346870.html,云米AI昆仑矿泉净水机 Super 2E 2500,6923185654254,100135346870,1545.55,2499,破价警报,2026-04-30 15:50:44,d:\WorkSpace\01_自动化开发\App1_Price_Monitor品牌价格\price_screenshots\2026-04-30_JD_6923185654254_100135346870.jpg
京东,https://item.jd.com/100210261709.html,小京龙2Pro净矿,6923185656791,100210261709,1990.06,2499,破价警报,2026-04-30 15:51:00,d:\WorkSpace\01_自动化开发\App1_Price_Monitor品牌价格\price_screenshots\2026-04-30_JD_6923185656791_100210261709.jpg
京东,https://item.jd.com/100105676026.html,云米AI净水器昆仑 Super 2S 1200G,6923185653585,100105676026,1738.56,2699,破价警报,2026-04-30 15:51:17,d:\WorkSpace\01_自动化开发\App1_Price_Monitor品牌价格\price_screenshots\2026-04-30_JD_6923185653585_100105676026.jpg
京东,https://item.jd.com/10103267064546.html,蒸烤一体机FaceA1,6923185620136,10103267064546,2799,,未知,2026-04-30 15:51:34,d:\WorkSpace\01_自动化开发\App1_Price_Monitor品牌价格\price_screenshots\2026-04-30_JD_6923185620136_10103267064546.jpg
京东,https://item.jd.com/10206797283677.html,昆仑3 即热矿泉,6923185654445,10206797283677,2327.03,2999,破价警报,2026-04-30 15:51:51,d:\WorkSpace\01_自动化开发\App1_Price_Monitor品牌价格\price_screenshots\2026-04-30_JD_6923185654445_10206797283677.jpg
京东,https://item.jd.com/10202290093822.html,昆仑4 弱碱Pro 1400G,6923185655718,10202290093822,2999,3599,破价警报,2026-04-30 15:52:07,d:\WorkSpace\01_自动化开发\App1_Price_Monitor品牌价格\price_screenshots\2026-04-30_JD_6923185655718_10202290093822.jpg
京东,https://item.jd.com/100215523232.html,昆仑4 制冰台净,6923185655787,100215523232,3365.41,4399,破价警报,2026-04-30 15:52:24,d:\WorkSpace\01_自动化开发\App1_Price_Monitor品牌价格\price_screenshots\2026-04-30_JD_6923185655787_100215523232.jpg
拼多多,https://mobile.yangkeduo.com/goods.html?goods_id=912927521784,小京龙2Pro净矿,6923185656791,912927521784,1273,2499,破价警报 | 百亿补贴,2026-04-30 15:55:47,无截图
拼多多,https://mobile.yangkeduo.com/goods.html?goods_id=908884844099,管线机2S,6923185652526,908884844099,999,1699,破价警报,2026-04-30 15:55:47,无截图
拼多多,https://mobile.yangkeduo.com/goods.html?goods_id=908879495872,smart 前置过滤器 （VF4-A）,6923185621058,908879495872,289,499,破价警报 | 限时折扣,2026-04-30 15:55:47,无截图
拼多多,https://mobile.yangkeduo.com/goods.html?goods_id=907974025123,小海豚1000G,6923185654865,907974025123,899,899,限量折扣,2026-04-30 15:55:47,无截图
拼多多,https://mobile.yangkeduo.com/goods.html?goods_id=907033710117,云米昆仑3矿泉净水器2S Pro,6923185656593,907033710117,2998,2899,高价待调整,2026-04-30 15:55:47,无截图
拼多多,https://mobile.yangkeduo.com/goods.html?goods_id=873065157674,小海豚600G适用滤芯,6923185618379,873065157674,598,299,高价待调整,2026-04-30 15:55:47,无截图
拼多多,https://mobile.yangkeduo.com/goods.html?goods_id=873065157674,小海豚600G适用滤芯,6923185618379,873065157674,598,299,高价待调整,2026-04-30 15:55:47,无截图
拼多多,https://mobile.yangkeduo.com/goods.html?goods_id=873065157674,小海豚600G适用滤芯,6923185618379,873065157674,598,299,高价待调整,2026-04-30 15:55:47,无截图
拼多多,https://mobile.yangkeduo.com/goods.html?goods_id=873065157674,小海豚600G适用滤芯,6923185618379,873065157674,698,299,高价待调整,2026-04-30 15:55:47,无截图
拼多多,https://mobile.yangkeduo.com/goods.html?goods_id=873065157674,小海豚600G适用滤芯,6923185618379,873065157674,798,299,高价待调整,2026-04-30 15:55:47,无截图
拼多多,https://mobile.yangkeduo.com/goods.html?goods_id=873065157674,小海豚600G适用滤芯,6923185618379,873065157674,799,299,高价待调整,2026-04-30 15:55:47,无截图
拼多多,https://mobile.yangkeduo.com/goods.html?goods_id=873065157674,小海豚600G适用滤芯,6923185618379,873065157674,898,299,高价待调整,2026-04-30 15:55:47,无截图
拼多多,https://mobile.yangkeduo.com/goods.html?goods_id=873065157674,小海豚600G适用滤芯,6923185618379,873065157674,898,299,高价待调整,2026-04-30 15:55:47,无截图
拼多多,https://mobile.yangkeduo.com/goods.html?goods_id=873065157674,小海豚600G适用滤芯,6923185618379,873065157674,898,299,高价待调整,2026-04-30 15:55:47,无截图
拼多多,https://mobile.yangkeduo.com/goods.html?goods_id=873065157674,小海豚600G适用滤芯,6923185618379,873065157674,899,299,高价待调整,2026-04-30 15:55:47,无截图
拼多多,https://mobile.yangkeduo.com/goods.html?goods_id=872941778883,1000G复合滤芯,6923185653998,872941778883,288,298,破价警报,2026-04-30 15:55:47,无截图
拼多多,https://mobile.yangkeduo.com/goods.html?goods_id=872941778883,1000G复合滤芯,6923185653998,872941778883,288,298,破价警报,2026-04-30 15:55:47,无截图
拼多多,https://mobile.yangkeduo.com/goods.html?goods_id=872941778883,1000G复合滤芯,6923185653998,872941778883,288,298,破价警报,2026-04-30 15:55:47,无截图
拼多多,https://mobile.yangkeduo.com/goods.html?goods_id=872941778883,1000G复合滤芯,6923185653998,872941778883,288,298,破价警报,2026-04-30 15:55:47,无截图
拼多多,https://mobile.yangkeduo.com/goods.html?goods_id=872941778883,1000G复合滤芯,6923185653998,872941778883,288,298,破价警报,2026-04-30 15:55:47,无截图
拼多多,https://mobile.yangkeduo.com/goods.html?goods_id=872941778883,1000G复合滤芯,6923185653998,872941778883,288,298,破价警报,2026-04-30 15:55:47,无截图
拼多多,https://mobile.yangkeduo.com/goods.html?goods_id=872941778883,1000G复合滤芯,6923185653998,872941778883,288,298,破价警报,2026-04-30 15:55:47,无截图
拼多多,https://mobile.yangkeduo.com/goods.html?goods_id=872941778883,1000G复合滤芯,6923185653998,872941778883,288,298,破价警报,2026-04-30 15:55:47,无截图
拼多多,https://mobile.yangkeduo.com/goods.html?goods_id=872941778883,1000G复合滤芯,6923185653998,872941778883,288,298,破价警报,2026-04-30 15:55:47,无截图
拼多多,https://mobile.yangkeduo.com/goods.html?goods_id=872941778883,1000G复合滤芯,6923185653998,872941778883,289,298,破价警报,2026-04-30 15:55:47,无截图
拼多多,https://mobile.yangkeduo.com/goods.html?goods_id=872941778883,1000G复合滤芯,6923185653998,872941778883,289,298,破价警报,2026-04-30 15:55:47,无截图
拼多多,https://mobile.yangkeduo.com/goods.html?goods_id=872941778883,1000G复合滤芯,6923185653998,872941778883,289,298,破价警报,2026-04-30 15:55:47,无截图
拼多多,https://mobile.yangkeduo.com/goods.html?goods_id=872941778883,1000G复合滤芯,6923185653998,872941778883,289,298,破价警报,2026-04-30 15:55:47,无截图
拼多多,https://mobile.yangkeduo.com/goods.html?goods_id=872941778883,1000G复合滤芯,6923185653998,872941778883,289,298,破价警报,2026-04-30 15:55:47,无截图
拼多多,https://mobile.yangkeduo.com/goods.html?goods_id=872941778883,1000G复合滤芯,6923185653998,872941778883,289,298,破价警报,2026-04-30 15:55:47,无截图
拼多多,https://mobile.yangkeduo.com/goods.html?goods_id=872941778883,1000G复合滤芯,6923185653998,872941778883,289,298,破价警报,2026-04-30 15:55:47,无截图
拼多多,https://mobile.yangkeduo.com/goods.html?goods_id=872941778883,1000G复合滤芯,6923185653998,872941778883,299,298,高价待调整,2026-04-30 15:55:47,无截图
拼多多,https://mobile.yangkeduo.com/goods.html?goods_id=872941778883,1000G复合滤芯,6923185653998,872941778883,299,298,高价待调整,2026-04-30 15:55:47,无截图
拼多多,https://mobile.yangkeduo.com/goods.html?goods_id=872941778883,1000G复合滤芯,6923185653998,872941778883,398,298,高价待调整,2026-04-30 15:55:47,无截图
拼多多,https://mobile.yangkeduo.com/goods.html?goods_id=872941778883,1000G复合滤芯,6923185653998,872941778883,398,298,高价待调整,2026-04-30 15:55:47,无截图
拼多多,https://mobile.yangkeduo.com/goods.html?goods_id=872941778883,1000G复合滤芯,6923185653998,872941778883,398,298,高价待调整,2026-04-30 15:55:47,无截图
拼多多,https://mobile.yangkeduo.com/goods.html?goods_id=872941778883,1000G复合滤芯,6923185653998,872941778883,399,298,高价待调整,2026-04-30 15:55:47,无截图
拼多多,https://mobile.yangkeduo.com/goods.html?goods_id=872941778883,1000G复合滤芯,6923185653998,872941778883,399,298,高价待调整,2026-04-30 15:55:47,无截图
拼多多,https://mobile.yangkeduo.com/goods.html?goods_id=870799733097,油烟机 smart2,6923185653110,870799733097,1599,,正常,2026-04-30 15:55:47,无截图
拼多多,https://mobile.yangkeduo.com/goods.html?goods_id=868834124642,云米AI油烟机Super升级,6923185605829,868834124642,1699,,正常,2026-04-30 15:55:47,无截图
拼多多,https://mobile.yangkeduo.com/goods.html?goods_id=868851073714,小海豚3,6923185605867,868851073714,499,499,百亿补贴,2026-04-30 15:55:47,无截图
拼多多,https://mobile.yangkeduo.com/goods.html?goods_id=862873034610,小海豚3,6923185605867,862873034610,618,499,高价待调整 | 百亿补贴,2026-04-30 15:55:47,无截图
拼多多,https://mobile.yangkeduo.com/goods.html?goods_id=862584688956,门锁门禁卡,6923185654230,862584688956,25,19,高价待调整,2026-04-30 15:55:47,无截图
拼多多,https://mobile.yangkeduo.com/goods.html?goods_id=861508688697,管线机2E,6923185650966,861508688697,1998,1599,高价待调整,2026-04-30 15:55:47,无截图
拼多多,https://mobile.yangkeduo.com/goods.html?goods_id=852932116812,云米净水器600G小海豚升级版厨下式RO反渗透直饮家用,852932116812,852932116812,772,,百亿补贴,2026-04-30 15:55:47,无截图
拼多多,https://mobile.yangkeduo.com/goods.html?goods_id=852614628903,云米厨余垃圾处理器  PowerBox 尊享版,6923185610250,852614628903,799,,限时折扣,2026-04-30 15:55:47,无截图
拼多多,https://mobile.yangkeduo.com/goods.html?goods_id=852161740747,小海豚600G+,6923185653684,852161740747,899,559,高价待调整,2026-04-30 15:55:47,无截图
拼多多,https://mobile.yangkeduo.com/goods.html?goods_id=852010588191,蓝调2Pro-JSQ30-VGW1641,6923185656869,852010588191,1099,,正常,2026-04-30 15:55:47,无截图
拼多多,https://mobile.yangkeduo.com/goods.html?goods_id=850883552953,云米·泉先AI净水器蓝调600G+,6923185653592,850883552953,649,999,破价警报 | 限时折扣,2026-04-30 15:55:47,无截图
拼多多,https://mobile.yangkeduo.com/goods.html?goods_id=850344043841,云米AI净饮机Super 2,6923185615415,850344043841,1009,1699,破价警报 | 限时折扣,2026-04-30 15:55:47,无截图
拼多多,https://mobile.yangkeduo.com/goods.html?goods_id=849648457333,云米AI昆仑矿泉净水机 Super 2E 2500,6923185654254,849648457333,1549,2499,破价警报 | 限时折扣,2026-04-30 15:55:47,无截图
拼多多,https://mobile.yangkeduo.com/goods.html?goods_id=849000374681,云米AI净水器Super 2Y 1200G,6923185653981,849000374681,2299,1899,高价待调整,2026-04-30 15:55:47,无截图
拼多多,https://mobile.yangkeduo.com/goods.html?goods_id=846212481564,云米蓝调2双胆电热水器60L超短超薄速热增容大水量3000W杀菌安全,846212481564,846212481564,1199,,正常,2026-04-30 15:55:47,无截图
拼多多,https://mobile.yangkeduo.com/goods.html?goods_id=837301408995,云米AI冷热管线机Super2 Pro,6923185655794,837301408995,1449,1999,破价警报 | 限时折扣,2026-04-30 15:55:47,无截图
拼多多,https://mobile.yangkeduo.com/goods.html?goods_id=832431516907,门锁普通版E30,6923185656074,832431516907,499,,限时折扣,2026-04-30 15:55:47,无截图
拼多多,https://mobile.yangkeduo.com/goods.html?goods_id=823432069145,手持吸尘器,6923185611844,823432069145,999,602,高价待调整,2026-04-30 15:55:47,无截图
拼多多,https://mobile.yangkeduo.com/goods.html?goods_id=819506595979,云米净水器  600G+ 新升级厨下式RO反渗透直饮家用,819506595979,819506595979,1099,,正常,2026-04-30 15:55:47,无截图
拼多多,https://mobile.yangkeduo.com/goods.html?goods_id=806062288852,云米无线手持吸尘器家用立式除螨大吸力吸尘机A9长续航宠物家庭,806062288852,806062288852,999,,正常,2026-04-30 15:55:47,无截图
拼多多,https://mobile.yangkeduo.com/goods.html?goods_id=795732084979,云米燃气热水器增压水伺服恒温省气抗风节能排气16L已接入米家APP,795732084979,795732084979,1599,,正常,2026-04-30 15:55:47,无截图
拼多多,https://mobile.yangkeduo.com/goods.html?goods_id=791982350266,云米3200W电热水器智能抑菌速热节能一级能效增容已接入米家app,791982350266,791982350266,799,,正常,2026-04-30 15:55:47,无截图
拼多多,https://mobile.yangkeduo.com/goods.html?goods_id=791982350266,云米3200W电热水器智能抑菌速热节能一级能效增容已接入米家app,791982350266,791982350266,899,,正常,2026-04-30 15:55:47,无截图
拼多多,https://mobile.yangkeduo.com/goods.html?goods_id=791968310970,云米智能电热水器3200W节能变频增容速热家用浴室洗澡抑菌50L/60L,791968310970,791968310970,759,,正常,2026-04-30 15:55:47,无截图
拼多多,https://mobile.yangkeduo.com/goods.html?goods_id=791968310970,云米智能电热水器3200W节能变频增容速热家用浴室洗澡抑菌50L/60L,791968310970,791968310970,859,,正常,2026-04-30 15:55:47,无截图
拼多多,https://mobile.yangkeduo.com/goods.html?goods_id=791519887797,云米超薄零嵌510L大容量冰箱美妆舱底部散热一级变频双开门风冷,791519887797,791519887797,2789,,百亿补贴同价上首页,2026-04-30 15:55:47,无截图
拼多多,https://mobile.yangkeduo.com/goods.html?goods_id=784230725200,云米鲲鹏PRO烟机28m³大吸力聚能猛火灶一级能效烟灶联动厨电套装,784230725200,784230725200,3099,,正常,2026-04-30 15:55:47,无截图
拼多多,https://mobile.yangkeduo.com/goods.html?goods_id=784230725200,云米鲲鹏PRO烟机28m³大吸力聚能猛火灶一级能效烟灶联动厨电套装,784230725200,784230725200,3099,,正常,2026-04-30 15:55:47,无截图
拼多多,https://mobile.yangkeduo.com/goods.html?goods_id=783305466570,云米智能烘干晾衣架语音声控离线全自动升降阳台LED照明Smart超薄,783305466570,783305466570,1299,,正常,2026-04-30 15:55:47,无截图
拼多多,https://mobile.yangkeduo.com/goods.html?goods_id=783304689053,【声控晾衣架】云米智能电动晾衣架无线遥控大容量自动升降控制,783304689053,783304689053,999,,正常,2026-04-30 15:55:47,无截图
拼多多,https://mobile.yangkeduo.com/goods.html?goods_id=774960777953,蓝调2燃气热水器13L,6923185655688,774960777953,679,,限时折扣,2026-04-30 15:55:47,无截图
拼多多,https://mobile.yangkeduo.com/goods.html?goods_id=767193647325,门锁掌静脉,6923185655398,767193647325,1104,,大促搜索池,2026-04-30 15:55:47,无截图
拼多多,https://mobile.yangkeduo.com/goods.html?goods_id=765112154467,小鲸鱼 马桶盖,6923185654537,765112154467,699,,限时折扣,2026-04-30 15:55:47,无截图
拼多多,https://mobile.yangkeduo.com/goods.html?goods_id=763759392708,云米AI油烟机 鲲鹏Pro,6923185605379,763759392708,1999,,限时折扣,2026-04-30 15:55:47,无截图
拼多多,https://mobile.yangkeduo.com/goods.html?goods_id=761822913595,云米智能马桶 小鲸鱼 2 Pro,6923185654575,761822913595,2399,,限时折扣,2026-04-30 15:55:47,无截图
拼多多,https://mobile.yangkeduo.com/goods.html?goods_id=761822913595,云米智能马桶 小鲸鱼 2 Pro,6923185654575,761822913595,2399,,限时折扣,2026-04-30 15:55:47,无截图
拼多多,https://mobile.yangkeduo.com/goods.html?goods_id=743885774552,云米蓝调智能门锁（基础版）,6923185655381,743885774552,499,,限时折扣,2026-04-30 15:55:47,无截图
拼多多,https://mobile.yangkeduo.com/goods.html?goods_id=739863611562,云米AI油烟机 Smart 2 Pro,6923185653516,739863611562,1499,,正常,2026-04-30 15:55:47,无截图
拼多多,https://mobile.yangkeduo.com/goods.html?goods_id=705715580268,智能门锁锂电池(5000mAh),6923185652953,705715580268,114,99,高价待调整,2026-04-30 15:55:47,无截图
拼多多,https://mobile.yangkeduo.com/goods.html?goods_id=697436012016,【新品】云米120°超广角猫眼全自动智能门锁家用客厅室内高清大屏,697436012016,697436012016,999,,正常,2026-04-30 15:55:47,无截图
拼多多,https://mobile.yangkeduo.com/goods.html?goods_id=691819698413,云米电热水器50/60升洗澡家用浴室速热大容量省电防漏电警示安全,691819698413,691819698413,799,,正常,2026-04-30 15:55:47,无截图
拼多多,https://mobile.yangkeduo.com/goods.html?goods_id=691819698413,云米电热水器50/60升洗澡家用浴室速热大容量省电防漏电警示安全,691819698413,691819698413,899,,正常,2026-04-30 15:55:47,无截图
拼多多,https://mobile.yangkeduo.com/goods.html?goods_id=661859626284,小海豚-40L-2000w热水器,6923185681281,661859626284,599,,正常,2026-04-30 15:55:47,无截图
拼多多,https://mobile.yangkeduo.com/goods.html?goods_id=661859626284,小海豚-40L-2000w热水器,6923185681281,661859626284,599,,正常,2026-04-30 15:55:47,无截图
拼多多,https://mobile.yangkeduo.com/goods.html?goods_id=657344402006,云米油烟机蓝调,6923185650973,657344402006,859,,限时折扣,2026-04-30 15:55:47,无截图
拼多多,https://mobile.yangkeduo.com/goods.html?goods_id=635152751061,【全域烘干】云米全自动升降式智能室内嵌入式折叠晾衣机Super2Y,635152751061,635152751061,1699,,正常,2026-04-30 15:55:47,无截图
拼多多,https://mobile.yangkeduo.com/goods.html?goods_id=620077061933,云米嵌入式冰洗套装500升超薄十字四门冰箱&12KG大容量洗烘一体,620077061933,620077061933,6499,,正常,2026-04-30 15:55:47,无截图
拼多多,https://mobile.yangkeduo.com/goods.html?goods_id=620029199628,云米冰洗套装510升嵌入式风冷冰箱&12公斤大容量洗烘一体洗衣机,620029199628,620029199628,5899,,正常,2026-04-30 15:55:47,无截图
拼多多,https://mobile.yangkeduo.com/goods.html?goods_id=618360171773,云米超薄烟灶热套装飓风吸力抽油烟机5.2KW聚能灶超薄双胆热水器,618360171773,618360171773,4999,,正常,2026-04-30 15:55:47,无截图
拼多多,https://mobile.yangkeduo.com/goods.html?goods_id=618360171773,云米超薄烟灶热套装飓风吸力抽油烟机5.2KW聚能灶超薄双胆热水器,618360171773,618360171773,5999,,正常,2026-04-30 15:55:47,无截图
拼多多,https://mobile.yangkeduo.com/goods.html?goods_id=615426357041,云米空调1.5匹一级能效变频冷暖两用节能家用挂机 AI全域风Super3,615426357041,615426357041,3099,,正常,2026-04-30 15:55:47,无截图
拼多多,https://mobile.yangkeduo.com/goods.html?goods_id=614821960857,云米大容量冰洗套装603升独立制冰冰箱&10KG全自动洗烘一体洗衣机,614821960857,614821960857,4468,,大促搜索池,2026-04-30 15:55:47,无截图
拼多多,https://mobile.yangkeduo.com/goods.html?goods_id=614813745328,云米超薄嵌入式冰洗套餐500升风冷无霜冰箱&10公斤洗烘一体洗衣机,614813745328,614813745328,5566,,大促搜索池,2026-04-30 15:55:47,无截图
拼多多,https://mobile.yangkeduo.com/goods.html?goods_id=604410073495,VIOMI云米冷热管线机饮水机壁挂式双出水台式管线机UV杀菌,604410073495,604410073495,2499,,正常,2026-04-30 15:55:47,无截图
拼多多,https://mobile.yangkeduo.com/goods.html?goods_id=602716906408,【升级】云米空调1.5匹智能变频冷暖新一级舒适风空调挂机 Smart3,602716906408,602716906408,2199,,正常,2026-04-30 15:55:47,无截图
拼多多,https://mobile.yangkeduo.com/goods.html?goods_id=600491440603,【新品】云米空调1.5匹智能变频冷暖新三级舒适风空调挂机 Smart3,600491440603,600491440603,2099,,正常,2026-04-30 15:55:47,无截图
拼多多,https://mobile.yangkeduo.com/goods.html?goods_id=600131174099,【美妆超薄零嵌】云米510升嵌入式双开门一级风冷无霜银离子冰箱,600131174099,600131174099,2798,,大促搜索池,2026-04-30 15:55:47,无截图
拼多多,https://mobile.yangkeduo.com/goods.html?goods_id=583103526676,【新品上市】云米嵌入式母婴冰箱十字四开门家用变频风冷无霜513L,583103526676,583103526676,4499,,正常,2026-04-30 15:55:47,无截图
拼多多,https://mobile.yangkeduo.com/goods.html?goods_id=573873753845,云米前置过滤器Super智能自动冲洗全屋前置净水器家用自来水冲洗,573873753845,573873753845,599,,正常,2026-04-30 15:55:47,无截图
拼多多,https://mobile.yangkeduo.com/goods.html?goods_id=551388417367,【田曦薇推荐】云米扫地机器人扫拖一体语音全自动智能吸尘器Pro,551388417367,551388417367,999,,正常,2026-04-30 15:55:47,无截图
拼多多,https://mobile.yangkeduo.com/goods.html?goods_id=540840221349,云米净水器家用厨下式直饮水过滤器RO反渗透无陈水母婴直饮1200G,540840221349,540840221349,2599,,正常,2026-04-30 15:55:47,无截图
拼多多,https://mobile.yangkeduo.com/goods.html?goods_id=539854309519,云米12KG滚筒洗衣机家用全自动大容量洗烘一体机防抖动超薄全嵌,539854309519,539854309519,3699,,正常,2026-04-30 15:55:47,无截图
拼多多,https://mobile.yangkeduo.com/goods.html?goods_id=539850688350,【美妆超薄零嵌】云米冰箱609mm嵌入式风冷无霜AI双变频一级510升,539850688350,539850688350,3499,,正常,2026-04-30 15:55:47,无截图
拼多多,https://mobile.yangkeduo.com/goods.html?goods_id=535675329481,云米石墨烯踢脚线电暖器加湿家用速热取暖器节能室内暖风机电暖气,535675329481,535675329481,499,,正常,2026-04-30 15:55:47,无截图
拼多多,https://mobile.yangkeduo.com/goods.html?goods_id=534931901352,云米净水器家用直饮ro反渗透SuperY 1200G管线机前置过滤器套装,534931901352,534931901352,3799,,正常,2026-04-30 15:55:47,无截图
拼多多,https://mobile.yangkeduo.com/goods.html?goods_id=525667451666,【大屏冰箱】云米超薄全嵌入式T型冰箱三门一级变频风冷无霜412升,525667451666,525667451666,5999,,正常,2026-04-30 15:55:47,无截图
拼多多,https://mobile.yangkeduo.com/goods.html?goods_id=521949122103,云米一体智能马桶座圈加热一键清洗虹吸离座自动冲水小金龙增压版,521949122103,521949122103,2999,,正常,2026-04-30 15:55:47,无截图
拼多多,https://mobile.yangkeduo.com/goods.html?goods_id=521949122103,云米一体智能马桶座圈加热一键清洗虹吸离座自动冲水小金龙增压版,521949122103,521949122103,2999,,正常,2026-04-30 15:55:47,无截图
拼多多,https://mobile.yangkeduo.com/goods.html?goods_id=516748248645,云米电热水器8L小厨宝家用厨房速热储水式节能厨房神器VEW0831,516748248645,516748248645,499,,正常,2026-04-30 15:55:47,无截图
拼多多,https://mobile.yangkeduo.com/goods.html?goods_id=515237643272,云米电热水器AI美肤洗 780mm超薄 1级能效双胆三管速热 Super2Pro,515237643272,515237643272,1699,,正常,2026-04-30 15:55:47,无截图
拼多多,https://mobile.yangkeduo.com/goods.html?goods_id=495274606168,【田曦薇推荐】云米智能洗地机超薄双贴边大吸力超长续航 Smart2,495274606168,495274606168,1799,,正常,2026-04-30 15:55:47,无截图
拼多多,https://mobile.yangkeduo.com/goods.html?goods_id=490426355421,500L十字门冰箱,6923185651123,490426355421,3199,,大促搜索池,2026-04-30 15:55:47,无截图
拼多多,https://mobile.yangkeduo.com/goods.html?goods_id=490150938954,【安享王空调3匹】云米柜机变频冷暖家用商用智能自清洁节能三级,490150938954,490150938954,4999,,正常,2026-04-30 15:55:47,无截图
拼多多,https://mobile.yangkeduo.com/goods.html?goods_id=490111298360,云米家用空调1.5匹变频冷暖自清洁手机联网AI静音节能挂机新三级,490111298360,490111298360,2199,,正常,2026-04-30 15:55:47,无截图
拼多多,https://mobile.yangkeduo.com/goods.html?goods_id=490081202590,云米即热恒温4档烘干 9重安全防护 智能低压系统 Nano2E,490081202590,490081202590,1999,,正常,2026-04-30 15:55:47,无截图
拼多多,https://mobile.yangkeduo.com/goods.html?goods_id=490081202590,云米即热恒温4档烘干 9重安全防护 智能低压系统 Nano2E,490081202590,490081202590,1999,,正常,2026-04-30 15:55:47,无截图
拼多多,https://mobile.yangkeduo.com/goods.html?goods_id=484037745334,云米AI燃气灶power 5.0（天然气）,6923185654377,484037745334,1099,,正常,2026-04-30 15:55:47,无截图
拼多多,https://mobile.yangkeduo.com/goods.html?goods_id=480070620581,【冷热直饮套装】云米净水器家用厨下管线机套装一键即热制冷直饮,480070620581,480070620581,2399,,正常,2026-04-30 15:55:47,无截图
拼多多,https://mobile.yangkeduo.com/goods.html?goods_id=480070620581,【冷热直饮套装】云米净水器家用厨下管线机套装一键即热制冷直饮,480070620581,480070620581,2599,,正常,2026-04-30 15:55:47,无截图
拼多多,https://mobile.yangkeduo.com/goods.html?goods_id=472256690941,云米智能马桶即热活水清洗家用卫生间恒温烘干抗菌低压系统Nano2E,472256690941,472256690941,2499,,正常,2026-04-30 15:55:47,无截图
拼多多,https://mobile.yangkeduo.com/goods.html?goods_id=472256690941,云米智能马桶即热活水清洗家用卫生间恒温烘干抗菌低压系统Nano2E,472256690941,472256690941,2499,,正常,2026-04-30 15:55:47,无截图
拼多多,https://mobile.yangkeduo.com/goods.html?goods_id=466437108089,云米TDS水质检测笔测水质仪饮用水检测器家用自来水水质测试仪器,466437108089,466437108089,99,,正常,2026-04-30 15:55:47,无截图
拼多多,https://mobile.yangkeduo.com/goods.html?goods_id=463332030781,【吸扫拖3合1】云米全自动集尘扫地吸尘机器人alpha2pro清洁一体,463332030781,463332030781,1799,,正常,2026-04-30 15:55:47,无截图
拼多多,https://mobile.yangkeduo.com/goods.html?goods_id=452924828720,云米净饮一体机台式净水器即热型饮水机家用免安装X2minimango,452924828720,452924828720,899,,正常,2026-04-30 15:55:47,无截图
拼多多,https://mobile.yangkeduo.com/goods.html?goods_id=431395946988,云米侧吸烟灶套装大吸力抽油烟机5.0KW燃气灶厨房家用智能wingS1,431395946988,431395946988,1399,,正常,2026-04-30 15:55:47,无截图
拼多多,https://mobile.yangkeduo.com/goods.html?goods_id=427349642190,（有）云米净饮一体机台式净水器即热型饮水机净水器水过滤机,427349642190,427349642190,1089,,正常,2026-04-30 15:55:47,无截图
拼多多,https://mobile.yangkeduo.com/goods.html?goods_id=423988590355,云米净水器super Y 1200G滤芯复合滤芯RO滤芯,423988590355,423988590355,100,,正常,2026-04-30 15:55:47,无截图
拼多多,https://mobile.yangkeduo.com/goods.html?goods_id=423724952357,云米燃气热水器即热零冷水双增压 3重防冻 4段燃烧 5重净化 Super,423724952357,423724952357,1999,,正常,2026-04-30 15:55:47,无截图
拼多多,https://mobile.yangkeduo.com/goods.html?goods_id=414747194884,云米净饮一体机台式净水器即热型饮水机家用免安装X2加一支滤芯套,414747194884,414747194884,1199,,正常,2026-04-30 15:55:47,无截图
拼多多,https://mobile.yangkeduo.com/goods.html?goods_id=414747194884,云米净饮一体机台式净水器即热型饮水机家用免安装X2加一支滤芯套,414747194884,414747194884,1399,,正常,2026-04-30 15:55:47,无截图
拼多多,https://mobile.yangkeduo.com/goods.html?goods_id=414747194884,云米净饮一体机台式净水器即热型饮水机家用免安装X2加一支滤芯套,414747194884,414747194884,1399,,正常,2026-04-30 15:55:47,无截图
拼多多,https://mobile.yangkeduo.com/goods.html?goods_id=413986425773,蓝调智能门锁（人脸猫眼版）,6923185654650,413986425773,709,,限时折扣,2026-04-30 15:55:47,无截图
拼多多,https://mobile.yangkeduo.com/goods.html?goods_id=408451368894,云米智能全自动一体马桶恒温座圈臀部清洗虹吸自动冲水家用小金龙,408451368894,408451368894,2399,,正常,2026-04-30 15:55:47,无截图
拼多多,https://mobile.yangkeduo.com/goods.html?goods_id=407741710364,云米25m³顶侧爆吸大吸力智目吸烟机 5.2KW聚能猛火灶烟灶套装家用,407741710364,407741710364,3699,,正常,2026-04-30 15:55:47,无截图
拼多多,https://mobile.yangkeduo.com/goods.html?goods_id=407741710364,云米25m³顶侧爆吸大吸力智目吸烟机 5.2KW聚能猛火灶烟灶套装家用,407741710364,407741710364,3699,,正常,2026-04-30 15:55:47,无截图
拼多多,https://mobile.yangkeduo.com/goods.html?goods_id=407741710364,云米25m³顶侧爆吸大吸力智目吸烟机 5.2KW聚能猛火灶烟灶套装家用,407741710364,407741710364,3999,,正常,2026-04-30 15:55:47,无截图
拼多多,https://mobile.yangkeduo.com/goods.html?goods_id=407741710364,云米25m³顶侧爆吸大吸力智目吸烟机 5.2KW聚能猛火灶烟灶套装家用,407741710364,407741710364,3999,,正常,2026-04-30 15:55:47,无截图
拼多多,https://mobile.yangkeduo.com/goods.html?goods_id=405167616548,云米净水器家用直饮厨下式RO反渗透超滤净水机无桶小白龙800G,405167616548,405167616548,1599,,正常,2026-04-30 15:55:47,无截图
拼多多,https://mobile.yangkeduo.com/goods.html?goods_id=405069782417,【升级小海豚】云米净水器800G通量&竹炭滤芯厨下式RO反渗透家用,405069782417,405069782417,1099,,正常,2026-04-30 15:55:47,无截图
拼多多,https://mobile.yangkeduo.com/goods.html?goods_id=405069782417,【升级小海豚】云米净水器800G通量&竹炭滤芯厨下式RO反渗透家用,405069782417,405069782417,1399,,正常,2026-04-30 15:55:47,无截图
拼多多,https://mobile.yangkeduo.com/goods.html?goods_id=405069782417,【升级小海豚】云米净水器800G通量&竹炭滤芯厨下式RO反渗透家用,405069782417,405069782417,1699,,正常,2026-04-30 15:55:47,无截图
拼多多,https://mobile.yangkeduo.com/goods.html?goods_id=405069782417,【升级小海豚】云米净水器800G通量&竹炭滤芯厨下式RO反渗透家用,405069782417,405069782417,1999,,正常,2026-04-30 15:55:47,无截图
拼多多,https://mobile.yangkeduo.com/goods.html?goods_id=405069782417,【升级小海豚】云米净水器800G通量&竹炭滤芯厨下式RO反渗透家用,405069782417,405069782417,1999,,正常,2026-04-30 15:55:47,无截图
拼多多,https://mobile.yangkeduo.com/goods.html?goods_id=405069782417,【升级小海豚】云米净水器800G通量&竹炭滤芯厨下式RO反渗透家用,405069782417,405069782417,1999,,正常,2026-04-30 15:55:47,无截图
拼多多,https://mobile.yangkeduo.com/goods.html?goods_id=405069782417,【升级小海豚】云米净水器800G通量&竹炭滤芯厨下式RO反渗透家用,405069782417,405069782417,2199,,正常,2026-04-30 15:55:47,无截图
拼多多,https://mobile.yangkeduo.com/goods.html?goods_id=403868159413,云米蒸烤一体机厨房家用嵌入式蒸烤箱45L大蒸汽电烤箱VSO4501-B,403868159413,403868159413,1999,,正常,2026-04-30 15:55:47,无截图
拼多多,https://mobile.yangkeduo.com/goods.html?goods_id=391465779831,云米热水器13L家用智能洗澡燃气热水器水气双调恒温液化气,391465779831,391465779831,999,,正常,2026-04-30 15:55:47,无截图
拼多多,https://mobile.yangkeduo.com/goods.html?goods_id=391465779831,云米热水器13L家用智能洗澡燃气热水器水气双调恒温液化气,391465779831,391465779831,1199,,正常,2026-04-30 15:55:47,无截图
拼多多,https://mobile.yangkeduo.com/goods.html?goods_id=383502560587,【田曦薇推荐】云米落地扇直流变频台立两用无极调速小爱语音联网,383502560587,383502560587,329,,正常,2026-04-30 15:55:47,无截图
拼多多,https://mobile.yangkeduo.com/goods.html?goods_id=383400493031,云米智能即热式家用饮水机1键即热电热水壶Tee mini 1.8L水吧,383400493031,383400493031,269,,正常,2026-04-30 15:55:47,无截图
拼多多,https://mobile.yangkeduo.com/goods.html?goods_id=382839923175,云米顶侧双吸烟灶套装22m³大吸力抽油烟机聚能猛火灶节能燃气家用,382839923175,382839923175,1899,,正常,2026-04-30 15:55:47,无截图
拼多多,https://mobile.yangkeduo.com/goods.html?goods_id=382839923175,云米顶侧双吸烟灶套装22m³大吸力抽油烟机聚能猛火灶节能燃气家用,382839923175,382839923175,1999,,正常,2026-04-30 15:55:47,无截图
拼多多,https://mobile.yangkeduo.com/goods.html?goods_id=382544460689,【杀毒王2匹】云米家用空调变频冷暖柜机立式客厅智能节能 新三级,382544460689,382544460689,3999,,正常,2026-04-30 15:55:47,无截图
拼多多,https://mobile.yangkeduo.com/goods.html?goods_id=376344667102,云米1.5匹家用新风语音空调变频冷暖新一级能效智能恒温免孔安装,376344667102,376344667102,3099,,正常,2026-04-30 15:55:47,无截图
拼多多,https://mobile.yangkeduo.com/goods.html?goods_id=375507459489,云米管线机家用直饮机壁挂式UV杀菌加热一体机厨房加热饮水机MG2B,375507459489,375507459489,899,,正常,2026-04-30 15:55:47,无截图
拼多多,https://mobile.yangkeduo.com/goods.html?goods_id=369184383310,【吸扫拖三合一】云米全自动扫地机器人鲸吸扫地拖地吸尘 Alpha3,369184383310,369184383310,3699,,正常,2026-04-30 15:55:47,无截图
拼多多,https://mobile.yangkeduo.com/goods.html?goods_id=366671128859,【干湿分储】云米冰箱超薄变频一级风冷无霜十字冰箱四开门 546升,366671128859,366671128859,3499,,正常,2026-04-30 15:55:47,无截图
拼多多,https://mobile.yangkeduo.com/goods.html?goods_id=365033069371,云米全自动智能门锁密码锁家用电子锁防盗指纹锁超长续航eLink 2C,365033069371,365033069371,899,,正常,2026-04-30 15:55:47,无截图
拼多多,https://mobile.yangkeduo.com/goods.html?goods_id=365007215970,云米Super Y1200G大通量厨下净水器RO反渗透管线机前置过滤器套装,365007215970,365007215970,3099,,正常,2026-04-30 15:55:47,无截图
拼多多,https://mobile.yangkeduo.com/goods.html?goods_id=365007215970,云米Super Y1200G大通量厨下净水器RO反渗透管线机前置过滤器套装,365007215970,365007215970,3999,,正常,2026-04-30 15:55:47,无截图
拼多多,https://mobile.yangkeduo.com/goods.html?goods_id=364990106384,"即热1000G,MAIN84",6923185651116,364990106384,1356,1899,破价警报 | 百亿补贴,2026-04-30 15:55:47,无截图
拼多多,https://mobile.yangkeduo.com/goods.html?goods_id=356164755389,【全屋净水三件套装】云米净水器管线机前置过滤器即热小海豚600G,356164755389,356164755389,2299,,正常,2026-04-30 15:55:47,无截图
拼多多,https://mobile.yangkeduo.com/goods.html?goods_id=356164755389,【全屋净水三件套装】云米净水器管线机前置过滤器即热小海豚600G,356164755389,356164755389,2599,,正常,2026-04-30 15:55:47,无截图
拼多多,https://mobile.yangkeduo.com/goods.html?goods_id=355550841910,【鲜活营养守护先锋奖】云米延鲜AI冰箱一级双变频风冷无霜636升,355550841910,355550841910,3499,,正常,2026-04-30 15:55:47,无截图
拼多多,https://mobile.yangkeduo.com/goods.html?goods_id=339737903336,【智能声控】云米家用晾衣架电动晾衣机阳台全自动升降Smart S,339737903336,339737903336,999,,正常,2026-04-30 15:55:47,无截图
拼多多,https://mobile.yangkeduo.com/goods.html?goods_id=338636261947,【1键智洗】云米洗衣机全自动8公斤波轮租房家用防缠绕洗脱一体,338636261947,338636261947,999,,正常,2026-04-30 15:55:47,无截图
拼多多,https://mobile.yangkeduo.com/goods.html?goods_id=325803370945,【杀菌】云米空调大3匹柜机一级家用变频冷暖客厅变频冷暖自清洁,325803370945,325803370945,5299,,正常,2026-04-30 15:55:47,无截图
拼多多,https://mobile.yangkeduo.com/goods.html?goods_id=325232192898,冰箱603,6923185650935,325232192898,2459,,限量折扣,2026-04-30 15:55:47,无截图
拼多多,https://mobile.yangkeduo.com/goods.html?goods_id=309984364103,云米智能烘干晾衣架语音声控离线全自动升降阳台LED照明Smart超薄,309984364103,309984364103,1299,,正常,2026-04-30 15:55:47,无截图
拼多多,https://mobile.yangkeduo.com/goods.html?goods_id=296957182528,复合滤芯,"6923185600138,6923185600145",296957182528,999,,正常,2026-04-30 15:55:47,无截图
拼多多,https://mobile.yangkeduo.com/goods.html?goods_id=293928589058,云米大吸力侧吸烟灶套装抽油烟机猛火燃气灶装嵌入式节能家用厨房,293928589058,293928589058,1399,,正常,2026-04-30 15:55:47,无截图
拼多多,https://mobile.yangkeduo.com/goods.html?goods_id=291146640482,云米净水器滤芯家用通用系列厨下1A1号2号滤芯RO反渗透滤芯复合,291146640482,291146640482,499,,正常,2026-04-30 15:55:47,无截图
拼多多,https://mobile.yangkeduo.com/goods.html?goods_id=291141614396,F3-五合一,6923185614258,291141614396,499,298,高价待调整,2026-04-30 15:55:47,无截图
拼多多,https://mobile.yangkeduo.com/goods.html?goods_id=291141614396,F3-五合一,6923185614258,291141614396,899,298,高价待调整,2026-04-30 15:55:47,无截图
拼多多,https://mobile.yangkeduo.com/goods.html?goods_id=291141614396,F3-五合一,6923185614258,291141614396,999,298,高价待调整,2026-04-30 15:55:47,无截图
拼多多,https://mobile.yangkeduo.com/goods.html?goods_id=290543633215,复合滤芯,"6923185614258,6923185616177",290543633215,199,,正常,2026-04-30 15:55:47,无截图
拼多多,https://mobile.yangkeduo.com/goods.html?goods_id=290543633215,复合滤芯,"6923185614258,6923185616177",290543633215,199,,正常,2026-04-30 15:55:47,无截图
拼多多,https://mobile.yangkeduo.com/goods.html?goods_id=289678345008,【内衣母婴专属】云米1KG迷你洗衣机家用全自动洗脱一体除菌波轮,289678345008,289678345008,1299,,正常,2026-04-30 15:55:47,无截图
拼多多,https://mobile.yangkeduo.com/goods.html?goods_id=289613839419,【智能双投放】云米洗衣机10公斤洗烘一体变频一级能效全自动滚筒,289613839419,289613839419,2399,,正常,2026-04-30 15:55:47,无截图
拼多多,https://mobile.yangkeduo.com/goods.html?goods_id=289608993802,【超薄洗衣机】云米洗衣机全自动10公斤滚筒47CM超薄洗脱一体,289608993802,289608993802,2499,,正常,2026-04-30 15:55:47,无截图
拼多多,https://mobile.yangkeduo.com/goods.html?goods_id=289729238975,【杀毒王3匹】云米家用空调变频冷暖柜机立式客厅智能节能新三级,289729238975,289729238975,3899,,正常,2026-04-30 15:55:47,无截图
拼多多,https://mobile.yangkeduo.com/goods.html?goods_id=289729238975,【杀毒王3匹】云米家用空调变频冷暖柜机立式客厅智能节能新三级,289729238975,289729238975,4899,,正常,2026-04-30 15:55:47,无截图
拼多多,https://mobile.yangkeduo.com/goods.html?goods_id=283191769057,云米互联网洗碗机4套台面式免安装智能语音控制高温消毒杀菌烘干,283191769057,283191769057,699,,正常,2026-04-30 15:55:47,无截图
拼多多,https://mobile.yangkeduo.com/goods.html?goods_id=276965357470,云米598升双开门对开门变频一级能效风冷无霜超薄嵌入式智能冰箱,276965357470,276965357470,2799,,正常,2026-04-30 15:55:47,无截图
拼多多,https://mobile.yangkeduo.com/goods.html?goods_id=276658474666,【全屋智能】云米净饮一体机X2Pro台式免安装净水器即热式饮水机,276658474666,276658474666,1099,,正常,2026-04-30 15:55:47,无截图
拼多多,https://mobile.yangkeduo.com/goods.html?goods_id=273348857003,云米蓝调智能门锁（基础版）,6923185655381,273348857003,499,,限时折扣,2026-04-30 15:55:47,无截图
拼多多,https://mobile.yangkeduo.com/goods.html?goods_id=268591343924,云米顶侧大吸力抽油烟机聚能猛火灶智能家用厨房烟灶套装flash2,268591343924,268591343924,2899,,正常,2026-04-30 15:55:47,无截图
拼多多,https://mobile.yangkeduo.com/goods.html?goods_id=268591343924,云米顶侧大吸力抽油烟机聚能猛火灶智能家用厨房烟灶套装flash2,268591343924,268591343924,2899,,正常,2026-04-30 15:55:47,无截图
拼多多,https://mobile.yangkeduo.com/goods.html?goods_id=264080849667,霸王锁体,6923185622154,264080849667,150,150,正常,2026-04-30 15:55:47,无截图
拼多多,https://mobile.yangkeduo.com/goods.html?goods_id=259795065484,【杀毒王】云米空调1.5匹变频冷暖1级能效杀病毒循环除菌 Super2s,259795065484,259795065484,2499,,正常,2026-04-30 15:55:47,无截图
拼多多,https://mobile.yangkeduo.com/goods.html?goods_id=259115850200,蓝调智能门锁（3D人脸版）,6923185654643,259115850200,629,,限时折扣,2026-04-30 15:55:47,无截图
拼多多,https://mobile.yangkeduo.com/goods.html?goods_id=258855020077,云米456升超薄嵌入式对开门双开门变频风冷无霜智能家用电冰箱,258855020077,258855020077,1899,,正常,2026-04-30 15:55:47,无截图
拼多多,https://mobile.yangkeduo.com/goods.html?goods_id=258855020077,云米456升超薄嵌入式对开门双开门变频风冷无霜智能家用电冰箱,258855020077,258855020077,2299,,正常,2026-04-30 15:55:47,无截图
拼多多,https://mobile.yangkeduo.com/goods.html?goods_id=251420900843,【田曦薇推荐】云米负离子空气循环扇大学生宿舍家用直流变频风扇,251420900843,251420900843,529,,正常,2026-04-30 15:55:47,无截图
拼多多,https://mobile.yangkeduo.com/goods.html?goods_id=249751266813,【DD直驱超薄】云米洗衣机洗烘一体全自动一级能效智能滚筒10公斤,249751266813,249751266813,2999,,正常,2026-04-30 15:55:47,无截图
拼多多,https://mobile.yangkeduo.com/goods.html?goods_id=247862575297,【DD直驱智能双投放】云米洗衣机全自动10KG一级能效洗脱一体滚筒,247862575297,247862575297,2499,,正常,2026-04-30 15:55:47,无截图
拼多多,https://mobile.yangkeduo.com/goods.html?goods_id=247228990842,云米智能马桶抗菌座圈恒温即热双增压自动冲水烘干坐便器Nano2,247228990842,247228990842,2699,,正常,2026-04-30 15:55:47,无截图
拼多多,https://mobile.yangkeduo.com/goods.html?goods_id=246986456918,【小海豚1000G管线机套装】云米净水器家用厨下一键即热制冷直饮,246986456918,246986456918,2199,,正常,2026-04-30 15:55:47,无截图
拼多多,https://mobile.yangkeduo.com/goods.html?goods_id=246986456918,【小海豚1000G管线机套装】云米净水器家用厨下一键即热制冷直饮,246986456918,246986456918,2299,,正常,2026-04-30 15:55:47,无截图
拼多多,https://mobile.yangkeduo.com/goods.html?goods_id=246986456918,【小海豚1000G管线机套装】云米净水器家用厨下一键即热制冷直饮,246986456918,246986456918,2399,,正常,2026-04-30 15:55:47,无截图
拼多多,https://mobile.yangkeduo.com/goods.html?goods_id=246986456918,【小海豚1000G管线机套装】云米净水器家用厨下一键即热制冷直饮,246986456918,246986456918,2399,,正常,2026-04-30 15:55:47,无截图
拼多多,https://mobile.yangkeduo.com/goods.html?goods_id=246986456918,【小海豚1000G管线机套装】云米净水器家用厨下一键即热制冷直饮,246986456918,246986456918,2399,,正常,2026-04-30 15:55:47,无截图
拼多多,https://mobile.yangkeduo.com/goods.html?goods_id=246986456918,【小海豚1000G管线机套装】云米净水器家用厨下一键即热制冷直饮,246986456918,246986456918,2499,,正常,2026-04-30 15:55:47,无截图
拼多多,https://mobile.yangkeduo.com/goods.html?goods_id=246986456918,【小海豚1000G管线机套装】云米净水器家用厨下一键即热制冷直饮,246986456918,246986456918,2599,,正常,2026-04-30 15:55:47,无截图
拼多多,https://mobile.yangkeduo.com/goods.html?goods_id=246986456918,【小海豚1000G管线机套装】云米净水器家用厨下一键即热制冷直饮,246986456918,246986456918,2599,,正常,2026-04-30 15:55:47,无截图
拼多多,https://mobile.yangkeduo.com/goods.html?goods_id=245465996610,云米管线机壁挂台式两用冷热开水机家用调温即热饮水机带uv杀菌,245465996610,245465996610,1999,,正常,2026-04-30 15:55:47,无截图
拼多多,https://mobile.yangkeduo.com/goods.html?goods_id=245015637978,云米电热水器蓝调3200W安全速热卫生间洗澡8倍大水量抑菌水质可视,245015637978,245015637978,1099,,正常,2026-04-30 15:55:47,无截图
拼多多,https://mobile.yangkeduo.com/goods.html?goods_id=245015637978,云米电热水器蓝调3200W安全速热卫生间洗澡8倍大水量抑菌水质可视,245015637978,245015637978,1299,,正常,2026-04-30 15:55:47,无截图
拼多多,https://mobile.yangkeduo.com/goods.html?goods_id=245015637978,云米电热水器蓝调3200W安全速热卫生间洗澡8倍大水量抑菌水质可视,245015637978,245015637978,1299,,正常,2026-04-30 15:55:47,无截图
拼多多,https://mobile.yangkeduo.com/goods.html?goods_id=245015637978,云米电热水器蓝调3200W安全速热卫生间洗澡8倍大水量抑菌水质可视,245015637978,245015637978,1399,,正常,2026-04-30 15:55:47,无截图
拼多多,https://mobile.yangkeduo.com/goods.html?goods_id=245015637978,云米电热水器蓝调3200W安全速热卫生间洗澡8倍大水量抑菌水质可视,245015637978,245015637978,1499,,正常,2026-04-30 15:55:47,无截图
拼多多,https://mobile.yangkeduo.com/goods.html?goods_id=245008294548,云米大容量洗碗机10套家用嵌入式智目洗全自动热风烘干除菌消毒,245008294548,245008294548,2098,,正常,2026-04-30 15:55:47,无截图
拼多多,https://mobile.yangkeduo.com/goods.html?goods_id=243153009643,云米净饮机X2系列滤芯X2mini mango复合滤芯5in1/6in1 RO反渗透,243153009643,243153009643,288,,正常,2026-04-30 15:55:47,无截图
拼多多,https://mobile.yangkeduo.com/goods.html?goods_id=243153009643,云米净饮机X2系列滤芯X2mini mango复合滤芯5in1/6in1 RO反渗透,243153009643,243153009643,288,,正常,2026-04-30 15:55:47,无截图
拼多多,https://mobile.yangkeduo.com/goods.html?goods_id=243153009643,云米净饮机X2系列滤芯X2mini mango复合滤芯5in1/6in1 RO反渗透,243153009643,243153009643,319,,正常,2026-04-30 15:55:47,无截图
拼多多,https://mobile.yangkeduo.com/goods.html?goods_id=241667411785,云米即热式饮水机1键即热水吧3档控温4L大容量台式免安装,241667411785,241667411785,589,,正常,2026-04-30 15:55:47,无截图
拼多多,https://mobile.yangkeduo.com/goods.html?goods_id=237591380789,云米全自动智能马桶水箱泡沫盾抗菌即热恒温座圈离座冲水小鲸鱼2,237591380789,237591380789,1999,,正常,2026-04-30 15:55:47,无截图
拼多多,https://mobile.yangkeduo.com/goods.html?goods_id=237591380789,云米全自动智能马桶水箱泡沫盾抗菌即热恒温座圈离座冲水小鲸鱼2,237591380789,237591380789,1999,,正常,2026-04-30 15:55:47,无截图
拼多多,https://mobile.yangkeduo.com/goods.html?goods_id=237590247709,【1小时洗烘】云米全自动洗衣机1级能效10公斤洗烘一体烘干机滚筒,237590247709,237590247709,2399,,正常,2026-04-30 15:55:47,无截图
拼多多,https://mobile.yangkeduo.com/goods.html?goods_id=231833573024,小烤箱6L,6923185603221,231833573024,199,174,高价待调整,2026-04-30 15:55:47,无截图
拼多多,https://mobile.yangkeduo.com/goods.html?goods_id=228907185185,云米16L零冷水燃气热水器家用智能变频即热水气双调恒温安全防冻,228907185185,228907185185,1699,,正常,2026-04-30 15:55:47,无截图
拼多多,https://mobile.yangkeduo.com/goods.html?goods_id=227970049599,云米净水器水龙头过滤器自来水家用厨房超滤滤水器前置净化器,227970049599,227970049599,159,,正常,2026-04-30 15:55:47,无截图
拼多多,https://mobile.yangkeduo.com/goods.html?goods_id=226771358169,1云米净水器家用厨房农村水龙头过滤器自来水净化器MT1/2,226771358169,226771358169,128,,正常,2026-04-30 15:55:47,无截图
拼多多,https://mobile.yangkeduo.com/goods.html?goods_id=226771358169,1云米净水器家用厨房农村水龙头过滤器自来水净化器MT1/2,226771358169,226771358169,168,,正常,2026-04-30 15:55:47,无截图
拼多多,https://mobile.yangkeduo.com/goods.html?goods_id=223485946991,云米智能洗碗机10套热风烘干消毒嵌入式洗烘存一体家用IronA1,223485946991,223485946991,2299,,正常,2026-04-30 15:55:47,无截图
拼多多,https://mobile.yangkeduo.com/goods.html?goods_id=225501370546,小海豚3,6923185605867,225501370546,999,499,高价待调整,2026-04-30 15:55:47,无截图
拼多多,https://mobile.yangkeduo.com/goods.html?goods_id=225501370546,小海豚3,6923185605867,225501370546,1099,499,高价待调整,2026-04-30 15:55:47,无截图
拼多多,https://mobile.yangkeduo.com/goods.html?goods_id=225501370546,小海豚3,6923185605867,225501370546,1398,499,高价待调整,2026-04-30 15:55:47,无截图
拼多多,https://mobile.yangkeduo.com/goods.html?goods_id=224216987554,云米净水器滤芯S2、Fast厨下1A400G600G 1号复合滤芯RO反渗透滤芯,224216987554,224216987554,499,,正常,2026-04-30 15:55:47,无截图
拼多多,https://mobile.yangkeduo.com/goods.html?goods_id=224216987554,云米净水器滤芯S2、Fast厨下1A400G600G 1号复合滤芯RO反渗透滤芯,224216987554,224216987554,699,,正常,2026-04-30 15:55:47,无截图
拼多多,https://mobile.yangkeduo.com/goods.html?goods_id=224216987554,云米净水器滤芯S2、Fast厨下1A400G600G 1号复合滤芯RO反渗透滤芯,224216987554,224216987554,699,,正常,2026-04-30 15:55:47,无截图
拼多多,https://mobile.yangkeduo.com/goods.html?goods_id=223686266452,云米全自动滚筒洗衣机10KG洗烘一体除菌家用智能投放超薄嵌入M2,223686266452,223686266452,3299,,正常,2026-04-30 15:55:47,无截图
拼多多,https://mobile.yangkeduo.com/goods.html?goods_id=223486025603,云米互联网洗碗机全自动家用8套热风烘干消毒嵌入式Iron X1,223486025603,223486025603,1799,,正常,2026-04-30 15:55:47,无截图
拼多多,https://mobile.yangkeduo.com/goods.html?goods_id=222446512832,【冷酷王】云米大一匹单冷空调独立除湿秒速制冷家用卧室节能变频,222446512832,222446512832,1699,,正常,2026-04-30 15:55:47,无截图
拼多多,https://mobile.yangkeduo.com/goods.html?goods_id=221876010591,云米净水器家用直饮RO反渗透净饮一体净水机滤芯1200GSuper2max,221876010591,221876010591,4299,,正常,2026-04-30 15:55:47,无截图
拼多多,https://mobile.yangkeduo.com/goods.html?goods_id=221876010591,云米净水器家用直饮RO反渗透净饮一体净水机滤芯1200GSuper2max,221876010591,221876010591,4299,,正常,2026-04-30 15:55:47,无截图
拼多多,https://mobile.yangkeduo.com/goods.html?goods_id=221842463604,1小米云米净水器RO反渗透纯水机厨下家用直饮过滤器饮水机600加仑,221842463604,221842463604,1300,,正常,2026-04-30 15:55:47,无截图
拼多多,https://mobile.yangkeduo.com/goods.html?goods_id=221686401936,【空调套装】云米空调3室1厅组合 新1级能效3P柜机+新1级1.5P挂机,221686401936,221686401936,10999,,正常,2026-04-30 15:55:47,无截图
拼多多,https://mobile.yangkeduo.com/goods.html?goods_id=221565163539,【语音柔风王】云米空调柜机冷暖双变频一级能效客厅立式智能空调,221565163539,221565163539,6499,,正常,2026-04-30 15:55:47,无截图
拼多多,https://mobile.yangkeduo.com/goods.html?goods_id=220936223742,云米燃气热水器变频恒温8大安全防护 家用节能防冻速热FireC113L,220936223742,220936223742,1399,,正常,2026-04-30 15:55:47,无截图
拼多多,https://mobile.yangkeduo.com/goods.html?goods_id=220867531419,"(X2Pro链接,少量差评可做备选)云米净饮一体机X2mini Mango",220867531419,220867531419,1099,,正常,2026-04-30 15:55:47,无截图
拼多多,https://mobile.yangkeduo.com/goods.html?goods_id=220820325711,云米消毒柜（嵌入式）云米版,6923185604303,220820325711,899,,限时折扣,2026-04-30 15:55:47,无截图
拼多多,https://mobile.yangkeduo.com/goods.html?goods_id=219691919640,【阳光暖烘】云米智能晾衣架全自动升降联网烘干电动晾衣机阳台,219691919640,219691919640,1599,,正常,2026-04-30 15:55:47,无截图
拼多多,https://mobile.yangkeduo.com/goods.html?goods_id=219492848549,云米家用门锁智能锁指纹密码锁防盗门电子门锁全自动推拉门锁,219492848549,219492848549,1299,,正常,2026-04-30 15:55:47,无截图
拼多多,https://mobile.yangkeduo.com/goods.html?goods_id=219492848549,云米家用门锁智能锁指纹密码锁防盗门电子门锁全自动推拉门锁,219492848549,219492848549,1299,,正常,2026-04-30 15:55:47,无截图
拼多多,https://mobile.yangkeduo.com/goods.html?goods_id=219486126363,flash烟机,6923185613664,219486126363,899,,限时折扣,2026-04-30 15:55:47,无截图
拼多多,https://mobile.yangkeduo.com/goods.html?goods_id=217541928957,云米真空保温杯轻便携不锈钢大学生自习室茶杯300ml,217541928957,217541928957,89,,正常,2026-04-30 15:55:47,无截图
拼多多,https://mobile.yangkeduo.com/goods.html?goods_id=217105737391,云米智能马桶浴霸套装 即热全自动座便器  小爱语音浴霸 卫浴套装,217105737391,217105737391,3499,,正常,2026-04-30 15:55:47,无截图
拼多多,https://mobile.yangkeduo.com/goods.html?goods_id=217105737391,云米智能马桶浴霸套装 即热全自动座便器  小爱语音浴霸 卫浴套装,217105737391,217105737391,3499,,正常,2026-04-30 15:55:47,无截图
拼多多,https://mobile.yangkeduo.com/goods.html?goods_id=215991927819,【烟灶联动】云米顶侧3吸大吸力抽油烟机聚能燃气灶烟灶套装Super,215991927819,215991927819,2699,,正常,2026-04-30 15:55:47,无截图
拼多多,https://mobile.yangkeduo.com/goods.html?goods_id=215505605173,【上门安装】云米电热水器安全速热家用洗澡储水式省电VEW605A,215505605173,215505605173,599,,正常,2026-04-30 15:55:47,无截图
拼多多,https://mobile.yangkeduo.com/goods.html?goods_id=215505605173,【上门安装】云米电热水器安全速热家用洗澡储水式省电VEW605A,215505605173,215505605173,799,,正常,2026-04-30 15:55:47,无截图
拼多多,https://mobile.yangkeduo.com/goods.html?goods_id=215505605173,【上门安装】云米电热水器安全速热家用洗澡储水式省电VEW605A,215505605173,215505605173,899,,正常,2026-04-30 15:55:47,无截图
拼多多,https://mobile.yangkeduo.com/goods.html?goods_id=215498018054,【空调套装】云米空调1室1厅组合 新1级能效2P柜机+新1级1.5P挂机,215498018054,215498018054,6199,,正常,2026-04-30 15:55:47,无截图
拼多多,https://mobile.yangkeduo.com/goods.html?goods_id=214448170082,云米即热水吧办公室台式免安装宿舍小型饮水机2.5L大容量烧热水壶,214448170082,214448170082,299,,正常,2026-04-30 15:55:47,无截图
拼多多,https://mobile.yangkeduo.com/goods.html?goods_id=214448170082,云米即热水吧办公室台式免安装宿舍小型饮水机2.5L大容量烧热水壶,214448170082,214448170082,299,,正常,2026-04-30 15:55:47,无截图
拼多多,https://mobile.yangkeduo.com/goods.html?goods_id=213946234221,云米无线手持吸尘器家用立式除螨大吸力吸尘机A9长续航宠物家庭,213946234221,213946234221,899,,正常,2026-04-30 15:55:47,无截图
拼多多,https://mobile.yangkeduo.com/goods.html?goods_id=212124982919,云米踢脚线电暖器家用客厅节能速热加湿取暖器语音控制智能定时,212124982919,212124982919,699,,正常,2026-04-30 15:55:47,无截图
拼多多,https://mobile.yangkeduo.com/goods.html?goods_id=212124982919,云米踢脚线电暖器家用客厅节能速热加湿取暖器语音控制智能定时,212124982919,212124982919,799,,正常,2026-04-30 15:55:47,无截图
拼多多,https://mobile.yangkeduo.com/goods.html?goods_id=211439538390,云米即热饮水机1键即热水吧4档控温4L大容量台式免安装,211439538390,211439538390,429,,正常,2026-04-30 15:55:47,无截图
拼多多,https://mobile.yangkeduo.com/goods.html?goods_id=209415771537,【声控晾衣架】云米智能电动晾衣架无线遥控大容量自动升降控制,209415771537,209415771537,899,,正常,2026-04-30 15:55:47,无截图
拼多多,https://mobile.yangkeduo.com/goods.html?goods_id=209415771537,【声控晾衣架】云米智能电动晾衣架无线遥控大容量自动升降控制,209415771537,209415771537,1149,,正常,2026-04-30 15:55:47,无截图
拼多多,https://mobile.yangkeduo.com/goods.html?goods_id=209406625494,蓝调智能门锁（大屏猫眼版）,6923185654667,209406625494,999,,正常,2026-04-30 15:55:47,无截图
拼多多,https://mobile.yangkeduo.com/goods.html?goods_id=208077402678,【柔风王】云米空调1.5匹新1级能效变频冷暖超大导板挂机 Smart2S,208077402678,208077402678,2399,,正常,2026-04-30 15:55:47,无截图
拼多多,https://mobile.yangkeduo.com/goods.html?goods_id=208074025148,云米净水器600G小海豚厨下式RO反渗透直饮过滤器净饮机家用出租屋,208074025148,208074025148,1299,,正常,2026-04-30 15:55:47,无截图
拼多多,https://mobile.yangkeduo.com/goods.html?goods_id=208071231700,云米60L速热电热水器3000W一级节能变频增容租房安全已接入米家AP,208071231700,208071231700,749,,正常,2026-04-30 15:55:47,无截图
拼多多,https://mobile.yangkeduo.com/goods.html?goods_id=208069905615,【杀病毒空调】云米大1匹空调变频冷暖自动调温一级能效 Super2s,208069905615,208069905615,2099,,正常,2026-04-30 15:55:47,无截图
拼多多,https://mobile.yangkeduo.com/goods.html?goods_id=207799885384,【超薄除螨】云米家用全自动洗烘一体10公斤洗衣机滚筒 Master S,207799885384,207799885384,2699,,正常,2026-04-30 15:55:47,无截图
拼多多,https://mobile.yangkeduo.com/goods.html?goods_id=207783866280,【超窄冰箱】云米冰箱风冷无霜AI双变频78CM超窄对开门电冰箱436L,207783866280,207783866280,2199,,正常,2026-04-30 15:55:47,无截图
拼多多,https://mobile.yangkeduo.com/goods.html?goods_id=207250698147,400加仑智能净水器 RO反渗透纯水机无桶 MR432-D,207250698147,207250698147,899,,正常,2026-04-30 15:55:47,无截图
拼多多,https://mobile.yangkeduo.com/goods.html?goods_id=205628593157,云米滚筒10kg大容量家用全自动洗烘一体洗衣机除菌节能智能互联,205628593157,205628593157,1899,,正常,2026-04-30 15:55:47,无截图
拼多多,https://mobile.yangkeduo.com/goods.html?goods_id=205463909525,【十字冰箱】云米十字四开门冰箱精细分储AI双变频风冷无霜410升,205463909525,205463909525,2699,,正常,2026-04-30 15:55:47,无截图
拼多多,https://mobile.yangkeduo.com/goods.html?goods_id=205442655354,【超薄冰箱】云米冰箱嵌入式双开门变频风冷无霜大容量对开456升,205442655354,205442655354,2699,,正常,2026-04-30 15:55:47,无截图
拼多多,https://mobile.yangkeduo.com/goods.html?goods_id=205451808289,小厨宝,6923185611233,205451808289,359,,正常,2026-04-30 15:55:47,无截图
拼多多,https://mobile.yangkeduo.com/goods.html?goods_id=205467667434,[新品上市]VIOMI 云米净水器600G小海豚3厨下式RO反渗透直饮家用,205467667434,205467667434,998,,正常,2026-04-30 15:55:47,无截图
拼多多,https://mobile.yangkeduo.com/goods.html?goods_id=205378217791,1级能效云米燃气灶 可联网 10重安保 厨房灶具 天然气猛火灶4500W,205378217791,205378217791,799,,正常,2026-04-30 15:55:47,无截图
拼多多,https://mobile.yangkeduo.com/goods.html?goods_id=205448553075,云米电热水器VEW605家用小型储水速热节能漏电保护60L,205448553075,205448553075,749,,正常,2026-04-30 15:55:47,无截图
拼多多,https://mobile.yangkeduo.com/goods.html?goods_id=205458105137,小海豚2 1000G,6923185654865,205458105137,839,899,破价警报 | 百亿补贴,2026-04-30 15:55:47,无截图
拼多多2,https://mobile.yangkeduo.com/goods.html?goods_id=942754114793,云米AI燃气热水器 智控恒温防冻节能安全水质净化精准控温13L强排,942754114793,942754114793,999,,正常,2026-04-30 15:56:40,无截图
拼多多2,https://mobile.yangkeduo.com/goods.html?goods_id=942740482351,云米AI燃气热水器 智控恒温防冻节能安全水质净化精准控温13L强排,942740482351,942740482351,999,,正常,2026-04-30 15:56:40,无截图
拼多多2,https://mobile.yangkeduo.com/goods.html?goods_id=942656610557,云米即热净水器厨房家用直饮RO反渗透加热净饮一体机1000G,942656610557,942656610557,2999,,正常,2026-04-30 15:56:40,无截图
拼多多2,https://mobile.yangkeduo.com/goods.html?goods_id=939930331098,VIOMI云米 滤芯 反渗透滤芯RO膜,939930331098,939930331098,598,,正常,2026-04-30 15:56:40,无截图
拼多多2,https://mobile.yangkeduo.com/goods.html?goods_id=939930331098,VIOMI云米 滤芯 反渗透滤芯RO膜,939930331098,939930331098,598,,正常,2026-04-30 15:56:40,无截图
拼多多2,https://mobile.yangkeduo.com/goods.html?goods_id=939930331098,VIOMI云米 滤芯 反渗透滤芯RO膜,939930331098,939930331098,598,,正常,2026-04-30 15:56:40,无截图
拼多多2,https://mobile.yangkeduo.com/goods.html?goods_id=939930331098,VIOMI云米 滤芯 反渗透滤芯RO膜,939930331098,939930331098,698,,正常,2026-04-30 15:56:40,无截图
拼多多2,https://mobile.yangkeduo.com/goods.html?goods_id=939930331098,VIOMI云米 滤芯 反渗透滤芯RO膜,939930331098,939930331098,798,,正常,2026-04-30 15:56:40,无截图
拼多多2,https://mobile.yangkeduo.com/goods.html?goods_id=939930331098,VIOMI云米 滤芯 反渗透滤芯RO膜,939930331098,939930331098,799,,正常,2026-04-30 15:56:40,无截图
拼多多2,https://mobile.yangkeduo.com/goods.html?goods_id=939930331098,VIOMI云米 滤芯 反渗透滤芯RO膜,939930331098,939930331098,898,,正常,2026-04-30 15:56:40,无截图
拼多多2,https://mobile.yangkeduo.com/goods.html?goods_id=939930331098,VIOMI云米 滤芯 反渗透滤芯RO膜,939930331098,939930331098,898,,正常,2026-04-30 15:56:40,无截图
拼多多2,https://mobile.yangkeduo.com/goods.html?goods_id=939930331098,VIOMI云米 滤芯 反渗透滤芯RO膜,939930331098,939930331098,898,,正常,2026-04-30 15:56:40,无截图
拼多多2,https://mobile.yangkeduo.com/goods.html?goods_id=939930331098,VIOMI云米 滤芯 反渗透滤芯RO膜,939930331098,939930331098,899,,正常,2026-04-30 15:56:40,无截图
拼多多2,https://mobile.yangkeduo.com/goods.html?goods_id=939928309801,VIOMI云米 滤芯 反渗透滤芯RO膜,939928309801,939928309801,598,,正常,2026-04-30 15:56:40,无截图
拼多多2,https://mobile.yangkeduo.com/goods.html?goods_id=939928309801,VIOMI云米 滤芯 反渗透滤芯RO膜,939928309801,939928309801,598,,正常,2026-04-30 15:56:40,无截图
拼多多2,https://mobile.yangkeduo.com/goods.html?goods_id=939928309801,VIOMI云米 滤芯 反渗透滤芯RO膜,939928309801,939928309801,598,,正常,2026-04-30 15:56:40,无截图
拼多多2,https://mobile.yangkeduo.com/goods.html?goods_id=939928309801,VIOMI云米 滤芯 反渗透滤芯RO膜,939928309801,939928309801,698,,正常,2026-04-30 15:56:40,无截图
拼多多2,https://mobile.yangkeduo.com/goods.html?goods_id=939928309801,VIOMI云米 滤芯 反渗透滤芯RO膜,939928309801,939928309801,798,,正常,2026-04-30 15:56:40,无截图
拼多多2,https://mobile.yangkeduo.com/goods.html?goods_id=939928309801,VIOMI云米 滤芯 反渗透滤芯RO膜,939928309801,939928309801,799,,正常,2026-04-30 15:56:40,无截图
拼多多2,https://mobile.yangkeduo.com/goods.html?goods_id=939928309801,VIOMI云米 滤芯 反渗透滤芯RO膜,939928309801,939928309801,898,,正常,2026-04-30 15:56:40,无截图
拼多多2,https://mobile.yangkeduo.com/goods.html?goods_id=939928309801,VIOMI云米 滤芯 反渗透滤芯RO膜,939928309801,939928309801,898,,正常,2026-04-30 15:56:40,无截图
拼多多2,https://mobile.yangkeduo.com/goods.html?goods_id=939928309801,VIOMI云米 滤芯 反渗透滤芯RO膜,939928309801,939928309801,898,,正常,2026-04-30 15:56:40,无截图
拼多多2,https://mobile.yangkeduo.com/goods.html?goods_id=939928309801,VIOMI云米 滤芯 反渗透滤芯RO膜,939928309801,939928309801,899,,正常,2026-04-30 15:56:40,无截图
拼多多2,https://mobile.yangkeduo.com/goods.html?goods_id=939760939921,云米净水器Super2Y1200G家用直饮厨下式RO反渗透鲜活泉无陈水,939760939921,939760939921,999,,百亿补贴,2026-04-30 15:56:40,无截图
拼多多2,https://mobile.yangkeduo.com/goods.html?goods_id=932391238524,VIOMI 云米净水器小海豚3 厨下式RO反渗透直饮家用 无罐一体式,932391238524,932391238524,895.5,,正常,2026-04-30 15:56:40,无截图
拼多多2,https://mobile.yangkeduo.com/goods.html?goods_id=932391238524,VIOMI 云米净水器小海豚3 厨下式RO反渗透直饮家用 无罐一体式,932391238524,932391238524,895.5,,正常,2026-04-30 15:56:40,无截图
拼多多2,https://mobile.yangkeduo.com/goods.html?goods_id=926760918505,VIOMI云米净水器小海豚600G+升级版厨下式 RO 反渗透直饮家用,926760918505,926760918505,904,,正常,2026-04-30 15:56:40,无截图
拼多多2,https://mobile.yangkeduo.com/goods.html?goods_id=926574119933,昆仑4弱碱 1400G,6923185655718,926574119933,2999,3599,破价警报 | 限时折扣,2026-04-30 15:56:40,无截图
拼多多2,https://mobile.yangkeduo.com/goods.html?goods_id=926440536018,云米小厨宝6L电热水器厨房卫生间出水恒温储水式小型速热神器加热,926440536018,926440536018,399,,正常,2026-04-30 15:56:40,无截图
拼多多2,https://mobile.yangkeduo.com/goods.html?goods_id=925977908012,云米昆仑3矿泉净水器2S Pro,6923185656593,925977908012,2998,2899,高价待调整,2026-04-30 15:56:40,无截图
拼多多2,https://mobile.yangkeduo.com/goods.html?goods_id=925958299439,云米(VIOMI) 家用昆仑4弱碱1200G 矿物质直饮反渗透厨下过滤器,925958299439,925958299439,3999,,正常,2026-04-30 15:56:40,无截图
拼多多2,https://mobile.yangkeduo.com/goods.html?goods_id=925904229459,VIOMI云米净水器600G小蓝调厨下式RO反渗透直饮家用6年长效,925904229459,925904229459,728,,百亿补贴,2026-04-30 15:56:40,无截图
拼多多2,https://mobile.yangkeduo.com/goods.html?goods_id=925874862450,小京龙Pro1100G,6923185655220,925874862450,799,1099,破价警报 | 百亿补贴,2026-04-30 15:56:40,无截图
拼多多2,https://mobile.yangkeduo.com/goods.html?goods_id=925737084752,门锁普通版E30,6923185656074,925737084752,499,,限时折扣,2026-04-30 15:56:40,无截图
拼多多2,https://mobile.yangkeduo.com/goods.html?goods_id=916998985237,云米(VIOMI)净水机昆仑3 2E净矿1000G净水器 6年RO膜 接入米家,916998985237,916998985237,2599,,正常,2026-04-30 15:56:40,无截图
拼多多2,https://mobile.yangkeduo.com/goods.html?goods_id=925730122772,蓝调智能门锁（大屏猫眼版）,6923185654667,925730122772,999,,正常,2026-04-30 15:56:40,无截图
拼多多2,https://mobile.yangkeduo.com/goods.html?goods_id=925730329478,云米蓝调智能门锁（基础版）,6923185655381,925730329478,499,,限时折扣,2026-04-30 15:56:40,无截图
拼多多2,https://mobile.yangkeduo.com/goods.html?goods_id=925731404024,门锁掌静脉,6923185655398,925731404024,1069,,限时折扣,2026-04-30 15:56:40,无截图
拼多多2,https://mobile.yangkeduo.com/goods.html?goods_id=925231209174,蓝调智能门锁（人脸猫眼版）,6923185654650,925231209174,709,,限时折扣,2026-04-30 15:56:40,无截图
拼多多2,https://mobile.yangkeduo.com/goods.html?goods_id=925230364669,蓝调智能门锁（3D人脸版）,6923185654643,925230364669,629,,限时折扣,2026-04-30 15:56:40,无截图
拼多多2,https://mobile.yangkeduo.com/goods.html?goods_id=920795499656,VIOMI云米小海豚3净水器5年长效RO反渗透厨下一体机水过滤大通量,920795499656,920795499656,1299,,正常,2026-04-30 15:56:40,无截图
拼多多2,https://mobile.yangkeduo.com/goods.html?goods_id=920088070226,云米新品鲲鹏PRO油烟机28m³大吸力易清洁挥手智控烟灶联动小噪音,920088070226,920088070226,2399,,正常,2026-04-30 15:56:40,无截图
拼多多2,https://mobile.yangkeduo.com/goods.html?goods_id=918828889854,VIOMI云米净水器600G小蓝调厨下式RO反渗透直饮家用6年长效,918828889854,918828889854,1299,,正常,2026-04-30 15:56:40,无截图
拼多多2,https://mobile.yangkeduo.com/goods.html?goods_id=917044137245,云米前置过滤器家用自来水前置净水器自动反冲洗全屋净水机大流量,917044137245,917044137245,498,,正常,2026-04-30 15:56:40,无截图
拼多多2,https://mobile.yangkeduo.com/goods.html?goods_id=917042534932,云米前置过滤器家用自来水前置净水器自动反冲洗全屋净水机大流量,917042534932,917042534932,498,,正常,2026-04-30 15:56:40,无截图
拼多多2,https://mobile.yangkeduo.com/goods.html?goods_id=917038452382,小海豚+管线机,"S2405281401001,S2407170910001",917038452382,1349,,限量折扣,2026-04-30 15:56:40,无截图
拼多多2,https://mobile.yangkeduo.com/goods.html?goods_id=917038452382,小海豚+管线机,"S2405281401001,S2407170910001",917038452382,1449,,限量折扣,2026-04-30 15:56:40,无截图
拼多多2,https://mobile.yangkeduo.com/goods.html?goods_id=917034829515,管线机2E,6923185650966,917034829515,869,1599,破价警报 | 百亿补贴,2026-04-30 15:56:40,无截图
拼多多2,https://mobile.yangkeduo.com/goods.html?goods_id=917032713009,管线机2S,6923185652526,917032713009,669,1699,破价警报 | 百亿补贴,2026-04-30 15:56:40,无截图
拼多多2,https://mobile.yangkeduo.com/goods.html?goods_id=917031150770,云米·泉先AI净水器蓝调600G+,6923185653592,917031150770,649,999,破价警报 | 限时折扣,2026-04-30 15:56:40,无截图
拼多多2,https://mobile.yangkeduo.com/goods.html?goods_id=917001945930,云米矿泉台式净饮机即热式饮水机直饮家用矿化加热一体机净水器,917001945930,917001945930,2199,,正常,2026-04-30 15:56:40,无截图
拼多多2,https://mobile.yangkeduo.com/goods.html?goods_id=916996455515,云米AI冷热管线机Super2 Pro,6923185655794,916996455515,1449,1999,破价警报 | 限量折扣,2026-04-30 15:56:40,无截图
拼多多2,https://mobile.yangkeduo.com/goods.html?goods_id=916452280972,900G,6923185654292,916452280972,749,1499,破价警报 | 百亿补贴,2026-04-30 15:56:40,无截图
拼多多2,https://mobile.yangkeduo.com/goods.html?goods_id=916441693850,云米(VIOMI) 小海豚PRO 家用净水机 净水器 反渗透大通量 RO膜,916441693850,916441693850,899,,限量折扣,2026-04-30 15:56:40,无截图
拼多多2,https://mobile.yangkeduo.com/goods.html?goods_id=916398420768,复合滤芯,"6923185614258,6923185615750,6923185614265",916398420768,128.98,,限量折扣,2026-04-30 15:56:40,无截图
拼多多2,https://mobile.yangkeduo.com/goods.html?goods_id=916398420768,复合滤芯,"6923185614258,6923185615750,6923185614265",916398420768,128.98,,限量折扣,2026-04-30 15:56:40,无截图
拼多多2,https://mobile.yangkeduo.com/goods.html?goods_id=916398420768,复合滤芯,"6923185614258,6923185615750,6923185614265",916398420768,148.98,,限量折扣,2026-04-30 15:56:40,无截图
拼多多2,https://mobile.yangkeduo.com/goods.html?goods_id=916398420768,复合滤芯,"6923185614258,6923185615750,6923185614265",916398420768,128.98,,限量折扣,2026-04-30 15:56:40,无截图
拼多多2,https://mobile.yangkeduo.com/goods.html?goods_id=916398420768,复合滤芯,"6923185614258,6923185615750,6923185614265",916398420768,128.98,,限量折扣,2026-04-30 15:56:40,无截图
拼多多2,https://mobile.yangkeduo.com/goods.html?goods_id=916398420768,复合滤芯,"6923185614258,6923185615750,6923185614265",916398420768,128.98,,限量折扣,2026-04-30 15:56:40,无截图
拼多多2,https://mobile.yangkeduo.com/goods.html?goods_id=916398420768,复合滤芯,"6923185614258,6923185615750,6923185614265",916398420768,128.98,,限量折扣,2026-04-30 15:56:40,无截图
拼多多2,https://mobile.yangkeduo.com/goods.html?goods_id=916398420768,复合滤芯,"6923185614258,6923185615750,6923185614265",916398420768,128.98,,限量折扣,2026-04-30 15:56:40,无截图
拼多多2,https://mobile.yangkeduo.com/goods.html?goods_id=916398420768,复合滤芯,"6923185614258,6923185615750,6923185614265",916398420768,148.98,,限量折扣,2026-04-30 15:56:40,无截图
拼多多2,https://mobile.yangkeduo.com/goods.html?goods_id=916398420768,复合滤芯,"6923185614258,6923185615750,6923185614265",916398420768,178.98,,限量折扣,2026-04-30 15:56:40,无截图
拼多多2,https://mobile.yangkeduo.com/goods.html?goods_id=916398420768,复合滤芯,"6923185614258,6923185615750,6923185614265",916398420768,178.98,,限量折扣,2026-04-30 15:56:40,无截图
拼多多2,https://mobile.yangkeduo.com/goods.html?goods_id=916398420768,复合滤芯,"6923185614258,6923185615750,6923185614265",916398420768,128.98,,限量折扣,2026-04-30 15:56:40,无截图
拼多多2,https://mobile.yangkeduo.com/goods.html?goods_id=916398420768,复合滤芯,"6923185614258,6923185615750,6923185614265",916398420768,128.98,,限量折扣,2026-04-30 15:56:40,无截图
拼多多2,https://mobile.yangkeduo.com/goods.html?goods_id=916398420768,复合滤芯,"6923185614258,6923185615750,6923185614265",916398420768,128.98,,限量折扣,2026-04-30 15:56:40,无截图
拼多多2,https://mobile.yangkeduo.com/goods.html?goods_id=916398420768,复合滤芯,"6923185614258,6923185615750,6923185614265",916398420768,128.98,,限量折扣,2026-04-30 15:56:40,无截图
拼多多2,https://mobile.yangkeduo.com/goods.html?goods_id=916398420768,复合滤芯,"6923185614258,6923185615750,6923185614265",916398420768,258.98,,限量折扣,2026-04-30 15:56:40,无截图
拼多多2,https://mobile.yangkeduo.com/goods.html?goods_id=916398420768,复合滤芯,"6923185614258,6923185615750,6923185614265",916398420768,158.99,,限量折扣,2026-04-30 15:56:40,无截图
拼多多2,https://mobile.yangkeduo.com/goods.html?goods_id=916398420768,复合滤芯,"6923185614258,6923185615750,6923185614265",916398420768,148.98,,限量折扣,2026-04-30 15:56:40,无截图
拼多多2,https://mobile.yangkeduo.com/goods.html?goods_id=916398420768,复合滤芯,"6923185614258,6923185615750,6923185614265",916398420768,278.98,,限量折扣,2026-04-30 15:56:40,无截图
拼多多2,https://mobile.yangkeduo.com/goods.html?goods_id=916398420768,复合滤芯,"6923185614258,6923185615750,6923185614265",916398420768,278.98,,限量折扣,2026-04-30 15:56:40,无截图
拼多多2,https://mobile.yangkeduo.com/goods.html?goods_id=916398420768,复合滤芯,"6923185614258,6923185615750,6923185614265",916398420768,278.98,,限量折扣,2026-04-30 15:56:40,无截图
拼多多2,https://mobile.yangkeduo.com/goods.html?goods_id=916398420768,复合滤芯,"6923185614258,6923185615750,6923185614265",916398420768,278.98,,限量折扣,2026-04-30 15:56:40,无截图
拼多多2,https://mobile.yangkeduo.com/goods.html?goods_id=916398420768,复合滤芯,"6923185614258,6923185615750,6923185614265",916398420768,258.98,,限量折扣,2026-04-30 15:56:40,无截图
拼多多2,https://mobile.yangkeduo.com/goods.html?goods_id=915797572693,600G滤芯套餐,S2412282008001,915797572693,699,,百亿补贴,2026-04-30 15:56:40,无截图
拼多多2,https://mobile.yangkeduo.com/goods.html?goods_id=885690465484,小海豚600G+,6923185653684,885690465484,559,559,百亿补贴,2026-04-30 15:56:40,无截图
拼多多2,https://mobile.yangkeduo.com/goods.html?goods_id=882919216767,小白龙 800G+,6923185653974,882919216767,1199,1299,破价警报,2026-04-30 15:56:40,无截图
拼多多2,https://mobile.yangkeduo.com/goods.html?goods_id=879245702873,VIOMI云米小海豚3净水器5年长效RO反渗透厨下一体机水过滤大通量,879245702873,879245702873,1299,,正常,2026-04-30 15:56:40,无截图
拼多多2,https://mobile.yangkeduo.com/goods.html?goods_id=874350558652,VIOMI云米滤芯 小海豚3适用,874350558652,874350558652,129,,限量折扣,2026-04-30 15:56:40,无截图
拼多多2,https://mobile.yangkeduo.com/goods.html?goods_id=874350558652,VIOMI云米滤芯 小海豚3适用,874350558652,874350558652,299,,限量折扣,2026-04-30 15:56:40,无截图
拼多多2,https://mobile.yangkeduo.com/goods.html?goods_id=873053402073,VIOMI云米小海豚3净水器5年长效RO反渗透厨下一体机水过滤大通量,873053402073,873053402073,1199,,正常,2026-04-30 15:56:40,无截图
拼多多2,https://mobile.yangkeduo.com/goods.html?goods_id=530950162370,云米小海豚2 1000G净水器净水机管线机即热饮水机前置过滤器套装,530950162370,530950162370,2699,,正常,2026-04-30 15:56:40,无截图
拼多多2,https://mobile.yangkeduo.com/goods.html?goods_id=530950162370,云米小海豚2 1000G净水器净水机管线机即热饮水机前置过滤器套装,530950162370,530950162370,2999,,正常,2026-04-30 15:56:40,无截图
拼多多2,https://mobile.yangkeduo.com/goods.html?goods_id=500282125061,云米1.5匹变频冷暖Milano2ProAI语音UVC除菌新一级智能电器挂机,500282125061,500282125061,2799,,正常,2026-04-30 15:56:40,无截图
拼多多2,https://mobile.yangkeduo.com/goods.html?goods_id=497869228081,云米521升风冷无霜一级变频十字四开门对开门大容量智能电器冰箱,497869228081,497869228081,2799,,正常,2026-04-30 15:56:40,无截图
拼多多2,https://mobile.yangkeduo.com/goods.html?goods_id=491420502929,云米1.5匹AI智能电器变频空调冷暖两用新一级省电家用杀菌挂机,491420502929,491420502929,2599,,正常,2026-04-30 15:56:40,无截图
拼多多2,https://mobile.yangkeduo.com/goods.html?goods_id=489538266025,云米TDS水质检测笔测水质仪饮用水检测器家用自来水水质测试仪器,489538266025,489538266025,99,,正常,2026-04-30 15:56:40,无截图
拼多多2,https://mobile.yangkeduo.com/goods.html?goods_id=6120759451,云米VO1602电烤箱多功能烤箱家用烘焙小型蛋糕电烤鸡翅披萨16L,6120759451,6120759451,149,,正常,2026-04-30 15:56:40,无截图
京东,https://item.jd.com/100124625239.html,云米小厨宝6L,6923185611233,100124625239,299,,未知,2026-05-05 09:25:20,d:\WorkSpace\01_自动化开发\App1_Price_Monitor品牌价格\price_screenshots\2026-05-05_JD_6923185611233_100124625239.jpg
京东,https://item.jd.com/10089201209435.html,云米小厨宝6L,6923185611233,10089201209435,299,,未知,2026-05-05 09:25:53,d:\WorkSpace\01_自动化开发\App1_Price_Monitor品牌价格\price_screenshots\2026-05-05_JD_6923185611233_10089201209435.jpg
京东,https://item.jd.com/10192759343298.html,门锁普通版E30,6923185656074,10192759343298,569.39,,未知,2026-05-05 09:26:25,d:\WorkSpace\01_自动化开发\App1_Price_Monitor品牌价格\price_screenshots\2026-05-05_JD_6923185656074_10192759343298.jpg
京东,https://item.jd.com/10196375716835.html,门锁普通版E30,6923185656074,10196375716835,499,,未知,2026-05-05 09:26:58,d:\WorkSpace\01_自动化开发\App1_Price_Monitor品牌价格\price_screenshots\2026-05-05_JD_6923185656074_10196375716835.jpg
京东,https://item.jd.com/100013447067.html,smart 前置过滤器 （VF4-A）,6923185621058,100013447067,440.28,499,破价警报,2026-05-05 09:27:38,d:\WorkSpace\01_自动化开发\App1_Price_Monitor品牌价格\price_screenshots\2026-05-05_JD_6923185621058_100013447067.jpg
京东,https://item.jd.com/100147404880.html,smart 3,6923185654773,100147404880,509.15,,未知,2026-05-05 09:28:15,d:\WorkSpace\01_自动化开发\App1_Price_Monitor品牌价格\price_screenshots\2026-05-05_JD_6923185654773_100147404880.jpg
京东,https://item.jd.com/10095813745701.html,云米电热水器X1（50L）,6923185614920,10095813745701,539,,未知,2026-05-05 09:28:52,d:\WorkSpace\01_自动化开发\App1_Price_Monitor品牌价格\price_screenshots\2026-05-05_JD_6923185614920_10095813745701.jpg
京东,https://item.jd.com/10095813745702.html,云米电热水器X1（60L）,6923185614937,10095813745702,569,,未知,2026-05-05 09:29:28,d:\WorkSpace\01_自动化开发\App1_Price_Monitor品牌价格\price_screenshots\2026-05-05_JD_6923185614937_10095813745702.jpg
京东,https://item.jd.com/10097111681728.html,云米电热水器X1（60L）,6923185614937,10097111681728,569,,未知,2026-05-05 09:30:04,d:\WorkSpace\01_自动化开发\App1_Price_Monitor品牌价格\price_screenshots\2026-05-05_JD_6923185614937_10097111681728.jpg
京东,https://item.jd.com/10154100555262.html,云米蓝调智能门锁（基础版）,6923185655381,10154100555262,493.88,,未知,2026-05-05 09:30:36,d:\WorkSpace\01_自动化开发\App1_Price_Monitor品牌价格\price_screenshots\2026-05-05_JD_6923185655381_10154100555262.jpg
京东,https://item.jd.com/100070514318.html,云米AI燃气灶 Super   5.2（天然气）,6923185650348,100070514318,799,,未知,2026-05-05 09:31:09,d:\WorkSpace\01_自动化开发\App1_Price_Monitor品牌价格\price_screenshots\2026-05-05_JD_6923185650348_100070514318.jpg
京东,https://item.jd.com/100167111601.html,蓝调2燃气热水器13L,6923185655688,100167111601,679.15,,未知,2026-05-05 09:31:42,d:\WorkSpace\01_自动化开发\App1_Price_Monitor品牌价格\price_screenshots\2026-05-05_JD_6923185655688_100167111601.jpg
京东,https://item.jd.com/10176913186809.html,蓝调2燃气热水器13L,6923185655688,10176913186809,699,,未知,2026-05-05 09:32:17,d:\WorkSpace\01_自动化开发\App1_Price_Monitor品牌价格\price_screenshots\2026-05-05_JD_6923185655688_10176913186809.jpg
京东,https://item.jd.com/10092678440219.html,super5.0灶具（天然气）,6923185649656,10092678440219,679.15,,未知,2026-05-05 09:32:51,d:\WorkSpace\01_自动化开发\App1_Price_Monitor品牌价格\price_screenshots\2026-05-05_JD_6923185649656_10092678440219.jpg
京东,https://item.jd.com/100118324669.html,云米·泉先前置过滤器 Super,6923185649885,100118324669,Not Found,699,抓取失败,2026-05-05 09:33:23,d:\WorkSpace\01_自动化开发\App1_Price_Monitor品牌价格\error_screenshots\fail_JD_100118324669.png
京东,https://item.jd.com/10143724381196.html,云米·泉先前置过滤器 Super,6923185649885,10143724381196,599,699,破价警报,2026-05-05 09:33:48,d:\WorkSpace\01_自动化开发\App1_Price_Monitor品牌价格\price_screenshots\2026-05-05_JD_6923185649885_10143724381196.jpg
京东,https://item.jd.com/100028611839.html,云米AI电热水器 小蓝调50L,6923185649076,100028611839,723.35,,未知,2026-05-05 09:34:24,d:\WorkSpace\01_自动化开发\App1_Price_Monitor品牌价格\price_screenshots\2026-05-05_JD_6923185649076_100028611839.jpg
京东,https://item.jd.com/10114364850989.html,小鲸鱼 马桶盖,6923185654537,10114364850989,Not Found,,抓取失败,2026-05-05 09:35:05,d:\WorkSpace\01_自动化开发\App1_Price_Monitor品牌价格\error_screenshots\fail_JD_10114364850989.png
京东,https://item.jd.com/10168369255857.html,蓝调智能门锁（大屏猫眼版）,6923185654667,10168369255857,649.4,,未知,2026-05-05 09:35:41,d:\WorkSpace\01_自动化开发\App1_Price_Monitor品牌价格\price_screenshots\2026-05-05_JD_6923185654667_10168369255857.jpg
京东,https://item.jd.com/10152123375420.html,蓝调智能门锁（3D人脸版）,6923185654643,10152123375420,629.92,,未知,2026-05-05 09:36:18,d:\WorkSpace\01_自动化开发\App1_Price_Monitor品牌价格\price_screenshots\2026-05-05_JD_6923185654643_10152123375420.jpg
京东,https://item.jd.com/10075265423716.html,5.0KW聚能猛火灶,6923185650331,10075265423716,699,,未知,2026-05-05 09:36:53,d:\WorkSpace\01_自动化开发\App1_Price_Monitor品牌价格\price_screenshots\2026-05-05_JD_6923185650331_10075265423716.jpg
京东,https://item.jd.com/10152130264576.html,蓝调智能门锁（人脸猫眼版）,6923185654650,10152130264576,700,,未知,2026-05-05 09:37:26,d:\WorkSpace\01_自动化开发\App1_Price_Monitor品牌价格\price_screenshots\2026-05-05_JD_6923185654650_10152130264576.jpg
京东,https://item.jd.com/10101734415931.html,云米油烟机蓝调,6923185650973,10101734415931,859,,未知,2026-05-05 09:37:58,d:\WorkSpace\01_自动化开发\App1_Price_Monitor品牌价格\price_screenshots\2026-05-05_JD_6923185650973_10101734415931.jpg
京东,https://item.jd.com/10089284956258.html,flash烟机,6923185613664,10089284956258,899,,未知,2026-05-05 09:38:32,d:\WorkSpace\01_自动化开发\App1_Price_Monitor品牌价格\price_screenshots\2026-05-05_JD_6923185613664_10089284956258.jpg
京东,https://item.jd.com/10110061303564.html,云米互联网油烟机Flash,6923185613664,10110061303564,899,,未知,2026-05-05 09:39:04,d:\WorkSpace\01_自动化开发\App1_Price_Monitor品牌价格\price_screenshots\2026-05-05_JD_6923185613664_10110061303564.jpg
京东,https://item.jd.com/10110061303564.html,flash烟机,6923185613664,10110061303564,899,,未知,2026-05-05 09:39:38,d:\WorkSpace\01_自动化开发\App1_Price_Monitor品牌价格\price_screenshots\2026-05-05_JD_6923185613664_10110061303564.jpg
京东,https://item.jd.com/10090594806936.html,flash烟机,6923185613664,10090594806936,899,,未知,2026-05-05 09:40:12,d:\WorkSpace\01_自动化开发\App1_Price_Monitor品牌价格\price_screenshots\2026-05-05_JD_6923185613664_10090594806936.jpg
京东,https://item.jd.com/10089198115504.html,免镁棒-60L-3000w热水器,6923185611899,10089198115504,Not Found,,抓取失败,2026-05-05 09:40:41,d:\WorkSpace\01_自动化开发\App1_Price_Monitor品牌价格\error_screenshots\fail_JD_10089198115504.png
京东,https://item.jd.com/10093429580106.html,云米厨余垃圾处理器  PowerBox 尊享版,6923185610250,10093429580106,806.65,,未知,2026-05-05 09:41:15,d:\WorkSpace\01_自动化开发\App1_Price_Monitor品牌价格\price_screenshots\2026-05-05_JD_6923185610250_10093429580106.jpg
京东,https://item.jd.com/10168128067583.html,云米厨余垃圾处理器  PowerBox 尊享版,6923185610250,10168128067583,899,,未知,2026-05-05 09:41:51,d:\WorkSpace\01_自动化开发\App1_Price_Monitor品牌价格\price_screenshots\2026-05-05_JD_6923185610250_10168128067583.jpg
京东,https://item.jd.com/10091941834784.html,云米消毒柜（嵌入式）云米版,6923185604303,10091941834784,Not Found,,抓取失败,2026-05-05 09:42:19,d:\WorkSpace\01_自动化开发\App1_Price_Monitor品牌价格\error_screenshots\fail_JD_10091941834784.png
京东,https://item.jd.com/10103268736846.html,云米消毒柜（嵌入式）云米版,6923185604303,10103268736846,Not Found,,抓取失败,2026-05-05 09:42:47,d:\WorkSpace\01_自动化开发\App1_Price_Monitor品牌价格\error_screenshots\fail_JD_10103268736846.png
京东,https://item.jd.com/10105870187513.html,云米·泉先AI净水器蓝调600G+,6923185653592,10105870187513,Not Found,999,抓取失败,2026-05-05 09:43:16,d:\WorkSpace\01_自动化开发\App1_Price_Monitor品牌价格\error_screenshots\fail_JD_10105870187513.png
京东,https://item.jd.com/100220432807.html,蓝调2Pro-JSQ30-VGW1641,6923185656869,100220432807,Not Found,,抓取失败,2026-05-05 09:43:45,d:\WorkSpace\01_自动化开发\App1_Price_Monitor品牌价格\error_screenshots\fail_JD_100220432807.png
京东,https://item.jd.com/100020870125.html,云米空调1匹两用挂机iCool 2T,S1648526111232,100020870125,Not Found,1099,抓取失败,2026-05-05 09:44:15,d:\WorkSpace\01_自动化开发\App1_Price_Monitor品牌价格\error_screenshots\fail_JD_100020870125.png
京东,https://item.jd.com/10192764613659.html,门锁掌静脉,6923185655398,10192764613659,Not Found,,抓取失败,2026-05-05 09:44:43,d:\WorkSpace\01_自动化开发\App1_Price_Monitor品牌价格\error_screenshots\fail_JD_10192764613659.png
京东,https://item.jd.com/100193851271.html,云米蓝调系列多功能冰沙机,6923185656135,100193851271,2787.8,,未知,2026-05-05 09:45:00,d:\WorkSpace\01_自动化开发\App1_Price_Monitor品牌价格\price_screenshots\2026-05-05_JD_6923185656135_100193851271.jpg
京东,https://item.jd.com/100147404904.html,云米AI油烟机 Smart 2 Pro,6923185653516,100147404904,1646,,未知,2026-05-05 09:45:18,d:\WorkSpace\01_自动化开发\App1_Price_Monitor品牌价格\price_screenshots\2026-05-05_JD_6923185653516_100147404904.jpg
京东,https://item.jd.com/10089254213735.html,flash烟机+power5.0（天然气）,S2409261034001,10089254213735,1199,1399,破价警报,2026-05-05 09:45:35,d:\WorkSpace\01_自动化开发\App1_Price_Monitor品牌价格\price_screenshots\2026-05-05_JD_S2409261034001_10089254213735.jpg
京东,https://item.jd.com/100223552856.html,小京龙900G,6923185654292,100223552856,799,1499,破价警报,2026-05-05 09:45:53,d:\WorkSpace\01_自动化开发\App1_Price_Monitor品牌价格\price_screenshots\2026-05-05_JD_6923185654292_100223552856.jpg
京东,https://item.jd.com/10143719582452.html,云米·泉先 AI冷热管线机 Super 2E,6923185650966,10143719582452,Not Found,1599,抓取失败,2026-05-05 09:46:10,d:\WorkSpace\01_自动化开发\App1_Price_Monitor品牌价格\error_screenshots\fail_JD_10143719582452.png
京东,https://item.jd.com/100309470648.html,云米AI油烟机Super升级,6923185605829,100309470648,1784,,未知,2026-05-05 09:46:29,d:\WorkSpace\01_自动化开发\App1_Price_Monitor品牌价格\price_screenshots\2026-05-05_JD_6923185605829_100309470648.jpg
京东,https://item.jd.com/100094220985.html,云米·泉先AI管线机Master2S,6923185652526,100094220985,705.48,1699,破价警报,2026-05-05 09:46:47,d:\WorkSpace\01_自动化开发\App1_Price_Monitor品牌价格\price_screenshots\2026-05-05_JD_6923185652526_100094220985.jpg
京东,https://item.jd.com/10111293867587.html,云米·泉先AI管线机Master2S,6923185652526,10111293867587,899.3,1699,破价警报,2026-05-05 09:47:09,d:\WorkSpace\01_自动化开发\App1_Price_Monitor品牌价格\price_screenshots\2026-05-05_JD_6923185652526_10111293867587.jpg
京东,https://item.jd.com/100141797446.html,鲜活泉系列 Smart 1000G(小竹泉）,6923185654247,100141797446,960.61,1699,破价警报,2026-05-05 09:47:45,d:\WorkSpace\01_自动化开发\App1_Price_Monitor品牌价格\price_screenshots\2026-05-05_JD_6923185654247_100141797446.jpg
京东,https://item.jd.com/100193748406.html,云米AI净饮机Super 2,6923185615415,100193748406,1062.36,1699,破价警报,2026-05-05 09:48:18,d:\WorkSpace\01_自动化开发\App1_Price_Monitor品牌价格\price_screenshots\2026-05-05_JD_6923185615415_100193748406.jpg
京东,https://item.jd.com/10190216497508.html,云米AI净饮机Super 2,6923185615415,10190216497508,1037.34,1699,破价警报,2026-05-05 09:48:52,d:\WorkSpace\01_自动化开发\App1_Price_Monitor品牌价格\price_screenshots\2026-05-05_JD_6923185615415_10190216497508.jpg
京东,https://item.jd.com/100113886253.html,云米AI净水器Super 2Y 1200G,6923185653981,100113886253,1185.42,1899,破价警报,2026-05-05 09:49:25,d:\WorkSpace\01_自动化开发\App1_Price_Monitor品牌价格\price_screenshots\2026-05-05_JD_6923185653981_100113886253.jpg
京东,https://item.jd.com/100152351404.html,云米AI净水器Super 2Y 1200G,6923185653981,100152351404,3511.27,1899,高价待调整,2026-05-05 09:49:59,d:\WorkSpace\01_自动化开发\App1_Price_Monitor品牌价格\price_screenshots\2026-05-05_JD_6923185653981_100152351404.jpg
京东,https://item.jd.com/10109665694149.html,云米AI净水器Super 2Y 1200G,6923185653981,10109665694149,1141.55,1899,破价警报,2026-05-05 09:50:35,d:\WorkSpace\01_自动化开发\App1_Price_Monitor品牌价格\price_screenshots\2026-05-05_JD_6923185653981_10109665694149.jpg
京东,https://item.jd.com/10137116625841.html,"即热1000G,MAIN84",6923185651116,10137116625841,1359.15,1899,破价警报,2026-05-05 09:51:07,d:\WorkSpace\01_自动化开发\App1_Price_Monitor品牌价格\price_screenshots\2026-05-05_JD_6923185651116_10137116625841.jpg
京东,https://item.jd.com/100216835595.html,云米AI冷热管线机Super2 Pro,6923185655794,100216835595,1282.43,1999,破价警报,2026-05-05 09:51:41,d:\WorkSpace\01_自动化开发\App1_Price_Monitor品牌价格\price_screenshots\2026-05-05_JD_6923185655794_100216835595.jpg
京东,https://item.jd.com/10190163229722.html,云米AI冷热管线机Super2 Pro,6923185655794,10190163229722,1513.99,1999,破价警报,2026-05-05 09:52:15,d:\WorkSpace\01_自动化开发\App1_Price_Monitor品牌价格\price_screenshots\2026-05-05_JD_6923185655794_10190163229722.jpg
京东,https://item.jd.com/10190186867694.html,云米AI冷热管线机Super2 Pro,6923185655794,10190186867694,1699,1999,破价警报,2026-05-05 09:52:49,d:\WorkSpace\01_自动化开发\App1_Price_Monitor品牌价格\price_screenshots\2026-05-05_JD_6923185655794_10190186867694.jpg
京东,https://item.jd.com/10130854696036.html,云米智能马桶 小鲸鱼 2 Pro,6923185654575,10130854696036,3229.15,,未知,2026-05-05 09:53:28,d:\WorkSpace\01_自动化开发\App1_Price_Monitor品牌价格\price_screenshots\2026-05-05_JD_6923185654575_10130854696036.jpg
京东,https://item.jd.com/100167111617.html,云米AI油烟机 鲲鹏Pro,6923185605379,100167111617,2489,,未知,2026-05-05 09:53:50,d:\WorkSpace\01_自动化开发\App1_Price_Monitor品牌价格\price_screenshots\2026-05-05_JD_6923185605379_100167111617.jpg
京东,https://item.jd.com/10114588738475.html,云米AI昆仑矿泉净水机 Super 2E 2500,6923185654254,10114588738475,1513.99,2499,破价警报,2026-05-05 09:54:23,d:\WorkSpace\01_自动化开发\App1_Price_Monitor品牌价格\price_screenshots\2026-05-05_JD_6923185654254_10114588738475.jpg
京东,https://item.jd.com/10116378745406.html,云米AI昆仑矿泉净水机 Super 2E 2500,6923185654254,10116378745406,1699,2499,破价警报,2026-05-05 09:55:02,d:\WorkSpace\01_自动化开发\App1_Price_Monitor品牌价格\price_screenshots\2026-05-05_JD_6923185654254_10116378745406.jpg
京东,https://item.jd.com/100135346870.html,云米AI昆仑矿泉净水机 Super 2E 2500,6923185654254,100135346870,1545.63,2499,破价警报,2026-05-05 09:55:23,d:\WorkSpace\01_自动化开发\App1_Price_Monitor品牌价格\price_screenshots\2026-05-05_JD_6923185654254_100135346870.jpg
京东,https://item.jd.com/100210261709.html,小京龙2Pro净矿,6923185656791,100210261709,1767.96,2499,破价警报,2026-05-05 09:55:58,d:\WorkSpace\01_自动化开发\App1_Price_Monitor品牌价格\price_screenshots\2026-05-05_JD_6923185656791_100210261709.jpg
京东,https://item.jd.com/100105676026.html,云米AI净水器昆仑 Super 2S 1200G,6923185653585,100105676026,1739.01,2699,破价警报,2026-05-05 09:56:39,d:\WorkSpace\01_自动化开发\App1_Price_Monitor品牌价格\price_screenshots\2026-05-05_JD_6923185653585_100105676026.jpg
京东,https://item.jd.com/10103267064546.html,蒸烤一体机FaceA1,6923185620136,10103267064546,2699,,未知,2026-05-05 09:57:16,d:\WorkSpace\01_自动化开发\App1_Price_Monitor品牌价格\price_screenshots\2026-05-05_JD_6923185620136_10103267064546.jpg
京东,https://item.jd.com/10206797283677.html,昆仑3 即热矿泉,6923185654445,10206797283677,2314,2999,破价警报,2026-05-05 09:57:50,d:\WorkSpace\01_自动化开发\App1_Price_Monitor品牌价格\price_screenshots\2026-05-05_JD_6923185654445_10206797283677.jpg
京东,https://item.jd.com/10202290093822.html,昆仑4 弱碱Pro 1400G,6923185655718,10202290093822,2999,3599,破价警报,2026-05-05 09:58:23,d:\WorkSpace\01_自动化开发\App1_Price_Monitor品牌价格\price_screenshots\2026-05-05_JD_6923185655718_10202290093822.jpg
京东,https://item.jd.com/100215523232.html,昆仑4 制冰台净,6923185655787,100215523232,2921.11,4399,破价警报,2026-05-05 09:58:54,d:\WorkSpace\01_自动化开发\App1_Price_Monitor品牌价格\price_screenshots\2026-05-05_JD_6923185655787_100215523232.jpg
拼多多,https://mobile.yangkeduo.com/goods.html?goods_id=912927521784,小京龙2Pro净矿,6923185656791,912927521784,1273,2499,破价警报 | 百亿补贴,2026-05-05 10:04:14,无截图
拼多多,https://mobile.yangkeduo.com/goods.html?goods_id=908884844099,管线机2S,6923185652526,908884844099,999,1699,破价警报,2026-05-05 10:04:14,无截图
拼多多,https://mobile.yangkeduo.com/goods.html?goods_id=908879495872,smart 前置过滤器 （VF4-A）,6923185621058,908879495872,498,499,正常,2026-05-05 10:04:14,无截图
拼多多,https://mobile.yangkeduo.com/goods.html?goods_id=907974025123,小海豚1000G,6923185654865,907974025123,899,899,限量折扣,2026-05-05 10:04:14,无截图
拼多多,https://mobile.yangkeduo.com/goods.html?goods_id=907033710117,云米昆仑3矿泉净水器2S Pro,6923185656593,907033710117,2998,2899,高价待调整,2026-05-05 10:04:14,无截图
拼多多,https://mobile.yangkeduo.com/goods.html?goods_id=873065157674,小海豚600G适用滤芯,6923185618379,873065157674,598,299,高价待调整,2026-05-05 10:04:14,无截图
拼多多,https://mobile.yangkeduo.com/goods.html?goods_id=873065157674,小海豚600G适用滤芯,6923185618379,873065157674,598,299,高价待调整,2026-05-05 10:04:14,无截图
拼多多,https://mobile.yangkeduo.com/goods.html?goods_id=873065157674,小海豚600G适用滤芯,6923185618379,873065157674,598,299,高价待调整,2026-05-05 10:04:14,无截图
拼多多,https://mobile.yangkeduo.com/goods.html?goods_id=873065157674,小海豚600G适用滤芯,6923185618379,873065157674,698,299,高价待调整,2026-05-05 10:04:14,无截图
拼多多,https://mobile.yangkeduo.com/goods.html?goods_id=873065157674,小海豚600G适用滤芯,6923185618379,873065157674,798,299,高价待调整,2026-05-05 10:04:14,无截图
拼多多,https://mobile.yangkeduo.com/goods.html?goods_id=873065157674,小海豚600G适用滤芯,6923185618379,873065157674,799,299,高价待调整,2026-05-05 10:04:14,无截图
拼多多,https://mobile.yangkeduo.com/goods.html?goods_id=873065157674,小海豚600G适用滤芯,6923185618379,873065157674,898,299,高价待调整,2026-05-05 10:04:14,无截图
拼多多,https://mobile.yangkeduo.com/goods.html?goods_id=873065157674,小海豚600G适用滤芯,6923185618379,873065157674,898,299,高价待调整,2026-05-05 10:04:14,无截图
拼多多,https://mobile.yangkeduo.com/goods.html?goods_id=873065157674,小海豚600G适用滤芯,6923185618379,873065157674,898,299,高价待调整,2026-05-05 10:04:14,无截图
拼多多,https://mobile.yangkeduo.com/goods.html?goods_id=873065157674,小海豚600G适用滤芯,6923185618379,873065157674,899,299,高价待调整,2026-05-05 10:04:14,无截图
拼多多,https://mobile.yangkeduo.com/goods.html?goods_id=872941778883,1000G复合滤芯,6923185653998,872941778883,288,298,破价警报,2026-05-05 10:04:14,无截图
拼多多,https://mobile.yangkeduo.com/goods.html?goods_id=872941778883,1000G复合滤芯,6923185653998,872941778883,288,298,破价警报,2026-05-05 10:04:14,无截图
拼多多,https://mobile.yangkeduo.com/goods.html?goods_id=872941778883,1000G复合滤芯,6923185653998,872941778883,288,298,破价警报,2026-05-05 10:04:14,无截图
拼多多,https://mobile.yangkeduo.com/goods.html?goods_id=872941778883,1000G复合滤芯,6923185653998,872941778883,288,298,破价警报,2026-05-05 10:04:14,无截图
拼多多,https://mobile.yangkeduo.com/goods.html?goods_id=872941778883,1000G复合滤芯,6923185653998,872941778883,288,298,破价警报,2026-05-05 10:04:14,无截图
拼多多,https://mobile.yangkeduo.com/goods.html?goods_id=872941778883,1000G复合滤芯,6923185653998,872941778883,288,298,破价警报,2026-05-05 10:04:14,无截图
拼多多,https://mobile.yangkeduo.com/goods.html?goods_id=872941778883,1000G复合滤芯,6923185653998,872941778883,288,298,破价警报,2026-05-05 10:04:14,无截图
拼多多,https://mobile.yangkeduo.com/goods.html?goods_id=872941778883,1000G复合滤芯,6923185653998,872941778883,288,298,破价警报,2026-05-05 10:04:14,无截图
拼多多,https://mobile.yangkeduo.com/goods.html?goods_id=872941778883,1000G复合滤芯,6923185653998,872941778883,288,298,破价警报,2026-05-05 10:04:14,无截图
拼多多,https://mobile.yangkeduo.com/goods.html?goods_id=872941778883,1000G复合滤芯,6923185653998,872941778883,289,298,破价警报,2026-05-05 10:04:14,无截图
拼多多,https://mobile.yangkeduo.com/goods.html?goods_id=872941778883,1000G复合滤芯,6923185653998,872941778883,289,298,破价警报,2026-05-05 10:04:14,无截图
拼多多,https://mobile.yangkeduo.com/goods.html?goods_id=872941778883,1000G复合滤芯,6923185653998,872941778883,289,298,破价警报,2026-05-05 10:04:14,无截图
拼多多,https://mobile.yangkeduo.com/goods.html?goods_id=872941778883,1000G复合滤芯,6923185653998,872941778883,289,298,破价警报,2026-05-05 10:04:14,无截图
拼多多,https://mobile.yangkeduo.com/goods.html?goods_id=872941778883,1000G复合滤芯,6923185653998,872941778883,289,298,破价警报,2026-05-05 10:04:14,无截图
拼多多,https://mobile.yangkeduo.com/goods.html?goods_id=872941778883,1000G复合滤芯,6923185653998,872941778883,289,298,破价警报,2026-05-05 10:04:14,无截图
拼多多,https://mobile.yangkeduo.com/goods.html?goods_id=872941778883,1000G复合滤芯,6923185653998,872941778883,289,298,破价警报,2026-05-05 10:04:14,无截图
拼多多,https://mobile.yangkeduo.com/goods.html?goods_id=872941778883,1000G复合滤芯,6923185653998,872941778883,299,298,高价待调整,2026-05-05 10:04:14,无截图
拼多多,https://mobile.yangkeduo.com/goods.html?goods_id=872941778883,1000G复合滤芯,6923185653998,872941778883,299,298,高价待调整,2026-05-05 10:04:14,无截图
拼多多,https://mobile.yangkeduo.com/goods.html?goods_id=872941778883,1000G复合滤芯,6923185653998,872941778883,398,298,高价待调整,2026-05-05 10:04:14,无截图
拼多多,https://mobile.yangkeduo.com/goods.html?goods_id=872941778883,1000G复合滤芯,6923185653998,872941778883,398,298,高价待调整,2026-05-05 10:04:14,无截图
拼多多,https://mobile.yangkeduo.com/goods.html?goods_id=872941778883,1000G复合滤芯,6923185653998,872941778883,398,298,高价待调整,2026-05-05 10:04:14,无截图
拼多多,https://mobile.yangkeduo.com/goods.html?goods_id=872941778883,1000G复合滤芯,6923185653998,872941778883,399,298,高价待调整,2026-05-05 10:04:14,无截图
拼多多,https://mobile.yangkeduo.com/goods.html?goods_id=872941778883,1000G复合滤芯,6923185653998,872941778883,399,298,高价待调整,2026-05-05 10:04:14,无截图
拼多多,https://mobile.yangkeduo.com/goods.html?goods_id=870799733097,油烟机 smart2,6923185653110,870799733097,1599,,正常,2026-05-05 10:04:14,无截图
拼多多,https://mobile.yangkeduo.com/goods.html?goods_id=868834124642,云米AI油烟机Super升级,6923185605829,868834124642,1699,,正常,2026-05-05 10:04:14,无截图
拼多多,https://mobile.yangkeduo.com/goods.html?goods_id=868851073714,小海豚3,6923185605867,868851073714,499,499,百亿补贴,2026-05-05 10:04:14,无截图
拼多多,https://mobile.yangkeduo.com/goods.html?goods_id=862873034610,小海豚3,6923185605867,862873034610,618,499,高价待调整 | 百亿补贴,2026-05-05 10:04:14,无截图
拼多多,https://mobile.yangkeduo.com/goods.html?goods_id=862873034610,小海豚3,6923185605867,862873034610,728,499,高价待调整 | 百亿补贴,2026-05-05 10:04:14,无截图
拼多多,https://mobile.yangkeduo.com/goods.html?goods_id=862584688956,门锁门禁卡,6923185654230,862584688956,25,19,高价待调整,2026-05-05 10:04:14,无截图
拼多多,https://mobile.yangkeduo.com/goods.html?goods_id=861508688697,管线机2E,6923185650966,861508688697,1998,1599,高价待调整,2026-05-05 10:04:14,无截图
拼多多,https://mobile.yangkeduo.com/goods.html?goods_id=852932116812,云米净水器600G小海豚升级版厨下式RO反渗透直饮家用,852932116812,852932116812,772,,百亿补贴,2026-05-05 10:04:14,无截图
拼多多,https://mobile.yangkeduo.com/goods.html?goods_id=852614628903,云米厨余垃圾处理器  PowerBox 尊享版,6923185610250,852614628903,889,,百亿补贴同价上首页,2026-05-05 10:04:14,无截图
拼多多,https://mobile.yangkeduo.com/goods.html?goods_id=852161740747,小海豚600G+,6923185653684,852161740747,899,559,高价待调整,2026-05-05 10:04:14,无截图
拼多多,https://mobile.yangkeduo.com/goods.html?goods_id=852010588191,蓝调2Pro-JSQ30-VGW1641,6923185656869,852010588191,1099,,正常,2026-05-05 10:04:14,无截图
拼多多,https://mobile.yangkeduo.com/goods.html?goods_id=850883552953,云米·泉先AI净水器蓝调600G+,6923185653592,850883552953,1299,999,高价待调整,2026-05-05 10:04:14,无截图
拼多多,https://mobile.yangkeduo.com/goods.html?goods_id=850344043841,云米AI净饮机Super 2,6923185615415,850344043841,2199,1699,高价待调整,2026-05-05 10:04:14,无截图
拼多多,https://mobile.yangkeduo.com/goods.html?goods_id=849648457333,云米AI昆仑矿泉净水机 Super 2E 2500,6923185654254,849648457333,2599,2499,高价待调整,2026-05-05 10:04:14,无截图
拼多多,https://mobile.yangkeduo.com/goods.html?goods_id=849000374681,云米AI净水器Super 2Y 1200G,6923185653981,849000374681,2299,1899,高价待调整,2026-05-05 10:04:14,无截图
拼多多,https://mobile.yangkeduo.com/goods.html?goods_id=846212481564,云米蓝调2双胆电热水器60L超短超薄速热增容大水量3000W杀菌安全,846212481564,846212481564,1199,,正常,2026-05-05 10:04:14,无截图
拼多多,https://mobile.yangkeduo.com/goods.html?goods_id=837301408995,云米AI冷热管线机Super2 Pro,6923185655794,837301408995,1998,1999,正常,2026-05-05 10:04:14,无截图
拼多多,https://mobile.yangkeduo.com/goods.html?goods_id=832431516907,门锁普通版E30,6923185656074,832431516907,799,,正常,2026-05-05 10:04:14,无截图
拼多多,https://mobile.yangkeduo.com/goods.html?goods_id=823432069145,手持吸尘器,6923185611844,823432069145,999,602,高价待调整,2026-05-05 10:04:14,无截图
拼多多,https://mobile.yangkeduo.com/goods.html?goods_id=819506595979,云米净水器  600G+ 新升级厨下式RO反渗透直饮家用,819506595979,819506595979,1099,,正常,2026-05-05 10:04:14,无截图
拼多多,https://mobile.yangkeduo.com/goods.html?goods_id=806062288852,云米无线手持吸尘器家用立式除螨大吸力吸尘机A9长续航宠物家庭,806062288852,806062288852,999,,正常,2026-05-05 10:04:14,无截图
拼多多,https://mobile.yangkeduo.com/goods.html?goods_id=795732084979,云米燃气热水器增压水伺服恒温省气抗风节能排气16L已接入米家APP,795732084979,795732084979,1599,,正常,2026-05-05 10:04:14,无截图
拼多多,https://mobile.yangkeduo.com/goods.html?goods_id=791982350266,云米3200W电热水器智能抑菌速热节能一级能效增容已接入米家app,791982350266,791982350266,799,,正常,2026-05-05 10:04:14,无截图
拼多多,https://mobile.yangkeduo.com/goods.html?goods_id=791982350266,云米3200W电热水器智能抑菌速热节能一级能效增容已接入米家app,791982350266,791982350266,899,,正常,2026-05-05 10:04:14,无截图
拼多多,https://mobile.yangkeduo.com/goods.html?goods_id=791968310970,云米智能电热水器3200W节能变频增容速热家用浴室洗澡抑菌50L/60L,791968310970,791968310970,759,,正常,2026-05-05 10:04:14,无截图
拼多多,https://mobile.yangkeduo.com/goods.html?goods_id=791968310970,云米智能电热水器3200W节能变频增容速热家用浴室洗澡抑菌50L/60L,791968310970,791968310970,859,,正常,2026-05-05 10:04:14,无截图
拼多多,https://mobile.yangkeduo.com/goods.html?goods_id=791519887797,云米超薄零嵌510L大容量冰箱美妆舱底部散热一级变频双开门风冷,791519887797,791519887797,2789,,百亿补贴同价上首页,2026-05-05 10:04:14,无截图
拼多多,https://mobile.yangkeduo.com/goods.html?goods_id=784230725200,云米鲲鹏PRO烟机28m³大吸力聚能猛火灶一级能效烟灶联动厨电套装,784230725200,784230725200,3099,,正常,2026-05-05 10:04:14,无截图
拼多多,https://mobile.yangkeduo.com/goods.html?goods_id=784230725200,云米鲲鹏PRO烟机28m³大吸力聚能猛火灶一级能效烟灶联动厨电套装,784230725200,784230725200,3099,,正常,2026-05-05 10:04:14,无截图
拼多多,https://mobile.yangkeduo.com/goods.html?goods_id=783305466570,云米智能烘干晾衣架语音声控离线全自动升降阳台LED照明Smart超薄,783305466570,783305466570,1299,,正常,2026-05-05 10:04:14,无截图
拼多多,https://mobile.yangkeduo.com/goods.html?goods_id=783304689053,【声控晾衣架】云米智能电动晾衣架无线遥控大容量自动升降控制,783304689053,783304689053,999,,正常,2026-05-05 10:04:14,无截图
拼多多,https://mobile.yangkeduo.com/goods.html?goods_id=774960777953,蓝调2燃气热水器13L,6923185655688,774960777953,999,,正常,2026-05-05 10:04:14,无截图
拼多多,https://mobile.yangkeduo.com/goods.html?goods_id=767193647325,门锁掌静脉,6923185655398,767193647325,1104,,大促搜索池,2026-05-05 10:04:14,无截图
拼多多,https://mobile.yangkeduo.com/goods.html?goods_id=765112154467,小鲸鱼 马桶盖,6923185654537,765112154467,1199,,正常,2026-05-05 10:04:14,无截图
拼多多,https://mobile.yangkeduo.com/goods.html?goods_id=763759392708,云米AI油烟机 鲲鹏Pro,6923185605379,763759392708,2499,,正常,2026-05-05 10:04:14,无截图
拼多多,https://mobile.yangkeduo.com/goods.html?goods_id=761822913595,云米智能马桶 小鲸鱼 2 Pro,6923185654575,761822913595,3299,,正常,2026-05-05 10:04:14,无截图
拼多多,https://mobile.yangkeduo.com/goods.html?goods_id=761822913595,云米智能马桶 小鲸鱼 2 Pro,6923185654575,761822913595,3299,,正常,2026-05-05 10:04:14,无截图
拼多多,https://mobile.yangkeduo.com/goods.html?goods_id=743885774552,云米蓝调智能门锁（基础版）,6923185655381,743885774552,729,,正常,2026-05-05 10:04:14,无截图
拼多多,https://mobile.yangkeduo.com/goods.html?goods_id=739863611562,云米AI油烟机 Smart 2 Pro,6923185653516,739863611562,1499,,正常,2026-05-05 10:04:14,无截图
拼多多,https://mobile.yangkeduo.com/goods.html?goods_id=705715580268,智能门锁锂电池(5000mAh),6923185652953,705715580268,114,99,高价待调整,2026-05-05 10:04:14,无截图
拼多多,https://mobile.yangkeduo.com/goods.html?goods_id=697436012016,【新品】云米120°超广角猫眼全自动智能门锁家用客厅室内高清大屏,697436012016,697436012016,999,,正常,2026-05-05 10:04:14,无截图
拼多多,https://mobile.yangkeduo.com/goods.html?goods_id=691819698413,云米电热水器50/60升洗澡家用浴室速热大容量省电防漏电警示安全,691819698413,691819698413,799,,正常,2026-05-05 10:04:14,无截图
拼多多,https://mobile.yangkeduo.com/goods.html?goods_id=691819698413,云米电热水器50/60升洗澡家用浴室速热大容量省电防漏电警示安全,691819698413,691819698413,899,,正常,2026-05-05 10:04:14,无截图
拼多多,https://mobile.yangkeduo.com/goods.html?goods_id=661859626284,小海豚-40L-2000w热水器,6923185681281,661859626284,599,,正常,2026-05-05 10:04:14,无截图
拼多多,https://mobile.yangkeduo.com/goods.html?goods_id=661859626284,小海豚-40L-2000w热水器,6923185681281,661859626284,599,,正常,2026-05-05 10:04:14,无截图
拼多多,https://mobile.yangkeduo.com/goods.html?goods_id=657344402006,云米油烟机蓝调,6923185650973,657344402006,1199,,正常,2026-05-05 10:04:14,无截图
拼多多,https://mobile.yangkeduo.com/goods.html?goods_id=635152751061,【全域烘干】云米全自动升降式智能室内嵌入式折叠晾衣机Super2Y,635152751061,635152751061,1699,,正常,2026-05-05 10:04:14,无截图
拼多多,https://mobile.yangkeduo.com/goods.html?goods_id=620077061933,云米嵌入式冰洗套装500升超薄十字四门冰箱&12KG大容量洗烘一体,620077061933,620077061933,6499,,正常,2026-05-05 10:04:14,无截图
拼多多,https://mobile.yangkeduo.com/goods.html?goods_id=620029199628,云米冰洗套装510升嵌入式风冷冰箱&12公斤大容量洗烘一体洗衣机,620029199628,620029199628,5899,,正常,2026-05-05 10:04:14,无截图
拼多多,https://mobile.yangkeduo.com/goods.html?goods_id=618360171773,云米超薄烟灶热套装飓风吸力抽油烟机5.2KW聚能灶超薄双胆热水器,618360171773,618360171773,4999,,正常,2026-05-05 10:04:14,无截图
拼多多,https://mobile.yangkeduo.com/goods.html?goods_id=618360171773,云米超薄烟灶热套装飓风吸力抽油烟机5.2KW聚能灶超薄双胆热水器,618360171773,618360171773,5999,,正常,2026-05-05 10:04:14,无截图
拼多多,https://mobile.yangkeduo.com/goods.html?goods_id=615426357041,云米空调1.5匹一级能效变频冷暖两用节能家用挂机 AI全域风Super3,615426357041,615426357041,3099,,正常,2026-05-05 10:04:14,无截图
拼多多,https://mobile.yangkeduo.com/goods.html?goods_id=614821960857,云米大容量冰洗套装603升独立制冰冰箱&10KG全自动洗烘一体洗衣机,614821960857,614821960857,4468,,大促搜索池,2026-05-05 10:04:14,无截图
拼多多,https://mobile.yangkeduo.com/goods.html?goods_id=614813745328,云米超薄嵌入式冰洗套餐500升风冷无霜冰箱&10公斤洗烘一体洗衣机,614813745328,614813745328,5566,,大促搜索池,2026-05-05 10:04:14,无截图
拼多多,https://mobile.yangkeduo.com/goods.html?goods_id=604410073495,VIOMI云米冷热管线机饮水机壁挂式双出水台式管线机UV杀菌,604410073495,604410073495,2499,,正常,2026-05-05 10:04:14,无截图
拼多多,https://mobile.yangkeduo.com/goods.html?goods_id=602716906408,【升级】云米空调1.5匹智能变频冷暖新一级舒适风空调挂机 Smart3,602716906408,602716906408,2199,,正常,2026-05-05 10:04:14,无截图
拼多多,https://mobile.yangkeduo.com/goods.html?goods_id=600491440603,【新品】云米空调1.5匹智能变频冷暖新三级舒适风空调挂机 Smart3,600491440603,600491440603,2099,,正常,2026-05-05 10:04:14,无截图
拼多多,https://mobile.yangkeduo.com/goods.html?goods_id=600131174099,【美妆超薄零嵌】云米510升嵌入式双开门一级风冷无霜银离子冰箱,600131174099,600131174099,2798,,大促搜索池,2026-05-05 10:04:14,无截图
拼多多,https://mobile.yangkeduo.com/goods.html?goods_id=583103526676,【新品上市】云米嵌入式母婴冰箱十字四开门家用变频风冷无霜513L,583103526676,583103526676,4499,,正常,2026-05-05 10:04:14,无截图
拼多多,https://mobile.yangkeduo.com/goods.html?goods_id=573873753845,云米前置过滤器Super智能自动冲洗全屋前置净水器家用自来水冲洗,573873753845,573873753845,599,,正常,2026-05-05 10:04:14,无截图
拼多多,https://mobile.yangkeduo.com/goods.html?goods_id=551388417367,【田曦薇推荐】云米扫地机器人扫拖一体语音全自动智能吸尘器Pro,551388417367,551388417367,999,,正常,2026-05-05 10:04:14,无截图
拼多多,https://mobile.yangkeduo.com/goods.html?goods_id=540840221349,云米净水器家用厨下式直饮水过滤器RO反渗透无陈水母婴直饮1200G,540840221349,540840221349,2599,,正常,2026-05-05 10:04:14,无截图
拼多多,https://mobile.yangkeduo.com/goods.html?goods_id=539854309519,云米12KG滚筒洗衣机家用全自动大容量洗烘一体机防抖动超薄全嵌,539854309519,539854309519,3699,,正常,2026-05-05 10:04:14,无截图
拼多多,https://mobile.yangkeduo.com/goods.html?goods_id=539850688350,【美妆超薄零嵌】云米冰箱609mm嵌入式风冷无霜AI双变频一级510升,539850688350,539850688350,3499,,正常,2026-05-05 10:04:14,无截图
拼多多,https://mobile.yangkeduo.com/goods.html?goods_id=535675329481,云米石墨烯踢脚线电暖器加湿家用速热取暖器节能室内暖风机电暖气,535675329481,535675329481,499,,正常,2026-05-05 10:04:14,无截图
拼多多,https://mobile.yangkeduo.com/goods.html?goods_id=534931901352,云米净水器家用直饮ro反渗透SuperY 1200G管线机前置过滤器套装,534931901352,534931901352,3799,,正常,2026-05-05 10:04:14,无截图
拼多多,https://mobile.yangkeduo.com/goods.html?goods_id=525667451666,【大屏冰箱】云米超薄全嵌入式T型冰箱三门一级变频风冷无霜412升,525667451666,525667451666,5999,,正常,2026-05-05 10:04:14,无截图
拼多多,https://mobile.yangkeduo.com/goods.html?goods_id=521949122103,云米一体智能马桶座圈加热一键清洗虹吸离座自动冲水小金龙增压版,521949122103,521949122103,2999,,正常,2026-05-05 10:04:14,无截图
拼多多,https://mobile.yangkeduo.com/goods.html?goods_id=521949122103,云米一体智能马桶座圈加热一键清洗虹吸离座自动冲水小金龙增压版,521949122103,521949122103,2999,,正常,2026-05-05 10:04:14,无截图
拼多多,https://mobile.yangkeduo.com/goods.html?goods_id=516748248645,云米电热水器8L小厨宝家用厨房速热储水式节能厨房神器VEW0831,516748248645,516748248645,499,,正常,2026-05-05 10:04:14,无截图
拼多多,https://mobile.yangkeduo.com/goods.html?goods_id=515237643272,云米电热水器AI美肤洗 780mm超薄 1级能效双胆三管速热 Super2Pro,515237643272,515237643272,1699,,正常,2026-05-05 10:04:14,无截图
拼多多,https://mobile.yangkeduo.com/goods.html?goods_id=495274606168,【田曦薇推荐】云米智能洗地机超薄双贴边大吸力超长续航 Smart2,495274606168,495274606168,1799,,正常,2026-05-05 10:04:14,无截图
拼多多,https://mobile.yangkeduo.com/goods.html?goods_id=490426355421,500L十字门冰箱,6923185651123,490426355421,3199,,大促搜索池,2026-05-05 10:04:14,无截图
拼多多,https://mobile.yangkeduo.com/goods.html?goods_id=490150938954,【安享王空调3匹】云米柜机变频冷暖家用商用智能自清洁节能三级,490150938954,490150938954,4999,,正常,2026-05-05 10:04:14,无截图
拼多多,https://mobile.yangkeduo.com/goods.html?goods_id=490111298360,云米家用空调1.5匹变频冷暖自清洁手机联网AI静音节能挂机新三级,490111298360,490111298360,2199,,正常,2026-05-05 10:04:14,无截图
拼多多,https://mobile.yangkeduo.com/goods.html?goods_id=490081202590,云米即热恒温4档烘干 9重安全防护 智能低压系统 Nano2E,490081202590,490081202590,1999,,正常,2026-05-05 10:04:14,无截图
拼多多,https://mobile.yangkeduo.com/goods.html?goods_id=490081202590,云米即热恒温4档烘干 9重安全防护 智能低压系统 Nano2E,490081202590,490081202590,1999,,正常,2026-05-05 10:04:14,无截图
拼多多,https://mobile.yangkeduo.com/goods.html?goods_id=484037745334,云米AI燃气灶power 5.0（天然气）,6923185654377,484037745334,1099,,正常,2026-05-05 10:04:14,无截图
拼多多,https://mobile.yangkeduo.com/goods.html?goods_id=480070620581,【冷热直饮套装】云米净水器家用厨下管线机套装一键即热制冷直饮,480070620581,480070620581,2399,,正常,2026-05-05 10:04:14,无截图
拼多多,https://mobile.yangkeduo.com/goods.html?goods_id=480070620581,【冷热直饮套装】云米净水器家用厨下管线机套装一键即热制冷直饮,480070620581,480070620581,2599,,正常,2026-05-05 10:04:14,无截图
拼多多,https://mobile.yangkeduo.com/goods.html?goods_id=472256690941,云米智能马桶即热活水清洗家用卫生间恒温烘干抗菌低压系统Nano2E,472256690941,472256690941,2499,,正常,2026-05-05 10:04:14,无截图
拼多多,https://mobile.yangkeduo.com/goods.html?goods_id=472256690941,云米智能马桶即热活水清洗家用卫生间恒温烘干抗菌低压系统Nano2E,472256690941,472256690941,2499,,正常,2026-05-05 10:04:14,无截图
拼多多,https://mobile.yangkeduo.com/goods.html?goods_id=466437108089,云米TDS水质检测笔测水质仪饮用水检测器家用自来水水质测试仪器,466437108089,466437108089,99,,正常,2026-05-05 10:04:14,无截图
拼多多,https://mobile.yangkeduo.com/goods.html?goods_id=463332030781,【吸扫拖3合1】云米全自动集尘扫地吸尘机器人alpha2pro清洁一体,463332030781,463332030781,1799,,正常,2026-05-05 10:04:14,无截图
拼多多,https://mobile.yangkeduo.com/goods.html?goods_id=452924828720,云米净饮一体机台式净水器即热型饮水机家用免安装X2minimango,452924828720,452924828720,899,,正常,2026-05-05 10:04:14,无截图
拼多多,https://mobile.yangkeduo.com/goods.html?goods_id=431395946988,云米侧吸烟灶套装大吸力抽油烟机5.0KW燃气灶厨房家用智能wingS1,431395946988,431395946988,1399,,正常,2026-05-05 10:04:14,无截图
拼多多,https://mobile.yangkeduo.com/goods.html?goods_id=427349642190,（有）云米净饮一体机台式净水器即热型饮水机净水器水过滤机,427349642190,427349642190,1089,,正常,2026-05-05 10:04:14,无截图
拼多多,https://mobile.yangkeduo.com/goods.html?goods_id=423988590355,云米净水器super Y 1200G滤芯复合滤芯RO滤芯,423988590355,423988590355,100,,正常,2026-05-05 10:04:14,无截图
拼多多,https://mobile.yangkeduo.com/goods.html?goods_id=423724952357,云米燃气热水器即热零冷水双增压 3重防冻 4段燃烧 5重净化 Super,423724952357,423724952357,1999,,正常,2026-05-05 10:04:14,无截图
拼多多,https://mobile.yangkeduo.com/goods.html?goods_id=414747194884,云米净饮一体机台式净水器即热型饮水机家用免安装X2加一支滤芯套,414747194884,414747194884,1199,,正常,2026-05-05 10:04:14,无截图
拼多多,https://mobile.yangkeduo.com/goods.html?goods_id=414747194884,云米净饮一体机台式净水器即热型饮水机家用免安装X2加一支滤芯套,414747194884,414747194884,1399,,正常,2026-05-05 10:04:14,无截图
拼多多,https://mobile.yangkeduo.com/goods.html?goods_id=414747194884,云米净饮一体机台式净水器即热型饮水机家用免安装X2加一支滤芯套,414747194884,414747194884,1399,,正常,2026-05-05 10:04:14,无截图
拼多多,https://mobile.yangkeduo.com/goods.html?goods_id=413986425773,蓝调智能门锁（人脸猫眼版）,6923185654650,413986425773,999,,正常,2026-05-05 10:04:14,无截图
拼多多,https://mobile.yangkeduo.com/goods.html?goods_id=408451368894,云米智能全自动一体马桶恒温座圈臀部清洗虹吸自动冲水家用小金龙,408451368894,408451368894,2399,,正常,2026-05-05 10:04:14,无截图
拼多多,https://mobile.yangkeduo.com/goods.html?goods_id=407741710364,云米25m³顶侧爆吸大吸力智目吸烟机 5.2KW聚能猛火灶烟灶套装家用,407741710364,407741710364,3699,,正常,2026-05-05 10:04:14,无截图
拼多多,https://mobile.yangkeduo.com/goods.html?goods_id=407741710364,云米25m³顶侧爆吸大吸力智目吸烟机 5.2KW聚能猛火灶烟灶套装家用,407741710364,407741710364,3699,,正常,2026-05-05 10:04:14,无截图
拼多多,https://mobile.yangkeduo.com/goods.html?goods_id=407741710364,云米25m³顶侧爆吸大吸力智目吸烟机 5.2KW聚能猛火灶烟灶套装家用,407741710364,407741710364,3999,,正常,2026-05-05 10:04:14,无截图
拼多多,https://mobile.yangkeduo.com/goods.html?goods_id=407741710364,云米25m³顶侧爆吸大吸力智目吸烟机 5.2KW聚能猛火灶烟灶套装家用,407741710364,407741710364,3999,,正常,2026-05-05 10:04:14,无截图
拼多多,https://mobile.yangkeduo.com/goods.html?goods_id=405167616548,云米净水器家用直饮厨下式RO反渗透超滤净水机无桶小白龙800G,405167616548,405167616548,1599,,正常,2026-05-05 10:04:14,无截图
拼多多,https://mobile.yangkeduo.com/goods.html?goods_id=405069782417,【升级小海豚】云米净水器800G通量&竹炭滤芯厨下式RO反渗透家用,405069782417,405069782417,1099,,正常,2026-05-05 10:04:14,无截图
拼多多,https://mobile.yangkeduo.com/goods.html?goods_id=405069782417,【升级小海豚】云米净水器800G通量&竹炭滤芯厨下式RO反渗透家用,405069782417,405069782417,1399,,正常,2026-05-05 10:04:14,无截图
拼多多,https://mobile.yangkeduo.com/goods.html?goods_id=405069782417,【升级小海豚】云米净水器800G通量&竹炭滤芯厨下式RO反渗透家用,405069782417,405069782417,1699,,正常,2026-05-05 10:04:14,无截图
拼多多,https://mobile.yangkeduo.com/goods.html?goods_id=405069782417,【升级小海豚】云米净水器800G通量&竹炭滤芯厨下式RO反渗透家用,405069782417,405069782417,1999,,正常,2026-05-05 10:04:14,无截图
拼多多,https://mobile.yangkeduo.com/goods.html?goods_id=405069782417,【升级小海豚】云米净水器800G通量&竹炭滤芯厨下式RO反渗透家用,405069782417,405069782417,1999,,正常,2026-05-05 10:04:14,无截图
拼多多,https://mobile.yangkeduo.com/goods.html?goods_id=405069782417,【升级小海豚】云米净水器800G通量&竹炭滤芯厨下式RO反渗透家用,405069782417,405069782417,1999,,正常,2026-05-05 10:04:14,无截图
拼多多,https://mobile.yangkeduo.com/goods.html?goods_id=405069782417,【升级小海豚】云米净水器800G通量&竹炭滤芯厨下式RO反渗透家用,405069782417,405069782417,2199,,正常,2026-05-05 10:04:14,无截图
拼多多,https://mobile.yangkeduo.com/goods.html?goods_id=403868159413,云米蒸烤一体机厨房家用嵌入式蒸烤箱45L大蒸汽电烤箱VSO4501-B,403868159413,403868159413,1999,,正常,2026-05-05 10:04:14,无截图
拼多多,https://mobile.yangkeduo.com/goods.html?goods_id=391465779831,云米热水器13L家用智能洗澡燃气热水器水气双调恒温液化气,391465779831,391465779831,999,,正常,2026-05-05 10:04:14,无截图
拼多多,https://mobile.yangkeduo.com/goods.html?goods_id=391465779831,云米热水器13L家用智能洗澡燃气热水器水气双调恒温液化气,391465779831,391465779831,1199,,正常,2026-05-05 10:04:14,无截图
拼多多,https://mobile.yangkeduo.com/goods.html?goods_id=383502560587,【田曦薇推荐】云米落地扇直流变频台立两用无极调速小爱语音联网,383502560587,383502560587,329,,正常,2026-05-05 10:04:14,无截图
拼多多,https://mobile.yangkeduo.com/goods.html?goods_id=383400493031,云米智能即热式家用饮水机1键即热电热水壶Tee mini 1.8L水吧,383400493031,383400493031,269,,正常,2026-05-05 10:04:14,无截图
拼多多,https://mobile.yangkeduo.com/goods.html?goods_id=382839923175,云米顶侧双吸烟灶套装22m³大吸力抽油烟机聚能猛火灶节能燃气家用,382839923175,382839923175,1899,,正常,2026-05-05 10:04:14,无截图
拼多多,https://mobile.yangkeduo.com/goods.html?goods_id=382839923175,云米顶侧双吸烟灶套装22m³大吸力抽油烟机聚能猛火灶节能燃气家用,382839923175,382839923175,1999,,正常,2026-05-05 10:04:14,无截图
拼多多,https://mobile.yangkeduo.com/goods.html?goods_id=382544460689,【杀毒王2匹】云米家用空调变频冷暖柜机立式客厅智能节能 新三级,382544460689,382544460689,3999,,正常,2026-05-05 10:04:14,无截图
拼多多,https://mobile.yangkeduo.com/goods.html?goods_id=376344667102,云米1.5匹家用新风语音空调变频冷暖新一级能效智能恒温免孔安装,376344667102,376344667102,3099,,正常,2026-05-05 10:04:14,无截图
拼多多,https://mobile.yangkeduo.com/goods.html?goods_id=375507459489,云米管线机家用直饮机壁挂式UV杀菌加热一体机厨房加热饮水机MG2B,375507459489,375507459489,899,,正常,2026-05-05 10:04:14,无截图
拼多多,https://mobile.yangkeduo.com/goods.html?goods_id=369184383310,【吸扫拖三合一】云米全自动扫地机器人鲸吸扫地拖地吸尘 Alpha3,369184383310,369184383310,3699,,正常,2026-05-05 10:04:14,无截图
拼多多,https://mobile.yangkeduo.com/goods.html?goods_id=366671128859,【干湿分储】云米冰箱超薄变频一级风冷无霜十字冰箱四开门 546升,366671128859,366671128859,3499,,正常,2026-05-05 10:04:14,无截图
拼多多,https://mobile.yangkeduo.com/goods.html?goods_id=365033069371,云米全自动智能门锁密码锁家用电子锁防盗指纹锁超长续航eLink 2C,365033069371,365033069371,899,,正常,2026-05-05 10:04:14,无截图
拼多多,https://mobile.yangkeduo.com/goods.html?goods_id=365007215970,云米Super Y1200G大通量厨下净水器RO反渗透管线机前置过滤器套装,365007215970,365007215970,3099,,正常,2026-05-05 10:04:14,无截图
拼多多,https://mobile.yangkeduo.com/goods.html?goods_id=365007215970,云米Super Y1200G大通量厨下净水器RO反渗透管线机前置过滤器套装,365007215970,365007215970,3999,,正常,2026-05-05 10:04:14,无截图
拼多多,https://mobile.yangkeduo.com/goods.html?goods_id=364990106384,"即热1000G,MAIN84",6923185651116,364990106384,1358,1899,破价警报 | 大促搜索池,2026-05-05 10:04:14,无截图
拼多多,https://mobile.yangkeduo.com/goods.html?goods_id=356164755389,【全屋净水三件套装】云米净水器管线机前置过滤器即热小海豚600G,356164755389,356164755389,2299,,正常,2026-05-05 10:04:14,无截图
拼多多,https://mobile.yangkeduo.com/goods.html?goods_id=356164755389,【全屋净水三件套装】云米净水器管线机前置过滤器即热小海豚600G,356164755389,356164755389,2599,,正常,2026-05-05 10:04:14,无截图
拼多多,https://mobile.yangkeduo.com/goods.html?goods_id=355550841910,【鲜活营养守护先锋奖】云米延鲜AI冰箱一级双变频风冷无霜636升,355550841910,355550841910,3499,,正常,2026-05-05 10:04:14,无截图
拼多多,https://mobile.yangkeduo.com/goods.html?goods_id=339737903336,【智能声控】云米家用晾衣架电动晾衣机阳台全自动升降Smart S,339737903336,339737903336,999,,正常,2026-05-05 10:04:14,无截图
拼多多,https://mobile.yangkeduo.com/goods.html?goods_id=338636261947,【1键智洗】云米洗衣机全自动8公斤波轮租房家用防缠绕洗脱一体,338636261947,338636261947,999,,正常,2026-05-05 10:04:14,无截图
拼多多,https://mobile.yangkeduo.com/goods.html?goods_id=325803370945,【杀菌】云米空调大3匹柜机一级家用变频冷暖客厅变频冷暖自清洁,325803370945,325803370945,5299,,正常,2026-05-05 10:04:14,无截图
拼多多,https://mobile.yangkeduo.com/goods.html?goods_id=325232192898,冰箱603,6923185650935,325232192898,2459,,限量折扣,2026-05-05 10:04:14,无截图
拼多多,https://mobile.yangkeduo.com/goods.html?goods_id=309984364103,云米智能烘干晾衣架语音声控离线全自动升降阳台LED照明Smart超薄,309984364103,309984364103,1299,,正常,2026-05-05 10:04:14,无截图
拼多多,https://mobile.yangkeduo.com/goods.html?goods_id=296957182528,复合滤芯,"6923185600138,6923185600145",296957182528,999,,正常,2026-05-05 10:04:14,无截图
拼多多,https://mobile.yangkeduo.com/goods.html?goods_id=293928589058,云米大吸力侧吸烟灶套装抽油烟机猛火燃气灶装嵌入式节能家用厨房,293928589058,293928589058,1399,,正常,2026-05-05 10:04:14,无截图
拼多多,https://mobile.yangkeduo.com/goods.html?goods_id=291146640482,云米净水器滤芯家用通用系列厨下1A1号2号滤芯RO反渗透滤芯复合,291146640482,291146640482,499,,正常,2026-05-05 10:04:14,无截图
拼多多,https://mobile.yangkeduo.com/goods.html?goods_id=291141614396,F3-五合一,6923185614258,291141614396,499,298,高价待调整,2026-05-05 10:04:14,无截图
拼多多,https://mobile.yangkeduo.com/goods.html?goods_id=291141614396,F3-五合一,6923185614258,291141614396,899,298,高价待调整,2026-05-05 10:04:14,无截图
拼多多,https://mobile.yangkeduo.com/goods.html?goods_id=291141614396,F3-五合一,6923185614258,291141614396,999,298,高价待调整,2026-05-05 10:04:14,无截图
拼多多,https://mobile.yangkeduo.com/goods.html?goods_id=290543633215,复合滤芯,"6923185614258,6923185616177",290543633215,199,,正常,2026-05-05 10:04:14,无截图
拼多多,https://mobile.yangkeduo.com/goods.html?goods_id=290543633215,复合滤芯,"6923185614258,6923185616177",290543633215,199,,正常,2026-05-05 10:04:14,无截图
拼多多,https://mobile.yangkeduo.com/goods.html?goods_id=289678345008,【内衣母婴专属】云米1KG迷你洗衣机家用全自动洗脱一体除菌波轮,289678345008,289678345008,1299,,正常,2026-05-05 10:04:14,无截图
拼多多,https://mobile.yangkeduo.com/goods.html?goods_id=289613839419,【智能双投放】云米洗衣机10公斤洗烘一体变频一级能效全自动滚筒,289613839419,289613839419,2399,,正常,2026-05-05 10:04:14,无截图
拼多多,https://mobile.yangkeduo.com/goods.html?goods_id=289608993802,【超薄洗衣机】云米洗衣机全自动10公斤滚筒47CM超薄洗脱一体,289608993802,289608993802,2499,,正常,2026-05-05 10:04:14,无截图
拼多多,https://mobile.yangkeduo.com/goods.html?goods_id=289729238975,【杀毒王3匹】云米家用空调变频冷暖柜机立式客厅智能节能新三级,289729238975,289729238975,3899,,正常,2026-05-05 10:04:14,无截图
拼多多,https://mobile.yangkeduo.com/goods.html?goods_id=289729238975,【杀毒王3匹】云米家用空调变频冷暖柜机立式客厅智能节能新三级,289729238975,289729238975,4899,,正常,2026-05-05 10:04:14,无截图
拼多多,https://mobile.yangkeduo.com/goods.html?goods_id=283191769057,云米互联网洗碗机4套台面式免安装智能语音控制高温消毒杀菌烘干,283191769057,283191769057,699,,正常,2026-05-05 10:04:14,无截图
拼多多,https://mobile.yangkeduo.com/goods.html?goods_id=276965357470,云米598升双开门对开门变频一级能效风冷无霜超薄嵌入式智能冰箱,276965357470,276965357470,2799,,正常,2026-05-05 10:04:14,无截图
拼多多,https://mobile.yangkeduo.com/goods.html?goods_id=276658474666,【全屋智能】云米净饮一体机X2Pro台式免安装净水器即热式饮水机,276658474666,276658474666,1099,,正常,2026-05-05 10:04:14,无截图
拼多多,https://mobile.yangkeduo.com/goods.html?goods_id=273348857003,云米蓝调智能门锁（基础版）,6923185655381,273348857003,999,,正常,2026-05-05 10:04:14,无截图
拼多多,https://mobile.yangkeduo.com/goods.html?goods_id=268591343924,云米顶侧大吸力抽油烟机聚能猛火灶智能家用厨房烟灶套装flash2,268591343924,268591343924,2899,,正常,2026-05-05 10:04:14,无截图
拼多多,https://mobile.yangkeduo.com/goods.html?goods_id=268591343924,云米顶侧大吸力抽油烟机聚能猛火灶智能家用厨房烟灶套装flash2,268591343924,268591343924,2899,,正常,2026-05-05 10:04:14,无截图
拼多多,https://mobile.yangkeduo.com/goods.html?goods_id=264080849667,霸王锁体,6923185622154,264080849667,150,150,正常,2026-05-05 10:04:14,无截图
拼多多,https://mobile.yangkeduo.com/goods.html?goods_id=259795065484,【杀毒王】云米空调1.5匹变频冷暖1级能效杀病毒循环除菌 Super2s,259795065484,259795065484,2499,,正常,2026-05-05 10:04:14,无截图
拼多多,https://mobile.yangkeduo.com/goods.html?goods_id=259115850200,蓝调智能门锁（3D人脸版）,6923185654643,259115850200,1099,,正常,2026-05-05 10:04:14,无截图
拼多多,https://mobile.yangkeduo.com/goods.html?goods_id=258855020077,云米456升超薄嵌入式对开门双开门变频风冷无霜智能家用电冰箱,258855020077,258855020077,1899,,正常,2026-05-05 10:04:14,无截图
拼多多,https://mobile.yangkeduo.com/goods.html?goods_id=258855020077,云米456升超薄嵌入式对开门双开门变频风冷无霜智能家用电冰箱,258855020077,258855020077,2299,,正常,2026-05-05 10:04:14,无截图
拼多多,https://mobile.yangkeduo.com/goods.html?goods_id=251420900843,【田曦薇推荐】云米负离子空气循环扇大学生宿舍家用直流变频风扇,251420900843,251420900843,529,,正常,2026-05-05 10:04:14,无截图
拼多多,https://mobile.yangkeduo.com/goods.html?goods_id=249751266813,【DD直驱超薄】云米洗衣机洗烘一体全自动一级能效智能滚筒10公斤,249751266813,249751266813,2999,,正常,2026-05-05 10:04:14,无截图
拼多多,https://mobile.yangkeduo.com/goods.html?goods_id=247862575297,【DD直驱智能双投放】云米洗衣机全自动10KG一级能效洗脱一体滚筒,247862575297,247862575297,2499,,正常,2026-05-05 10:04:14,无截图
拼多多,https://mobile.yangkeduo.com/goods.html?goods_id=247228990842,云米智能马桶抗菌座圈恒温即热双增压自动冲水烘干坐便器Nano2,247228990842,247228990842,2699,,正常,2026-05-05 10:04:14,无截图
拼多多,https://mobile.yangkeduo.com/goods.html?goods_id=246986456918,【小海豚1000G管线机套装】云米净水器家用厨下一键即热制冷直饮,246986456918,246986456918,2199,,正常,2026-05-05 10:04:14,无截图
拼多多,https://mobile.yangkeduo.com/goods.html?goods_id=246986456918,【小海豚1000G管线机套装】云米净水器家用厨下一键即热制冷直饮,246986456918,246986456918,2299,,正常,2026-05-05 10:04:14,无截图
拼多多,https://mobile.yangkeduo.com/goods.html?goods_id=246986456918,【小海豚1000G管线机套装】云米净水器家用厨下一键即热制冷直饮,246986456918,246986456918,2399,,正常,2026-05-05 10:04:14,无截图
拼多多,https://mobile.yangkeduo.com/goods.html?goods_id=246986456918,【小海豚1000G管线机套装】云米净水器家用厨下一键即热制冷直饮,246986456918,246986456918,2399,,正常,2026-05-05 10:04:14,无截图
拼多多,https://mobile.yangkeduo.com/goods.html?goods_id=246986456918,【小海豚1000G管线机套装】云米净水器家用厨下一键即热制冷直饮,246986456918,246986456918,2399,,正常,2026-05-05 10:04:14,无截图
拼多多,https://mobile.yangkeduo.com/goods.html?goods_id=246986456918,【小海豚1000G管线机套装】云米净水器家用厨下一键即热制冷直饮,246986456918,246986456918,2499,,正常,2026-05-05 10:04:14,无截图
拼多多,https://mobile.yangkeduo.com/goods.html?goods_id=246986456918,【小海豚1000G管线机套装】云米净水器家用厨下一键即热制冷直饮,246986456918,246986456918,2599,,正常,2026-05-05 10:04:14,无截图
拼多多,https://mobile.yangkeduo.com/goods.html?goods_id=246986456918,【小海豚1000G管线机套装】云米净水器家用厨下一键即热制冷直饮,246986456918,246986456918,2599,,正常,2026-05-05 10:04:14,无截图
拼多多,https://mobile.yangkeduo.com/goods.html?goods_id=245465996610,云米管线机壁挂台式两用冷热开水机家用调温即热饮水机带uv杀菌,245465996610,245465996610,1999,,正常,2026-05-05 10:04:14,无截图
拼多多,https://mobile.yangkeduo.com/goods.html?goods_id=245015637978,云米电热水器蓝调3200W安全速热卫生间洗澡8倍大水量抑菌水质可视,245015637978,245015637978,1099,,正常,2026-05-05 10:04:14,无截图
拼多多,https://mobile.yangkeduo.com/goods.html?goods_id=245015637978,云米电热水器蓝调3200W安全速热卫生间洗澡8倍大水量抑菌水质可视,245015637978,245015637978,1299,,正常,2026-05-05 10:04:14,无截图
拼多多,https://mobile.yangkeduo.com/goods.html?goods_id=245015637978,云米电热水器蓝调3200W安全速热卫生间洗澡8倍大水量抑菌水质可视,245015637978,245015637978,1299,,正常,2026-05-05 10:04:14,无截图
拼多多,https://mobile.yangkeduo.com/goods.html?goods_id=245015637978,云米电热水器蓝调3200W安全速热卫生间洗澡8倍大水量抑菌水质可视,245015637978,245015637978,1399,,正常,2026-05-05 10:04:14,无截图
拼多多,https://mobile.yangkeduo.com/goods.html?goods_id=245015637978,云米电热水器蓝调3200W安全速热卫生间洗澡8倍大水量抑菌水质可视,245015637978,245015637978,1499,,正常,2026-05-05 10:04:14,无截图
拼多多,https://mobile.yangkeduo.com/goods.html?goods_id=245008294548,云米大容量洗碗机10套家用嵌入式智目洗全自动热风烘干除菌消毒,245008294548,245008294548,2098,,正常,2026-05-05 10:04:14,无截图
拼多多,https://mobile.yangkeduo.com/goods.html?goods_id=243153009643,云米净饮机X2系列滤芯X2mini mango复合滤芯5in1/6in1 RO反渗透,243153009643,243153009643,288,,正常,2026-05-05 10:04:14,无截图
拼多多,https://mobile.yangkeduo.com/goods.html?goods_id=243153009643,云米净饮机X2系列滤芯X2mini mango复合滤芯5in1/6in1 RO反渗透,243153009643,243153009643,288,,正常,2026-05-05 10:04:14,无截图
拼多多,https://mobile.yangkeduo.com/goods.html?goods_id=243153009643,云米净饮机X2系列滤芯X2mini mango复合滤芯5in1/6in1 RO反渗透,243153009643,243153009643,319,,正常,2026-05-05 10:04:14,无截图
拼多多,https://mobile.yangkeduo.com/goods.html?goods_id=241667411785,云米即热式饮水机1键即热水吧3档控温4L大容量台式免安装,241667411785,241667411785,589,,正常,2026-05-05 10:04:14,无截图
拼多多,https://mobile.yangkeduo.com/goods.html?goods_id=237591380789,云米全自动智能马桶水箱泡沫盾抗菌即热恒温座圈离座冲水小鲸鱼2,237591380789,237591380789,1999,,正常,2026-05-05 10:04:14,无截图
拼多多,https://mobile.yangkeduo.com/goods.html?goods_id=237591380789,云米全自动智能马桶水箱泡沫盾抗菌即热恒温座圈离座冲水小鲸鱼2,237591380789,237591380789,1999,,正常,2026-05-05 10:04:14,无截图
拼多多,https://mobile.yangkeduo.com/goods.html?goods_id=237590247709,【1小时洗烘】云米全自动洗衣机1级能效10公斤洗烘一体烘干机滚筒,237590247709,237590247709,2399,,正常,2026-05-05 10:04:14,无截图
拼多多,https://mobile.yangkeduo.com/goods.html?goods_id=231833573024,小烤箱6L,6923185603221,231833573024,199,174,高价待调整,2026-05-05 10:04:14,无截图
拼多多,https://mobile.yangkeduo.com/goods.html?goods_id=228907185185,云米16L零冷水燃气热水器家用智能变频即热水气双调恒温安全防冻,228907185185,228907185185,1699,,正常,2026-05-05 10:04:14,无截图
拼多多,https://mobile.yangkeduo.com/goods.html?goods_id=227970049599,云米净水器水龙头过滤器自来水家用厨房超滤滤水器前置净化器,227970049599,227970049599,159,,正常,2026-05-05 10:04:14,无截图
拼多多,https://mobile.yangkeduo.com/goods.html?goods_id=226771358169,1云米净水器家用厨房农村水龙头过滤器自来水净化器MT1/2,226771358169,226771358169,128,,正常,2026-05-05 10:04:14,无截图
拼多多,https://mobile.yangkeduo.com/goods.html?goods_id=226771358169,1云米净水器家用厨房农村水龙头过滤器自来水净化器MT1/2,226771358169,226771358169,168,,正常,2026-05-05 10:04:14,无截图
拼多多,https://mobile.yangkeduo.com/goods.html?goods_id=223485946991,云米智能洗碗机10套热风烘干消毒嵌入式洗烘存一体家用IronA1,223485946991,223485946991,2299,,正常,2026-05-05 10:04:14,无截图
拼多多,https://mobile.yangkeduo.com/goods.html?goods_id=225501370546,小海豚3,6923185605867,225501370546,999,499,高价待调整,2026-05-05 10:04:14,无截图
拼多多,https://mobile.yangkeduo.com/goods.html?goods_id=225501370546,小海豚3,6923185605867,225501370546,1099,499,高价待调整,2026-05-05 10:04:14,无截图
拼多多,https://mobile.yangkeduo.com/goods.html?goods_id=225501370546,小海豚3,6923185605867,225501370546,1398,499,高价待调整,2026-05-05 10:04:14,无截图
拼多多,https://mobile.yangkeduo.com/goods.html?goods_id=224216987554,云米净水器滤芯S2、Fast厨下1A400G600G 1号复合滤芯RO反渗透滤芯,224216987554,224216987554,499,,正常,2026-05-05 10:04:14,无截图
拼多多,https://mobile.yangkeduo.com/goods.html?goods_id=224216987554,云米净水器滤芯S2、Fast厨下1A400G600G 1号复合滤芯RO反渗透滤芯,224216987554,224216987554,699,,正常,2026-05-05 10:04:14,无截图
拼多多,https://mobile.yangkeduo.com/goods.html?goods_id=224216987554,云米净水器滤芯S2、Fast厨下1A400G600G 1号复合滤芯RO反渗透滤芯,224216987554,224216987554,699,,正常,2026-05-05 10:04:14,无截图
拼多多,https://mobile.yangkeduo.com/goods.html?goods_id=223686266452,云米全自动滚筒洗衣机10KG洗烘一体除菌家用智能投放超薄嵌入M2,223686266452,223686266452,3299,,正常,2026-05-05 10:04:14,无截图
拼多多,https://mobile.yangkeduo.com/goods.html?goods_id=223486025603,云米互联网洗碗机全自动家用8套热风烘干消毒嵌入式Iron X1,223486025603,223486025603,1799,,正常,2026-05-05 10:04:14,无截图
拼多多,https://mobile.yangkeduo.com/goods.html?goods_id=222446512832,【冷酷王】云米大一匹单冷空调独立除湿秒速制冷家用卧室节能变频,222446512832,222446512832,1699,,正常,2026-05-05 10:04:14,无截图
拼多多,https://mobile.yangkeduo.com/goods.html?goods_id=221876010591,云米净水器家用直饮RO反渗透净饮一体净水机滤芯1200GSuper2max,221876010591,221876010591,4299,,正常,2026-05-05 10:04:14,无截图
拼多多,https://mobile.yangkeduo.com/goods.html?goods_id=221876010591,云米净水器家用直饮RO反渗透净饮一体净水机滤芯1200GSuper2max,221876010591,221876010591,4299,,正常,2026-05-05 10:04:14,无截图
拼多多,https://mobile.yangkeduo.com/goods.html?goods_id=221842463604,1小米云米净水器RO反渗透纯水机厨下家用直饮过滤器饮水机600加仑,221842463604,221842463604,1300,,正常,2026-05-05 10:04:14,无截图
拼多多,https://mobile.yangkeduo.com/goods.html?goods_id=221686401936,【空调套装】云米空调3室1厅组合 新1级能效3P柜机+新1级1.5P挂机,221686401936,221686401936,10999,,正常,2026-05-05 10:04:14,无截图
拼多多,https://mobile.yangkeduo.com/goods.html?goods_id=221565163539,【语音柔风王】云米空调柜机冷暖双变频一级能效客厅立式智能空调,221565163539,221565163539,6499,,正常,2026-05-05 10:04:14,无截图
拼多多,https://mobile.yangkeduo.com/goods.html?goods_id=220936223742,云米燃气热水器变频恒温8大安全防护 家用节能防冻速热FireC113L,220936223742,220936223742,1399,,正常,2026-05-05 10:04:14,无截图
拼多多,https://mobile.yangkeduo.com/goods.html?goods_id=220867531419,"(X2Pro链接,少量差评可做备选)云米净饮一体机X2mini Mango",220867531419,220867531419,1099,,正常,2026-05-05 10:04:14,无截图
拼多多,https://mobile.yangkeduo.com/goods.html?goods_id=220820325711,云米消毒柜（嵌入式）云米版,6923185604303,220820325711,1299,,正常,2026-05-05 10:04:14,无截图
拼多多,https://mobile.yangkeduo.com/goods.html?goods_id=219691919640,【阳光暖烘】云米智能晾衣架全自动升降联网烘干电动晾衣机阳台,219691919640,219691919640,1599,,正常,2026-05-05 10:04:14,无截图
拼多多,https://mobile.yangkeduo.com/goods.html?goods_id=219492848549,云米家用门锁智能锁指纹密码锁防盗门电子门锁全自动推拉门锁,219492848549,219492848549,1299,,正常,2026-05-05 10:04:14,无截图
拼多多,https://mobile.yangkeduo.com/goods.html?goods_id=219492848549,云米家用门锁智能锁指纹密码锁防盗门电子门锁全自动推拉门锁,219492848549,219492848549,1299,,正常,2026-05-05 10:04:14,无截图
拼多多,https://mobile.yangkeduo.com/goods.html?goods_id=219486126363,flash烟机,6923185613664,219486126363,1399,,正常,2026-05-05 10:04:14,无截图
拼多多,https://mobile.yangkeduo.com/goods.html?goods_id=217541928957,云米真空保温杯轻便携不锈钢大学生自习室茶杯300ml,217541928957,217541928957,89,,正常,2026-05-05 10:04:14,无截图
拼多多,https://mobile.yangkeduo.com/goods.html?goods_id=217105737391,云米智能马桶浴霸套装 即热全自动座便器  小爱语音浴霸 卫浴套装,217105737391,217105737391,3499,,正常,2026-05-05 10:04:14,无截图
拼多多,https://mobile.yangkeduo.com/goods.html?goods_id=217105737391,云米智能马桶浴霸套装 即热全自动座便器  小爱语音浴霸 卫浴套装,217105737391,217105737391,3499,,正常,2026-05-05 10:04:14,无截图
拼多多,https://mobile.yangkeduo.com/goods.html?goods_id=215991927819,【烟灶联动】云米顶侧3吸大吸力抽油烟机聚能燃气灶烟灶套装Super,215991927819,215991927819,2699,,正常,2026-05-05 10:04:14,无截图
拼多多,https://mobile.yangkeduo.com/goods.html?goods_id=215505605173,【上门安装】云米电热水器安全速热家用洗澡储水式省电VEW605A,215505605173,215505605173,599,,正常,2026-05-05 10:04:14,无截图
拼多多,https://mobile.yangkeduo.com/goods.html?goods_id=215505605173,【上门安装】云米电热水器安全速热家用洗澡储水式省电VEW605A,215505605173,215505605173,799,,正常,2026-05-05 10:04:14,无截图
拼多多,https://mobile.yangkeduo.com/goods.html?goods_id=215505605173,【上门安装】云米电热水器安全速热家用洗澡储水式省电VEW605A,215505605173,215505605173,899,,正常,2026-05-05 10:04:14,无截图
拼多多,https://mobile.yangkeduo.com/goods.html?goods_id=215498018054,【空调套装】云米空调1室1厅组合 新1级能效2P柜机+新1级1.5P挂机,215498018054,215498018054,6199,,正常,2026-05-05 10:04:14,无截图
拼多多,https://mobile.yangkeduo.com/goods.html?goods_id=214448170082,云米即热水吧办公室台式免安装宿舍小型饮水机2.5L大容量烧热水壶,214448170082,214448170082,299,,正常,2026-05-05 10:04:14,无截图
拼多多,https://mobile.yangkeduo.com/goods.html?goods_id=214448170082,云米即热水吧办公室台式免安装宿舍小型饮水机2.5L大容量烧热水壶,214448170082,214448170082,299,,正常,2026-05-05 10:04:14,无截图
拼多多,https://mobile.yangkeduo.com/goods.html?goods_id=213946234221,云米无线手持吸尘器家用立式除螨大吸力吸尘机A9长续航宠物家庭,213946234221,213946234221,899,,正常,2026-05-05 10:04:14,无截图
拼多多,https://mobile.yangkeduo.com/goods.html?goods_id=212124982919,云米踢脚线电暖器家用客厅节能速热加湿取暖器语音控制智能定时,212124982919,212124982919,699,,正常,2026-05-05 10:04:14,无截图
拼多多,https://mobile.yangkeduo.com/goods.html?goods_id=212124982919,云米踢脚线电暖器家用客厅节能速热加湿取暖器语音控制智能定时,212124982919,212124982919,799,,正常,2026-05-05 10:04:14,无截图
拼多多,https://mobile.yangkeduo.com/goods.html?goods_id=211439538390,云米即热饮水机1键即热水吧4档控温4L大容量台式免安装,211439538390,211439538390,429,,正常,2026-05-05 10:04:14,无截图
拼多多,https://mobile.yangkeduo.com/goods.html?goods_id=209415771537,【声控晾衣架】云米智能电动晾衣架无线遥控大容量自动升降控制,209415771537,209415771537,899,,正常,2026-05-05 10:04:14,无截图
拼多多,https://mobile.yangkeduo.com/goods.html?goods_id=209415771537,【声控晾衣架】云米智能电动晾衣架无线遥控大容量自动升降控制,209415771537,209415771537,1149,,正常,2026-05-05 10:04:14,无截图
拼多多,https://mobile.yangkeduo.com/goods.html?goods_id=209406625494,蓝调智能门锁（大屏猫眼版）,6923185654667,209406625494,999,,正常,2026-05-05 10:04:14,无截图
拼多多,https://mobile.yangkeduo.com/goods.html?goods_id=208077402678,【柔风王】云米空调1.5匹新1级能效变频冷暖超大导板挂机 Smart2S,208077402678,208077402678,2399,,正常,2026-05-05 10:04:14,无截图
拼多多,https://mobile.yangkeduo.com/goods.html?goods_id=208074025148,云米净水器600G小海豚厨下式RO反渗透直饮过滤器净饮机家用出租屋,208074025148,208074025148,1299,,正常,2026-05-05 10:04:14,无截图
拼多多,https://mobile.yangkeduo.com/goods.html?goods_id=208071231700,云米60L速热电热水器3000W一级节能变频增容租房安全已接入米家AP,208071231700,208071231700,749,,正常,2026-05-05 10:04:14,无截图
拼多多,https://mobile.yangkeduo.com/goods.html?goods_id=208069905615,【杀病毒空调】云米大1匹空调变频冷暖自动调温一级能效 Super2s,208069905615,208069905615,2099,,正常,2026-05-05 10:04:14,无截图
拼多多,https://mobile.yangkeduo.com/goods.html?goods_id=207799885384,【超薄除螨】云米家用全自动洗烘一体10公斤洗衣机滚筒 Master S,207799885384,207799885384,2699,,正常,2026-05-05 10:04:14,无截图
拼多多,https://mobile.yangkeduo.com/goods.html?goods_id=207783866280,【超窄冰箱】云米冰箱风冷无霜AI双变频78CM超窄对开门电冰箱436L,207783866280,207783866280,2199,,正常,2026-05-05 10:04:14,无截图
拼多多,https://mobile.yangkeduo.com/goods.html?goods_id=207250698147,400加仑智能净水器 RO反渗透纯水机无桶 MR432-D,207250698147,207250698147,899,,正常,2026-05-05 10:04:14,无截图
拼多多,https://mobile.yangkeduo.com/goods.html?goods_id=205628593157,云米滚筒10kg大容量家用全自动洗烘一体洗衣机除菌节能智能互联,205628593157,205628593157,1899,,正常,2026-05-05 10:04:14,无截图
拼多多,https://mobile.yangkeduo.com/goods.html?goods_id=205463909525,【十字冰箱】云米十字四开门冰箱精细分储AI双变频风冷无霜410升,205463909525,205463909525,2699,,正常,2026-05-05 10:04:14,无截图
拼多多,https://mobile.yangkeduo.com/goods.html?goods_id=205442655354,【超薄冰箱】云米冰箱嵌入式双开门变频风冷无霜大容量对开456升,205442655354,205442655354,2699,,正常,2026-05-05 10:04:14,无截图
拼多多,https://mobile.yangkeduo.com/goods.html?goods_id=205451808289,小厨宝,6923185611233,205451808289,359,,正常,2026-05-05 10:04:14,无截图
拼多多,https://mobile.yangkeduo.com/goods.html?goods_id=205467667434,[新品上市]VIOMI 云米净水器600G小海豚3厨下式RO反渗透直饮家用,205467667434,205467667434,998,,正常,2026-05-05 10:04:14,无截图
拼多多,https://mobile.yangkeduo.com/goods.html?goods_id=205378217791,1级能效云米燃气灶 可联网 10重安保 厨房灶具 天然气猛火灶4500W,205378217791,205378217791,799,,正常,2026-05-05 10:04:14,无截图
拼多多,https://mobile.yangkeduo.com/goods.html?goods_id=205448553075,云米电热水器VEW605家用小型储水速热节能漏电保护60L,205448553075,205448553075,749,,正常,2026-05-05 10:04:14,无截图
拼多多,https://mobile.yangkeduo.com/goods.html?goods_id=205458105137,小海豚2 1000G,6923185654865,205458105137,839,899,破价警报 | 百亿补贴,2026-05-05 10:04:14,无截图
拼多多2,https://mobile.yangkeduo.com/goods.html?goods_id=942754114793,云米AI燃气热水器 智控恒温防冻节能安全水质净化精准控温13L强排,942754114793,942754114793,999,,正常,2026-05-05 10:05:12,无截图
拼多多2,https://mobile.yangkeduo.com/goods.html?goods_id=942740482351,云米AI燃气热水器 智控恒温防冻节能安全水质净化精准控温13L强排,942740482351,942740482351,999,,正常,2026-05-05 10:05:12,无截图
拼多多2,https://mobile.yangkeduo.com/goods.html?goods_id=942656610557,云米即热净水器厨房家用直饮RO反渗透加热净饮一体机1000G,942656610557,942656610557,2999,,正常,2026-05-05 10:05:12,无截图
拼多多2,https://mobile.yangkeduo.com/goods.html?goods_id=939930331098,VIOMI云米 滤芯 反渗透滤芯RO膜,939930331098,939930331098,598,,正常,2026-05-05 10:05:12,无截图
拼多多2,https://mobile.yangkeduo.com/goods.html?goods_id=939930331098,VIOMI云米 滤芯 反渗透滤芯RO膜,939930331098,939930331098,598,,正常,2026-05-05 10:05:12,无截图
拼多多2,https://mobile.yangkeduo.com/goods.html?goods_id=939930331098,VIOMI云米 滤芯 反渗透滤芯RO膜,939930331098,939930331098,598,,正常,2026-05-05 10:05:12,无截图
拼多多2,https://mobile.yangkeduo.com/goods.html?goods_id=939930331098,VIOMI云米 滤芯 反渗透滤芯RO膜,939930331098,939930331098,698,,正常,2026-05-05 10:05:12,无截图
拼多多2,https://mobile.yangkeduo.com/goods.html?goods_id=939930331098,VIOMI云米 滤芯 反渗透滤芯RO膜,939930331098,939930331098,798,,正常,2026-05-05 10:05:12,无截图
拼多多2,https://mobile.yangkeduo.com/goods.html?goods_id=939930331098,VIOMI云米 滤芯 反渗透滤芯RO膜,939930331098,939930331098,799,,正常,2026-05-05 10:05:12,无截图
拼多多2,https://mobile.yangkeduo.com/goods.html?goods_id=939930331098,VIOMI云米 滤芯 反渗透滤芯RO膜,939930331098,939930331098,898,,正常,2026-05-05 10:05:12,无截图
拼多多2,https://mobile.yangkeduo.com/goods.html?goods_id=939930331098,VIOMI云米 滤芯 反渗透滤芯RO膜,939930331098,939930331098,898,,正常,2026-05-05 10:05:12,无截图
拼多多2,https://mobile.yangkeduo.com/goods.html?goods_id=939930331098,VIOMI云米 滤芯 反渗透滤芯RO膜,939930331098,939930331098,898,,正常,2026-05-05 10:05:12,无截图
拼多多2,https://mobile.yangkeduo.com/goods.html?goods_id=939930331098,VIOMI云米 滤芯 反渗透滤芯RO膜,939930331098,939930331098,899,,正常,2026-05-05 10:05:12,无截图
拼多多2,https://mobile.yangkeduo.com/goods.html?goods_id=939928309801,VIOMI云米 滤芯 反渗透滤芯RO膜,939928309801,939928309801,598,,正常,2026-05-05 10:05:12,无截图
拼多多2,https://mobile.yangkeduo.com/goods.html?goods_id=939928309801,VIOMI云米 滤芯 反渗透滤芯RO膜,939928309801,939928309801,598,,正常,2026-05-05 10:05:12,无截图
拼多多2,https://mobile.yangkeduo.com/goods.html?goods_id=939928309801,VIOMI云米 滤芯 反渗透滤芯RO膜,939928309801,939928309801,598,,正常,2026-05-05 10:05:12,无截图
拼多多2,https://mobile.yangkeduo.com/goods.html?goods_id=939928309801,VIOMI云米 滤芯 反渗透滤芯RO膜,939928309801,939928309801,698,,正常,2026-05-05 10:05:12,无截图
拼多多2,https://mobile.yangkeduo.com/goods.html?goods_id=939928309801,VIOMI云米 滤芯 反渗透滤芯RO膜,939928309801,939928309801,798,,正常,2026-05-05 10:05:12,无截图
拼多多2,https://mobile.yangkeduo.com/goods.html?goods_id=939928309801,VIOMI云米 滤芯 反渗透滤芯RO膜,939928309801,939928309801,799,,正常,2026-05-05 10:05:12,无截图
拼多多2,https://mobile.yangkeduo.com/goods.html?goods_id=939928309801,VIOMI云米 滤芯 反渗透滤芯RO膜,939928309801,939928309801,898,,正常,2026-05-05 10:05:12,无截图
拼多多2,https://mobile.yangkeduo.com/goods.html?goods_id=939928309801,VIOMI云米 滤芯 反渗透滤芯RO膜,939928309801,939928309801,898,,正常,2026-05-05 10:05:12,无截图
拼多多2,https://mobile.yangkeduo.com/goods.html?goods_id=939928309801,VIOMI云米 滤芯 反渗透滤芯RO膜,939928309801,939928309801,898,,正常,2026-05-05 10:05:12,无截图
拼多多2,https://mobile.yangkeduo.com/goods.html?goods_id=939928309801,VIOMI云米 滤芯 反渗透滤芯RO膜,939928309801,939928309801,899,,正常,2026-05-05 10:05:12,无截图
拼多多2,https://mobile.yangkeduo.com/goods.html?goods_id=939760939921,云米净水器Super2Y1200G家用直饮厨下式RO反渗透鲜活泉无陈水,939760939921,939760939921,2299,,正常,2026-05-05 10:05:12,无截图
拼多多2,https://mobile.yangkeduo.com/goods.html?goods_id=932391238524,VIOMI 云米净水器小海豚3 厨下式RO反渗透直饮家用 无罐一体式,932391238524,932391238524,895.5,,正常,2026-05-05 10:05:12,无截图
拼多多2,https://mobile.yangkeduo.com/goods.html?goods_id=932391238524,VIOMI 云米净水器小海豚3 厨下式RO反渗透直饮家用 无罐一体式,932391238524,932391238524,895.5,,正常,2026-05-05 10:05:12,无截图
拼多多2,https://mobile.yangkeduo.com/goods.html?goods_id=926760918505,VIOMI云米净水器小海豚600G+升级版厨下式 RO 反渗透直饮家用,926760918505,926760918505,904,,正常,2026-05-05 10:05:12,无截图
拼多多2,https://mobile.yangkeduo.com/goods.html?goods_id=926574119933,昆仑4弱碱 1400G,6923185655718,926574119933,3999,3599,高价待调整,2026-05-05 10:05:12,无截图
拼多多2,https://mobile.yangkeduo.com/goods.html?goods_id=926440536018,云米小厨宝6L电热水器厨房卫生间出水恒温储水式小型速热神器加热,926440536018,926440536018,399,,正常,2026-05-05 10:05:12,无截图
拼多多2,https://mobile.yangkeduo.com/goods.html?goods_id=925977908012,云米昆仑3矿泉净水器2S Pro,6923185656593,925977908012,2998,2899,高价待调整,2026-05-05 10:05:12,无截图
拼多多2,https://mobile.yangkeduo.com/goods.html?goods_id=925958299439,云米(VIOMI) 家用昆仑4弱碱1200G 矿物质直饮反渗透厨下过滤器,925958299439,925958299439,3999,,正常,2026-05-05 10:05:12,无截图
拼多多2,https://mobile.yangkeduo.com/goods.html?goods_id=925904229459,VIOMI云米净水器600G小蓝调厨下式RO反渗透直饮家用6年长效,925904229459,925904229459,728,,百亿补贴,2026-05-05 10:05:12,无截图
拼多多2,https://mobile.yangkeduo.com/goods.html?goods_id=925874862450,小京龙Pro1100G,6923185655220,925874862450,799,1099,破价警报 | 百亿补贴,2026-05-05 10:05:12,无截图
拼多多2,https://mobile.yangkeduo.com/goods.html?goods_id=925737084752,门锁普通版E30,6923185656074,925737084752,799,,正常,2026-05-05 10:05:12,无截图
拼多多2,https://mobile.yangkeduo.com/goods.html?goods_id=916998985237,云米(VIOMI)净水机昆仑3 2E净矿1000G净水器 6年RO膜 接入米家,916998985237,916998985237,2599,,正常,2026-05-05 10:05:12,无截图
拼多多2,https://mobile.yangkeduo.com/goods.html?goods_id=925730122772,蓝调智能门锁（大屏猫眼版）,6923185654667,925730122772,999,,正常,2026-05-05 10:05:12,无截图
拼多多2,https://mobile.yangkeduo.com/goods.html?goods_id=925730329478,云米蓝调智能门锁（基础版）,6923185655381,925730329478,729,,正常,2026-05-05 10:05:12,无截图
拼多多2,https://mobile.yangkeduo.com/goods.html?goods_id=925731404024,门锁掌静脉,6923185655398,925731404024,1499,,正常,2026-05-05 10:05:12,无截图
拼多多2,https://mobile.yangkeduo.com/goods.html?goods_id=925231209174,蓝调智能门锁（人脸猫眼版）,6923185654650,925231209174,999,,正常,2026-05-05 10:05:12,无截图
拼多多2,https://mobile.yangkeduo.com/goods.html?goods_id=925230364669,蓝调智能门锁（3D人脸版）,6923185654643,925230364669,1099,,正常,2026-05-05 10:05:12,无截图
拼多多2,https://mobile.yangkeduo.com/goods.html?goods_id=920795499656,VIOMI云米小海豚3净水器5年长效RO反渗透厨下一体机水过滤大通量,920795499656,920795499656,1299,,正常,2026-05-05 10:05:12,无截图
拼多多2,https://mobile.yangkeduo.com/goods.html?goods_id=920088070226,云米新品鲲鹏PRO油烟机28m³大吸力易清洁挥手智控烟灶联动小噪音,920088070226,920088070226,2399,,正常,2026-05-05 10:05:12,无截图
拼多多2,https://mobile.yangkeduo.com/goods.html?goods_id=918828889854,VIOMI云米净水器600G小蓝调厨下式RO反渗透直饮家用6年长效,918828889854,918828889854,1299,,正常,2026-05-05 10:05:12,无截图
拼多多2,https://mobile.yangkeduo.com/goods.html?goods_id=917044137245,云米前置过滤器家用自来水前置净水器自动反冲洗全屋净水机大流量,917044137245,917044137245,498,,正常,2026-05-05 10:05:12,无截图
拼多多2,https://mobile.yangkeduo.com/goods.html?goods_id=917042534932,云米前置过滤器家用自来水前置净水器自动反冲洗全屋净水机大流量,917042534932,917042534932,498,,正常,2026-05-05 10:05:12,无截图
拼多多2,https://mobile.yangkeduo.com/goods.html?goods_id=917038452382,小海豚+管线机,"S2405281401001,S2407170910001",917038452382,1349,,限量折扣,2026-05-05 10:05:12,无截图
拼多多2,https://mobile.yangkeduo.com/goods.html?goods_id=917038452382,小海豚+管线机,"S2405281401001,S2407170910001",917038452382,1449,,限量折扣,2026-05-05 10:05:12,无截图
拼多多2,https://mobile.yangkeduo.com/goods.html?goods_id=917034829515,管线机2E,6923185650966,917034829515,869,1599,破价警报 | 百亿补贴,2026-05-05 10:05:12,无截图
拼多多2,https://mobile.yangkeduo.com/goods.html?goods_id=917032713009,管线机2S,6923185652526,917032713009,669,1699,破价警报 | 百亿补贴,2026-05-05 10:05:12,无截图
拼多多2,https://mobile.yangkeduo.com/goods.html?goods_id=917031150770,云米·泉先AI净水器蓝调600G+,6923185653592,917031150770,1299,999,高价待调整,2026-05-05 10:05:12,无截图
拼多多2,https://mobile.yangkeduo.com/goods.html?goods_id=917001945930,云米矿泉台式净饮机即热式饮水机直饮家用矿化加热一体机净水器,917001945930,917001945930,2199,,正常,2026-05-05 10:05:12,无截图
拼多多2,https://mobile.yangkeduo.com/goods.html?goods_id=916996455515,云米AI冷热管线机Super2 Pro,6923185655794,916996455515,1449,1999,破价警报 | 限量折扣,2026-05-05 10:05:12,无截图
拼多多2,https://mobile.yangkeduo.com/goods.html?goods_id=916452280972,900G,6923185654292,916452280972,888,1499,破价警报 | 限量折扣,2026-05-05 10:05:12,无截图
拼多多2,https://mobile.yangkeduo.com/goods.html?goods_id=916441693850,云米(VIOMI) 小海豚PRO 家用净水机 净水器 反渗透大通量 RO膜,916441693850,916441693850,899,,限量折扣,2026-05-05 10:05:12,无截图
拼多多2,https://mobile.yangkeduo.com/goods.html?goods_id=916398420768,复合滤芯,"6923185614258,6923185615750,6923185614265",916398420768,128.98,,限量折扣,2026-05-05 10:05:12,无截图
拼多多2,https://mobile.yangkeduo.com/goods.html?goods_id=916398420768,复合滤芯,"6923185614258,6923185615750,6923185614265",916398420768,128.98,,限量折扣,2026-05-05 10:05:12,无截图
拼多多2,https://mobile.yangkeduo.com/goods.html?goods_id=916398420768,复合滤芯,"6923185614258,6923185615750,6923185614265",916398420768,148.98,,限量折扣,2026-05-05 10:05:12,无截图
拼多多2,https://mobile.yangkeduo.com/goods.html?goods_id=916398420768,复合滤芯,"6923185614258,6923185615750,6923185614265",916398420768,128.98,,限量折扣,2026-05-05 10:05:12,无截图
拼多多2,https://mobile.yangkeduo.com/goods.html?goods_id=916398420768,复合滤芯,"6923185614258,6923185615750,6923185614265",916398420768,128.98,,限量折扣,2026-05-05 10:05:12,无截图
拼多多2,https://mobile.yangkeduo.com/goods.html?goods_id=916398420768,复合滤芯,"6923185614258,6923185615750,6923185614265",916398420768,128.98,,限量折扣,2026-05-05 10:05:12,无截图
拼多多2,https://mobile.yangkeduo.com/goods.html?goods_id=916398420768,复合滤芯,"6923185614258,6923185615750,6923185614265",916398420768,128.98,,限量折扣,2026-05-05 10:05:12,无截图
拼多多2,https://mobile.yangkeduo.com/goods.html?goods_id=916398420768,复合滤芯,"6923185614258,6923185615750,6923185614265",916398420768,128.98,,限量折扣,2026-05-05 10:05:12,无截图
拼多多2,https://mobile.yangkeduo.com/goods.html?goods_id=916398420768,复合滤芯,"6923185614258,6923185615750,6923185614265",916398420768,148.98,,限量折扣,2026-05-05 10:05:12,无截图
拼多多2,https://mobile.yangkeduo.com/goods.html?goods_id=916398420768,复合滤芯,"6923185614258,6923185615750,6923185614265",916398420768,178.98,,限量折扣,2026-05-05 10:05:12,无截图
拼多多2,https://mobile.yangkeduo.com/goods.html?goods_id=916398420768,复合滤芯,"6923185614258,6923185615750,6923185614265",916398420768,178.98,,限量折扣,2026-05-05 10:05:12,无截图
拼多多2,https://mobile.yangkeduo.com/goods.html?goods_id=916398420768,复合滤芯,"6923185614258,6923185615750,6923185614265",916398420768,128.98,,限量折扣,2026-05-05 10:05:12,无截图
拼多多2,https://mobile.yangkeduo.com/goods.html?goods_id=916398420768,复合滤芯,"6923185614258,6923185615750,6923185614265",916398420768,128.98,,限量折扣,2026-05-05 10:05:12,无截图
拼多多2,https://mobile.yangkeduo.com/goods.html?goods_id=916398420768,复合滤芯,"6923185614258,6923185615750,6923185614265",916398420768,128.98,,限量折扣,2026-05-05 10:05:12,无截图
拼多多2,https://mobile.yangkeduo.com/goods.html?goods_id=916398420768,复合滤芯,"6923185614258,6923185615750,6923185614265",916398420768,128.98,,限量折扣,2026-05-05 10:05:12,无截图
拼多多2,https://mobile.yangkeduo.com/goods.html?goods_id=916398420768,复合滤芯,"6923185614258,6923185615750,6923185614265",916398420768,258.98,,限量折扣,2026-05-05 10:05:12,无截图
拼多多2,https://mobile.yangkeduo.com/goods.html?goods_id=916398420768,复合滤芯,"6923185614258,6923185615750,6923185614265",916398420768,158.99,,限量折扣,2026-05-05 10:05:12,无截图
拼多多2,https://mobile.yangkeduo.com/goods.html?goods_id=916398420768,复合滤芯,"6923185614258,6923185615750,6923185614265",916398420768,148.98,,限量折扣,2026-05-05 10:05:12,无截图
拼多多2,https://mobile.yangkeduo.com/goods.html?goods_id=916398420768,复合滤芯,"6923185614258,6923185615750,6923185614265",916398420768,278.98,,限量折扣,2026-05-05 10:05:12,无截图
拼多多2,https://mobile.yangkeduo.com/goods.html?goods_id=916398420768,复合滤芯,"6923185614258,6923185615750,6923185614265",916398420768,278.98,,限量折扣,2026-05-05 10:05:12,无截图
拼多多2,https://mobile.yangkeduo.com/goods.html?goods_id=916398420768,复合滤芯,"6923185614258,6923185615750,6923185614265",916398420768,278.98,,限量折扣,2026-05-05 10:05:12,无截图
拼多多2,https://mobile.yangkeduo.com/goods.html?goods_id=916398420768,复合滤芯,"6923185614258,6923185615750,6923185614265",916398420768,278.98,,限量折扣,2026-05-05 10:05:12,无截图
拼多多2,https://mobile.yangkeduo.com/goods.html?goods_id=916398420768,复合滤芯,"6923185614258,6923185615750,6923185614265",916398420768,258.98,,限量折扣,2026-05-05 10:05:12,无截图
拼多多2,https://mobile.yangkeduo.com/goods.html?goods_id=915797572693,600G滤芯套餐,S2412282008001,915797572693,699,,百亿补贴,2026-05-05 10:05:12,无截图
拼多多2,https://mobile.yangkeduo.com/goods.html?goods_id=885690465484,小海豚600G+,6923185653684,885690465484,559,559,百亿补贴,2026-05-05 10:05:12,无截图
拼多多2,https://mobile.yangkeduo.com/goods.html?goods_id=882919216767,小白龙 800G+,6923185653974,882919216767,1199,1299,破价警报,2026-05-05 10:05:12,无截图
拼多多2,https://mobile.yangkeduo.com/goods.html?goods_id=879245702873,VIOMI云米小海豚3净水器5年长效RO反渗透厨下一体机水过滤大通量,879245702873,879245702873,1299,,正常,2026-05-05 10:05:12,无截图
拼多多2,https://mobile.yangkeduo.com/goods.html?goods_id=874350558652,VIOMI云米滤芯 小海豚3适用,874350558652,874350558652,129,,限量折扣,2026-05-05 10:05:12,无截图
拼多多2,https://mobile.yangkeduo.com/goods.html?goods_id=874350558652,VIOMI云米滤芯 小海豚3适用,874350558652,874350558652,299,,限量折扣,2026-05-05 10:05:12,无截图
拼多多2,https://mobile.yangkeduo.com/goods.html?goods_id=873053402073,VIOMI云米小海豚3净水器5年长效RO反渗透厨下一体机水过滤大通量,873053402073,873053402073,1199,,正常,2026-05-05 10:05:12,无截图
拼多多2,https://mobile.yangkeduo.com/goods.html?goods_id=530950162370,云米小海豚2 1000G净水器净水机管线机即热饮水机前置过滤器套装,530950162370,530950162370,2699,,正常,2026-05-05 10:05:12,无截图
拼多多2,https://mobile.yangkeduo.com/goods.html?goods_id=530950162370,云米小海豚2 1000G净水器净水机管线机即热饮水机前置过滤器套装,530950162370,530950162370,2999,,正常,2026-05-05 10:05:12,无截图
拼多多2,https://mobile.yangkeduo.com/goods.html?goods_id=500282125061,云米1.5匹变频冷暖Milano2ProAI语音UVC除菌新一级智能电器挂机,500282125061,500282125061,2799,,正常,2026-05-05 10:05:12,无截图
拼多多2,https://mobile.yangkeduo.com/goods.html?goods_id=497869228081,云米521升风冷无霜一级变频十字四开门对开门大容量智能电器冰箱,497869228081,497869228081,2799,,正常,2026-05-05 10:05:12,无截图
拼多多2,https://mobile.yangkeduo.com/goods.html?goods_id=491420502929,云米1.5匹AI智能电器变频空调冷暖两用新一级省电家用杀菌挂机,491420502929,491420502929,2599,,正常,2026-05-05 10:05:12,无截图
拼多多2,https://mobile.yangkeduo.com/goods.html?goods_id=489538266025,云米TDS水质检测笔测水质仪饮用水检测器家用自来水水质测试仪器,489538266025,489538266025,99,,正常,2026-05-05 10:05:12,无截图
拼多多2,https://mobile.yangkeduo.com/goods.html?goods_id=6120759451,云米VO1602电烤箱多功能烤箱家用烘焙小型蛋糕电烤鸡翅披萨16L,6120759451,6120759451,149,,正常,2026-05-05 10:05:12,无截图
京东,https://item.jd.com/10114364850989.html,小鲸鱼 马桶盖,6923185654537,10114364850989,Not Found,,抓取失败,2026-05-05 11:03:39,d:\WorkSpace\01_自动化开发\App1_Price_Monitor品牌价格\error_screenshots\fail_JD_10114364850989.png
京东,https://item.jd.com/10089198115504.html,免镁棒-60L-3000w热水器,6923185611899,10089198115504,Not Found,,抓取失败,2026-05-05 11:03:57,d:\WorkSpace\01_自动化开发\App1_Price_Monitor品牌价格\error_screenshots\fail_JD_10089198115504.png
京东,https://item.jd.com/10091941834784.html,云米消毒柜（嵌入式）云米版,6923185604303,10091941834784,899,,未知,2026-05-05 11:04:31,d:\WorkSpace\01_自动化开发\App1_Price_Monitor品牌价格\price_screenshots\2026-05-05_JD_6923185604303_10091941834784.jpg
京东,https://item.jd.com/10103268736846.html,云米消毒柜（嵌入式）云米版,6923185604303,10103268736846,899,,未知,2026-05-05 11:05:02,d:\WorkSpace\01_自动化开发\App1_Price_Monitor品牌价格\price_screenshots\2026-05-05_JD_6923185604303_10103268736846.jpg
京东,https://item.jd.com/10105870187513.html,云米·泉先AI净水器蓝调600G+,6923185653592,10105870187513,648,999,破价警报,2026-05-05 11:05:33,d:\WorkSpace\01_自动化开发\App1_Price_Monitor品牌价格\price_screenshots\2026-05-05_JD_6923185653592_10105870187513.jpg
京东,https://item.jd.com/100220432807.html,蓝调2Pro-JSQ30-VGW1641,6923185656869,100220432807,1293,,未知,2026-05-05 11:06:04,d:\WorkSpace\01_自动化开发\App1_Price_Monitor品牌价格\price_screenshots\2026-05-05_JD_6923185656869_100220432807.jpg
京东,https://item.jd.com/100020870125.html,云米空调1匹两用挂机iCool 2T,S1648526111232,100020870125,1349,1099,高价待调整,2026-05-05 11:06:36,d:\WorkSpace\01_自动化开发\App1_Price_Monitor品牌价格\price_screenshots\2026-05-05_JD_S1648526111232_100020870125.jpg
京东,https://item.jd.com/10192764613659.html,门锁掌静脉,6923185655398,10192764613659,967,,未知,2026-05-05 11:07:07,d:\WorkSpace\01_自动化开发\App1_Price_Monitor品牌价格\price_screenshots\2026-05-05_JD_6923185655398_10192764613659.jpg
京东,https://item.jd.com/10143719582452.html,云米·泉先 AI冷热管线机 Super 2E,6923185650966,10143719582452,989.1,1599,破价警报,2026-05-05 11:07:38,d:\WorkSpace\01_自动化开发\App1_Price_Monitor品牌价格\price_screenshots\2026-05-05_JD_6923185650966_10143719582452.jpg
拼多多,https://mobile.yangkeduo.com/goods.html?goods_id=912927521784,小京龙2Pro净矿,6923185656791,912927521784,1273,2499,破价警报 | 百亿补贴,2026-05-05 11:11:21,无截图
拼多多,https://mobile.yangkeduo.com/goods.html?goods_id=908884844099,管线机2S,6923185652526,908884844099,709,1699,破价警报 | 限时折扣,2026-05-05 11:11:21,无截图
拼多多,https://mobile.yangkeduo.com/goods.html?goods_id=908879495872,smart 前置过滤器 （VF4-A）,6923185621058,908879495872,498,499,正常,2026-05-05 11:11:21,无截图
拼多多,https://mobile.yangkeduo.com/goods.html?goods_id=907974025123,小海豚1000G,6923185654865,907974025123,899,899,限量折扣,2026-05-05 11:11:21,无截图
拼多多,https://mobile.yangkeduo.com/goods.html?goods_id=907033710117,云米昆仑3矿泉净水器2S Pro,6923185656593,907033710117,2998,2899,高价待调整,2026-05-05 11:11:21,无截图
拼多多,https://mobile.yangkeduo.com/goods.html?goods_id=873065157674,小海豚600G适用滤芯,6923185618379,873065157674,598,299,高价待调整,2026-05-05 11:11:21,无截图
拼多多,https://mobile.yangkeduo.com/goods.html?goods_id=873065157674,小海豚600G适用滤芯,6923185618379,873065157674,598,299,高价待调整,2026-05-05 11:11:21,无截图
拼多多,https://mobile.yangkeduo.com/goods.html?goods_id=873065157674,小海豚600G适用滤芯,6923185618379,873065157674,598,299,高价待调整,2026-05-05 11:11:21,无截图
拼多多,https://mobile.yangkeduo.com/goods.html?goods_id=873065157674,小海豚600G适用滤芯,6923185618379,873065157674,698,299,高价待调整,2026-05-05 11:11:21,无截图
拼多多,https://mobile.yangkeduo.com/goods.html?goods_id=873065157674,小海豚600G适用滤芯,6923185618379,873065157674,798,299,高价待调整,2026-05-05 11:11:21,无截图
拼多多,https://mobile.yangkeduo.com/goods.html?goods_id=873065157674,小海豚600G适用滤芯,6923185618379,873065157674,799,299,高价待调整,2026-05-05 11:11:21,无截图
拼多多,https://mobile.yangkeduo.com/goods.html?goods_id=873065157674,小海豚600G适用滤芯,6923185618379,873065157674,898,299,高价待调整,2026-05-05 11:11:21,无截图
拼多多,https://mobile.yangkeduo.com/goods.html?goods_id=873065157674,小海豚600G适用滤芯,6923185618379,873065157674,898,299,高价待调整,2026-05-05 11:11:21,无截图
拼多多,https://mobile.yangkeduo.com/goods.html?goods_id=873065157674,小海豚600G适用滤芯,6923185618379,873065157674,898,299,高价待调整,2026-05-05 11:11:21,无截图
拼多多,https://mobile.yangkeduo.com/goods.html?goods_id=873065157674,小海豚600G适用滤芯,6923185618379,873065157674,899,299,高价待调整,2026-05-05 11:11:21,无截图
拼多多,https://mobile.yangkeduo.com/goods.html?goods_id=872941778883,1000G复合滤芯,6923185653998,872941778883,288,298,破价警报,2026-05-05 11:11:21,无截图
拼多多,https://mobile.yangkeduo.com/goods.html?goods_id=872941778883,1000G复合滤芯,6923185653998,872941778883,288,298,破价警报,2026-05-05 11:11:21,无截图
拼多多,https://mobile.yangkeduo.com/goods.html?goods_id=872941778883,1000G复合滤芯,6923185653998,872941778883,288,298,破价警报,2026-05-05 11:11:21,无截图
拼多多,https://mobile.yangkeduo.com/goods.html?goods_id=872941778883,1000G复合滤芯,6923185653998,872941778883,288,298,破价警报,2026-05-05 11:11:21,无截图
拼多多,https://mobile.yangkeduo.com/goods.html?goods_id=872941778883,1000G复合滤芯,6923185653998,872941778883,288,298,破价警报,2026-05-05 11:11:21,无截图
拼多多,https://mobile.yangkeduo.com/goods.html?goods_id=872941778883,1000G复合滤芯,6923185653998,872941778883,288,298,破价警报,2026-05-05 11:11:21,无截图
拼多多,https://mobile.yangkeduo.com/goods.html?goods_id=872941778883,1000G复合滤芯,6923185653998,872941778883,288,298,破价警报,2026-05-05 11:11:21,无截图
拼多多,https://mobile.yangkeduo.com/goods.html?goods_id=872941778883,1000G复合滤芯,6923185653998,872941778883,288,298,破价警报,2026-05-05 11:11:21,无截图
拼多多,https://mobile.yangkeduo.com/goods.html?goods_id=872941778883,1000G复合滤芯,6923185653998,872941778883,288,298,破价警报,2026-05-05 11:11:21,无截图
拼多多,https://mobile.yangkeduo.com/goods.html?goods_id=872941778883,1000G复合滤芯,6923185653998,872941778883,289,298,破价警报,2026-05-05 11:11:21,无截图
拼多多,https://mobile.yangkeduo.com/goods.html?goods_id=872941778883,1000G复合滤芯,6923185653998,872941778883,289,298,破价警报,2026-05-05 11:11:21,无截图
拼多多,https://mobile.yangkeduo.com/goods.html?goods_id=872941778883,1000G复合滤芯,6923185653998,872941778883,289,298,破价警报,2026-05-05 11:11:21,无截图
拼多多,https://mobile.yangkeduo.com/goods.html?goods_id=872941778883,1000G复合滤芯,6923185653998,872941778883,289,298,破价警报,2026-05-05 11:11:21,无截图
拼多多,https://mobile.yangkeduo.com/goods.html?goods_id=872941778883,1000G复合滤芯,6923185653998,872941778883,289,298,破价警报,2026-05-05 11:11:21,无截图
拼多多,https://mobile.yangkeduo.com/goods.html?goods_id=872941778883,1000G复合滤芯,6923185653998,872941778883,289,298,破价警报,2026-05-05 11:11:21,无截图
拼多多,https://mobile.yangkeduo.com/goods.html?goods_id=872941778883,1000G复合滤芯,6923185653998,872941778883,289,298,破价警报,2026-05-05 11:11:21,无截图
拼多多,https://mobile.yangkeduo.com/goods.html?goods_id=872941778883,1000G复合滤芯,6923185653998,872941778883,299,298,高价待调整,2026-05-05 11:11:21,无截图
拼多多,https://mobile.yangkeduo.com/goods.html?goods_id=872941778883,1000G复合滤芯,6923185653998,872941778883,299,298,高价待调整,2026-05-05 11:11:21,无截图
拼多多,https://mobile.yangkeduo.com/goods.html?goods_id=872941778883,1000G复合滤芯,6923185653998,872941778883,398,298,高价待调整,2026-05-05 11:11:21,无截图
拼多多,https://mobile.yangkeduo.com/goods.html?goods_id=872941778883,1000G复合滤芯,6923185653998,872941778883,398,298,高价待调整,2026-05-05 11:11:21,无截图
拼多多,https://mobile.yangkeduo.com/goods.html?goods_id=872941778883,1000G复合滤芯,6923185653998,872941778883,398,298,高价待调整,2026-05-05 11:11:21,无截图
拼多多,https://mobile.yangkeduo.com/goods.html?goods_id=872941778883,1000G复合滤芯,6923185653998,872941778883,399,298,高价待调整,2026-05-05 11:11:21,无截图
拼多多,https://mobile.yangkeduo.com/goods.html?goods_id=872941778883,1000G复合滤芯,6923185653998,872941778883,399,298,高价待调整,2026-05-05 11:11:21,无截图
拼多多,https://mobile.yangkeduo.com/goods.html?goods_id=870799733097,油烟机 smart2,6923185653110,870799733097,1599,,正常,2026-05-05 11:11:21,无截图
拼多多,https://mobile.yangkeduo.com/goods.html?goods_id=868834124642,云米AI油烟机Super升级,6923185605829,868834124642,1699,,正常,2026-05-05 11:11:21,无截图
拼多多,https://mobile.yangkeduo.com/goods.html?goods_id=868851073714,小海豚3,6923185605867,868851073714,499,499,百亿补贴,2026-05-05 11:11:21,无截图
拼多多,https://mobile.yangkeduo.com/goods.html?goods_id=862873034610,小海豚3,6923185605867,862873034610,618,499,高价待调整 | 百亿补贴,2026-05-05 11:11:21,无截图
拼多多,https://mobile.yangkeduo.com/goods.html?goods_id=862873034610,小海豚3,6923185605867,862873034610,728,499,高价待调整 | 百亿补贴,2026-05-05 11:11:21,无截图
拼多多,https://mobile.yangkeduo.com/goods.html?goods_id=862584688956,门锁门禁卡,6923185654230,862584688956,25,19,高价待调整,2026-05-05 11:11:21,无截图
拼多多,https://mobile.yangkeduo.com/goods.html?goods_id=861508688697,管线机2E,6923185650966,861508688697,1998,1599,高价待调整,2026-05-05 11:11:21,无截图
拼多多,https://mobile.yangkeduo.com/goods.html?goods_id=852932116812,云米净水器600G小海豚升级版厨下式RO反渗透直饮家用,852932116812,852932116812,772,,百亿补贴,2026-05-05 11:11:21,无截图
拼多多,https://mobile.yangkeduo.com/goods.html?goods_id=852614628903,云米厨余垃圾处理器  PowerBox 尊享版,6923185610250,852614628903,889,,百亿补贴同价上首页,2026-05-05 11:11:21,无截图
拼多多,https://mobile.yangkeduo.com/goods.html?goods_id=852161740747,小海豚600G+,6923185653684,852161740747,899,559,高价待调整,2026-05-05 11:11:21,无截图
拼多多,https://mobile.yangkeduo.com/goods.html?goods_id=852010588191,蓝调2Pro-JSQ30-VGW1641,6923185656869,852010588191,1099,,正常,2026-05-05 11:11:21,无截图
拼多多,https://mobile.yangkeduo.com/goods.html?goods_id=850883552953,云米·泉先AI净水器蓝调600G+,6923185653592,850883552953,1299,999,高价待调整,2026-05-05 11:11:21,无截图
拼多多,https://mobile.yangkeduo.com/goods.html?goods_id=850344043841,云米AI净饮机Super 2,6923185615415,850344043841,1039,1699,破价警报 | 限时折扣,2026-05-05 11:11:21,无截图
拼多多,https://mobile.yangkeduo.com/goods.html?goods_id=849648457333,云米AI昆仑矿泉净水机 Super 2E 2500,6923185654254,849648457333,1519,2499,破价警报 | 限时折扣,2026-05-05 11:11:21,无截图
拼多多,https://mobile.yangkeduo.com/goods.html?goods_id=849000374681,云米AI净水器Super 2Y 1200G,6923185653981,849000374681,1149,1899,破价警报 | 限时折扣,2026-05-05 11:11:21,无截图
拼多多,https://mobile.yangkeduo.com/goods.html?goods_id=846212481564,云米蓝调2双胆电热水器60L超短超薄速热增容大水量3000W杀菌安全,846212481564,846212481564,1199,,正常,2026-05-05 11:11:21,无截图
拼多多,https://mobile.yangkeduo.com/goods.html?goods_id=837301408995,云米AI冷热管线机Super2 Pro,6923185655794,837301408995,1289,1999,破价警报 | 限时折扣,2026-05-05 11:11:21,无截图
拼多多,https://mobile.yangkeduo.com/goods.html?goods_id=832431516907,门锁普通版E30,6923185656074,832431516907,499,,限时折扣,2026-05-05 11:11:21,无截图
拼多多,https://mobile.yangkeduo.com/goods.html?goods_id=823432069145,手持吸尘器,6923185611844,823432069145,999,602,高价待调整,2026-05-05 11:11:21,无截图
拼多多,https://mobile.yangkeduo.com/goods.html?goods_id=819506595979,云米净水器  600G+ 新升级厨下式RO反渗透直饮家用,819506595979,819506595979,1099,,正常,2026-05-05 11:11:21,无截图
拼多多,https://mobile.yangkeduo.com/goods.html?goods_id=806062288852,云米无线手持吸尘器家用立式除螨大吸力吸尘机A9长续航宠物家庭,806062288852,806062288852,999,,正常,2026-05-05 11:11:21,无截图
拼多多,https://mobile.yangkeduo.com/goods.html?goods_id=795732084979,云米燃气热水器增压水伺服恒温省气抗风节能排气16L已接入米家APP,795732084979,795732084979,1599,,正常,2026-05-05 11:11:21,无截图
拼多多,https://mobile.yangkeduo.com/goods.html?goods_id=791982350266,云米3200W电热水器智能抑菌速热节能一级能效增容已接入米家app,791982350266,791982350266,799,,正常,2026-05-05 11:11:21,无截图
拼多多,https://mobile.yangkeduo.com/goods.html?goods_id=791982350266,云米3200W电热水器智能抑菌速热节能一级能效增容已接入米家app,791982350266,791982350266,899,,正常,2026-05-05 11:11:21,无截图
拼多多,https://mobile.yangkeduo.com/goods.html?goods_id=791968310970,云米智能电热水器3200W节能变频增容速热家用浴室洗澡抑菌50L/60L,791968310970,791968310970,759,,正常,2026-05-05 11:11:21,无截图
拼多多,https://mobile.yangkeduo.com/goods.html?goods_id=791968310970,云米智能电热水器3200W节能变频增容速热家用浴室洗澡抑菌50L/60L,791968310970,791968310970,859,,正常,2026-05-05 11:11:21,无截图
拼多多,https://mobile.yangkeduo.com/goods.html?goods_id=791519887797,云米超薄零嵌510L大容量冰箱美妆舱底部散热一级变频双开门风冷,791519887797,791519887797,2789,,百亿补贴同价上首页,2026-05-05 11:11:21,无截图
拼多多,https://mobile.yangkeduo.com/goods.html?goods_id=784230725200,云米鲲鹏PRO烟机28m³大吸力聚能猛火灶一级能效烟灶联动厨电套装,784230725200,784230725200,3099,,正常,2026-05-05 11:11:21,无截图
拼多多,https://mobile.yangkeduo.com/goods.html?goods_id=784230725200,云米鲲鹏PRO烟机28m³大吸力聚能猛火灶一级能效烟灶联动厨电套装,784230725200,784230725200,3099,,正常,2026-05-05 11:11:21,无截图
拼多多,https://mobile.yangkeduo.com/goods.html?goods_id=783305466570,云米智能烘干晾衣架语音声控离线全自动升降阳台LED照明Smart超薄,783305466570,783305466570,1299,,正常,2026-05-05 11:11:21,无截图
拼多多,https://mobile.yangkeduo.com/goods.html?goods_id=783304689053,【声控晾衣架】云米智能电动晾衣架无线遥控大容量自动升降控制,783304689053,783304689053,999,,正常,2026-05-05 11:11:21,无截图
拼多多,https://mobile.yangkeduo.com/goods.html?goods_id=774960777953,蓝调2燃气热水器13L,6923185655688,774960777953,679,,限时折扣,2026-05-05 11:11:21,无截图
拼多多,https://mobile.yangkeduo.com/goods.html?goods_id=767193647325,门锁掌静脉,6923185655398,767193647325,1104,,大促搜索池,2026-05-05 11:11:21,无截图
拼多多,https://mobile.yangkeduo.com/goods.html?goods_id=765112154467,小鲸鱼 马桶盖,6923185654537,765112154467,1199,,正常,2026-05-05 11:11:21,无截图
拼多多,https://mobile.yangkeduo.com/goods.html?goods_id=763759392708,云米AI油烟机 鲲鹏Pro,6923185605379,763759392708,2499,,正常,2026-05-05 11:11:21,无截图
拼多多,https://mobile.yangkeduo.com/goods.html?goods_id=761822913595,云米智能马桶 小鲸鱼 2 Pro,6923185654575,761822913595,3229,,限时折扣,2026-05-05 11:11:21,无截图
拼多多,https://mobile.yangkeduo.com/goods.html?goods_id=761822913595,云米智能马桶 小鲸鱼 2 Pro,6923185654575,761822913595,3229,,限时折扣,2026-05-05 11:11:21,无截图
拼多多,https://mobile.yangkeduo.com/goods.html?goods_id=743885774552,云米蓝调智能门锁（基础版）,6923185655381,743885774552,499,,限时折扣,2026-05-05 11:11:21,无截图
拼多多,https://mobile.yangkeduo.com/goods.html?goods_id=739863611562,云米AI油烟机 Smart 2 Pro,6923185653516,739863611562,1499,,正常,2026-05-05 11:11:21,无截图
拼多多,https://mobile.yangkeduo.com/goods.html?goods_id=705715580268,智能门锁锂电池(5000mAh),6923185652953,705715580268,114,99,高价待调整,2026-05-05 11:11:21,无截图
拼多多,https://mobile.yangkeduo.com/goods.html?goods_id=697436012016,【新品】云米120°超广角猫眼全自动智能门锁家用客厅室内高清大屏,697436012016,697436012016,999,,正常,2026-05-05 11:11:21,无截图
拼多多,https://mobile.yangkeduo.com/goods.html?goods_id=691819698413,云米电热水器50/60升洗澡家用浴室速热大容量省电防漏电警示安全,691819698413,691819698413,799,,正常,2026-05-05 11:11:21,无截图
拼多多,https://mobile.yangkeduo.com/goods.html?goods_id=691819698413,云米电热水器50/60升洗澡家用浴室速热大容量省电防漏电警示安全,691819698413,691819698413,899,,正常,2026-05-05 11:11:21,无截图
拼多多,https://mobile.yangkeduo.com/goods.html?goods_id=661859626284,小海豚-40L-2000w热水器,6923185681281,661859626284,599,,正常,2026-05-05 11:11:21,无截图
拼多多,https://mobile.yangkeduo.com/goods.html?goods_id=661859626284,小海豚-40L-2000w热水器,6923185681281,661859626284,599,,正常,2026-05-05 11:11:21,无截图
拼多多,https://mobile.yangkeduo.com/goods.html?goods_id=657344402006,云米油烟机蓝调,6923185650973,657344402006,859,,限时折扣,2026-05-05 11:11:21,无截图
拼多多,https://mobile.yangkeduo.com/goods.html?goods_id=635152751061,【全域烘干】云米全自动升降式智能室内嵌入式折叠晾衣机Super2Y,635152751061,635152751061,1699,,正常,2026-05-05 11:11:21,无截图
拼多多,https://mobile.yangkeduo.com/goods.html?goods_id=620077061933,云米嵌入式冰洗套装500升超薄十字四门冰箱&12KG大容量洗烘一体,620077061933,620077061933,6499,,正常,2026-05-05 11:11:21,无截图
拼多多,https://mobile.yangkeduo.com/goods.html?goods_id=620029199628,云米冰洗套装510升嵌入式风冷冰箱&12公斤大容量洗烘一体洗衣机,620029199628,620029199628,5899,,正常,2026-05-05 11:11:21,无截图
拼多多,https://mobile.yangkeduo.com/goods.html?goods_id=618360171773,云米超薄烟灶热套装飓风吸力抽油烟机5.2KW聚能灶超薄双胆热水器,618360171773,618360171773,4999,,正常,2026-05-05 11:11:21,无截图
拼多多,https://mobile.yangkeduo.com/goods.html?goods_id=618360171773,云米超薄烟灶热套装飓风吸力抽油烟机5.2KW聚能灶超薄双胆热水器,618360171773,618360171773,5999,,正常,2026-05-05 11:11:21,无截图
拼多多,https://mobile.yangkeduo.com/goods.html?goods_id=615426357041,云米空调1.5匹一级能效变频冷暖两用节能家用挂机 AI全域风Super3,615426357041,615426357041,3099,,正常,2026-05-05 11:11:21,无截图
拼多多,https://mobile.yangkeduo.com/goods.html?goods_id=614821960857,云米大容量冰洗套装603升独立制冰冰箱&10KG全自动洗烘一体洗衣机,614821960857,614821960857,4468,,大促搜索池,2026-05-05 11:11:21,无截图
拼多多,https://mobile.yangkeduo.com/goods.html?goods_id=614813745328,云米超薄嵌入式冰洗套餐500升风冷无霜冰箱&10公斤洗烘一体洗衣机,614813745328,614813745328,5566,,大促搜索池,2026-05-05 11:11:21,无截图
拼多多,https://mobile.yangkeduo.com/goods.html?goods_id=604410073495,VIOMI云米冷热管线机饮水机壁挂式双出水台式管线机UV杀菌,604410073495,604410073495,2499,,正常,2026-05-05 11:11:21,无截图
拼多多,https://mobile.yangkeduo.com/goods.html?goods_id=602716906408,【升级】云米空调1.5匹智能变频冷暖新一级舒适风空调挂机 Smart3,602716906408,602716906408,2199,,正常,2026-05-05 11:11:21,无截图
拼多多,https://mobile.yangkeduo.com/goods.html?goods_id=600491440603,【新品】云米空调1.5匹智能变频冷暖新三级舒适风空调挂机 Smart3,600491440603,600491440603,2099,,正常,2026-05-05 11:11:21,无截图
拼多多,https://mobile.yangkeduo.com/goods.html?goods_id=600131174099,【美妆超薄零嵌】云米510升嵌入式双开门一级风冷无霜银离子冰箱,600131174099,600131174099,2798,,大促搜索池,2026-05-05 11:11:21,无截图
拼多多,https://mobile.yangkeduo.com/goods.html?goods_id=583103526676,【新品上市】云米嵌入式母婴冰箱十字四开门家用变频风冷无霜513L,583103526676,583103526676,4499,,正常,2026-05-05 11:11:21,无截图
拼多多,https://mobile.yangkeduo.com/goods.html?goods_id=573873753845,云米前置过滤器Super智能自动冲洗全屋前置净水器家用自来水冲洗,573873753845,573873753845,599,,正常,2026-05-05 11:11:21,无截图
拼多多,https://mobile.yangkeduo.com/goods.html?goods_id=551388417367,【田曦薇推荐】云米扫地机器人扫拖一体语音全自动智能吸尘器Pro,551388417367,551388417367,999,,正常,2026-05-05 11:11:21,无截图
拼多多,https://mobile.yangkeduo.com/goods.html?goods_id=540840221349,云米净水器家用厨下式直饮水过滤器RO反渗透无陈水母婴直饮1200G,540840221349,540840221349,2599,,正常,2026-05-05 11:11:21,无截图
拼多多,https://mobile.yangkeduo.com/goods.html?goods_id=539854309519,云米12KG滚筒洗衣机家用全自动大容量洗烘一体机防抖动超薄全嵌,539854309519,539854309519,3699,,正常,2026-05-05 11:11:21,无截图
拼多多,https://mobile.yangkeduo.com/goods.html?goods_id=539850688350,【美妆超薄零嵌】云米冰箱609mm嵌入式风冷无霜AI双变频一级510升,539850688350,539850688350,3499,,正常,2026-05-05 11:11:21,无截图
拼多多,https://mobile.yangkeduo.com/goods.html?goods_id=535675329481,云米石墨烯踢脚线电暖器加湿家用速热取暖器节能室内暖风机电暖气,535675329481,535675329481,499,,正常,2026-05-05 11:11:21,无截图
拼多多,https://mobile.yangkeduo.com/goods.html?goods_id=534931901352,云米净水器家用直饮ro反渗透SuperY 1200G管线机前置过滤器套装,534931901352,534931901352,3799,,正常,2026-05-05 11:11:21,无截图
拼多多,https://mobile.yangkeduo.com/goods.html?goods_id=525667451666,【大屏冰箱】云米超薄全嵌入式T型冰箱三门一级变频风冷无霜412升,525667451666,525667451666,5999,,正常,2026-05-05 11:11:21,无截图
拼多多,https://mobile.yangkeduo.com/goods.html?goods_id=521949122103,云米一体智能马桶座圈加热一键清洗虹吸离座自动冲水小金龙增压版,521949122103,521949122103,2999,,正常,2026-05-05 11:11:21,无截图
拼多多,https://mobile.yangkeduo.com/goods.html?goods_id=521949122103,云米一体智能马桶座圈加热一键清洗虹吸离座自动冲水小金龙增压版,521949122103,521949122103,2999,,正常,2026-05-05 11:11:21,无截图
拼多多,https://mobile.yangkeduo.com/goods.html?goods_id=516748248645,云米电热水器8L小厨宝家用厨房速热储水式节能厨房神器VEW0831,516748248645,516748248645,499,,正常,2026-05-05 11:11:21,无截图
拼多多,https://mobile.yangkeduo.com/goods.html?goods_id=515237643272,云米电热水器AI美肤洗 780mm超薄 1级能效双胆三管速热 Super2Pro,515237643272,515237643272,1699,,正常,2026-05-05 11:11:21,无截图
拼多多,https://mobile.yangkeduo.com/goods.html?goods_id=495274606168,【田曦薇推荐】云米智能洗地机超薄双贴边大吸力超长续航 Smart2,495274606168,495274606168,1799,,正常,2026-05-05 11:11:21,无截图
拼多多,https://mobile.yangkeduo.com/goods.html?goods_id=490426355421,500L十字门冰箱,6923185651123,490426355421,3199,,大促搜索池,2026-05-05 11:11:21,无截图
拼多多,https://mobile.yangkeduo.com/goods.html?goods_id=490150938954,【安享王空调3匹】云米柜机变频冷暖家用商用智能自清洁节能三级,490150938954,490150938954,4999,,正常,2026-05-05 11:11:21,无截图
拼多多,https://mobile.yangkeduo.com/goods.html?goods_id=490111298360,云米家用空调1.5匹变频冷暖自清洁手机联网AI静音节能挂机新三级,490111298360,490111298360,2199,,正常,2026-05-05 11:11:21,无截图
拼多多,https://mobile.yangkeduo.com/goods.html?goods_id=490081202590,云米即热恒温4档烘干 9重安全防护 智能低压系统 Nano2E,490081202590,490081202590,1999,,正常,2026-05-05 11:11:21,无截图
拼多多,https://mobile.yangkeduo.com/goods.html?goods_id=490081202590,云米即热恒温4档烘干 9重安全防护 智能低压系统 Nano2E,490081202590,490081202590,1999,,正常,2026-05-05 11:11:21,无截图
拼多多,https://mobile.yangkeduo.com/goods.html?goods_id=484037745334,云米AI燃气灶power 5.0（天然气）,6923185654377,484037745334,1099,,正常,2026-05-05 11:11:21,无截图
拼多多,https://mobile.yangkeduo.com/goods.html?goods_id=480070620581,【冷热直饮套装】云米净水器家用厨下管线机套装一键即热制冷直饮,480070620581,480070620581,2399,,正常,2026-05-05 11:11:21,无截图
拼多多,https://mobile.yangkeduo.com/goods.html?goods_id=480070620581,【冷热直饮套装】云米净水器家用厨下管线机套装一键即热制冷直饮,480070620581,480070620581,2599,,正常,2026-05-05 11:11:21,无截图
拼多多,https://mobile.yangkeduo.com/goods.html?goods_id=472256690941,云米智能马桶即热活水清洗家用卫生间恒温烘干抗菌低压系统Nano2E,472256690941,472256690941,2499,,正常,2026-05-05 11:11:21,无截图
拼多多,https://mobile.yangkeduo.com/goods.html?goods_id=472256690941,云米智能马桶即热活水清洗家用卫生间恒温烘干抗菌低压系统Nano2E,472256690941,472256690941,2499,,正常,2026-05-05 11:11:21,无截图
拼多多,https://mobile.yangkeduo.com/goods.html?goods_id=466437108089,云米TDS水质检测笔测水质仪饮用水检测器家用自来水水质测试仪器,466437108089,466437108089,99,,正常,2026-05-05 11:11:21,无截图
拼多多,https://mobile.yangkeduo.com/goods.html?goods_id=463332030781,【吸扫拖3合1】云米全自动集尘扫地吸尘机器人alpha2pro清洁一体,463332030781,463332030781,1799,,正常,2026-05-05 11:11:21,无截图
拼多多,https://mobile.yangkeduo.com/goods.html?goods_id=452924828720,云米净饮一体机台式净水器即热型饮水机家用免安装X2minimango,452924828720,452924828720,899,,正常,2026-05-05 11:11:21,无截图
拼多多,https://mobile.yangkeduo.com/goods.html?goods_id=431395946988,云米侧吸烟灶套装大吸力抽油烟机5.0KW燃气灶厨房家用智能wingS1,431395946988,431395946988,1399,,正常,2026-05-05 11:11:21,无截图
拼多多,https://mobile.yangkeduo.com/goods.html?goods_id=427349642190,（有）云米净饮一体机台式净水器即热型饮水机净水器水过滤机,427349642190,427349642190,1089,,正常,2026-05-05 11:11:21,无截图
拼多多,https://mobile.yangkeduo.com/goods.html?goods_id=423988590355,云米净水器super Y 1200G滤芯复合滤芯RO滤芯,423988590355,423988590355,100,,正常,2026-05-05 11:11:21,无截图
拼多多,https://mobile.yangkeduo.com/goods.html?goods_id=423724952357,云米燃气热水器即热零冷水双增压 3重防冻 4段燃烧 5重净化 Super,423724952357,423724952357,1999,,正常,2026-05-05 11:11:21,无截图
拼多多,https://mobile.yangkeduo.com/goods.html?goods_id=414747194884,云米净饮一体机台式净水器即热型饮水机家用免安装X2加一支滤芯套,414747194884,414747194884,1199,,正常,2026-05-05 11:11:21,无截图
拼多多,https://mobile.yangkeduo.com/goods.html?goods_id=414747194884,云米净饮一体机台式净水器即热型饮水机家用免安装X2加一支滤芯套,414747194884,414747194884,1399,,正常,2026-05-05 11:11:21,无截图
拼多多,https://mobile.yangkeduo.com/goods.html?goods_id=414747194884,云米净饮一体机台式净水器即热型饮水机家用免安装X2加一支滤芯套,414747194884,414747194884,1399,,正常,2026-05-05 11:11:21,无截图
拼多多,https://mobile.yangkeduo.com/goods.html?goods_id=413986425773,蓝调智能门锁（人脸猫眼版）,6923185654650,413986425773,999,,正常,2026-05-05 11:11:21,无截图
拼多多,https://mobile.yangkeduo.com/goods.html?goods_id=408451368894,云米智能全自动一体马桶恒温座圈臀部清洗虹吸自动冲水家用小金龙,408451368894,408451368894,2399,,正常,2026-05-05 11:11:21,无截图
拼多多,https://mobile.yangkeduo.com/goods.html?goods_id=407741710364,云米25m³顶侧爆吸大吸力智目吸烟机 5.2KW聚能猛火灶烟灶套装家用,407741710364,407741710364,3699,,正常,2026-05-05 11:11:21,无截图
拼多多,https://mobile.yangkeduo.com/goods.html?goods_id=407741710364,云米25m³顶侧爆吸大吸力智目吸烟机 5.2KW聚能猛火灶烟灶套装家用,407741710364,407741710364,3699,,正常,2026-05-05 11:11:21,无截图
拼多多,https://mobile.yangkeduo.com/goods.html?goods_id=407741710364,云米25m³顶侧爆吸大吸力智目吸烟机 5.2KW聚能猛火灶烟灶套装家用,407741710364,407741710364,3999,,正常,2026-05-05 11:11:21,无截图
拼多多,https://mobile.yangkeduo.com/goods.html?goods_id=407741710364,云米25m³顶侧爆吸大吸力智目吸烟机 5.2KW聚能猛火灶烟灶套装家用,407741710364,407741710364,3999,,正常,2026-05-05 11:11:21,无截图
拼多多,https://mobile.yangkeduo.com/goods.html?goods_id=405167616548,云米净水器家用直饮厨下式RO反渗透超滤净水机无桶小白龙800G,405167616548,405167616548,1599,,正常,2026-05-05 11:11:21,无截图
拼多多,https://mobile.yangkeduo.com/goods.html?goods_id=405069782417,【升级小海豚】云米净水器800G通量&竹炭滤芯厨下式RO反渗透家用,405069782417,405069782417,1099,,正常,2026-05-05 11:11:21,无截图
拼多多,https://mobile.yangkeduo.com/goods.html?goods_id=405069782417,【升级小海豚】云米净水器800G通量&竹炭滤芯厨下式RO反渗透家用,405069782417,405069782417,1399,,正常,2026-05-05 11:11:21,无截图
拼多多,https://mobile.yangkeduo.com/goods.html?goods_id=405069782417,【升级小海豚】云米净水器800G通量&竹炭滤芯厨下式RO反渗透家用,405069782417,405069782417,1699,,正常,2026-05-05 11:11:21,无截图
拼多多,https://mobile.yangkeduo.com/goods.html?goods_id=405069782417,【升级小海豚】云米净水器800G通量&竹炭滤芯厨下式RO反渗透家用,405069782417,405069782417,1999,,正常,2026-05-05 11:11:21,无截图
拼多多,https://mobile.yangkeduo.com/goods.html?goods_id=405069782417,【升级小海豚】云米净水器800G通量&竹炭滤芯厨下式RO反渗透家用,405069782417,405069782417,1999,,正常,2026-05-05 11:11:21,无截图
拼多多,https://mobile.yangkeduo.com/goods.html?goods_id=405069782417,【升级小海豚】云米净水器800G通量&竹炭滤芯厨下式RO反渗透家用,405069782417,405069782417,1999,,正常,2026-05-05 11:11:21,无截图
拼多多,https://mobile.yangkeduo.com/goods.html?goods_id=405069782417,【升级小海豚】云米净水器800G通量&竹炭滤芯厨下式RO反渗透家用,405069782417,405069782417,2199,,正常,2026-05-05 11:11:21,无截图
拼多多,https://mobile.yangkeduo.com/goods.html?goods_id=403868159413,云米蒸烤一体机厨房家用嵌入式蒸烤箱45L大蒸汽电烤箱VSO4501-B,403868159413,403868159413,1999,,正常,2026-05-05 11:11:21,无截图
拼多多,https://mobile.yangkeduo.com/goods.html?goods_id=391465779831,云米热水器13L家用智能洗澡燃气热水器水气双调恒温液化气,391465779831,391465779831,999,,正常,2026-05-05 11:11:21,无截图
拼多多,https://mobile.yangkeduo.com/goods.html?goods_id=391465779831,云米热水器13L家用智能洗澡燃气热水器水气双调恒温液化气,391465779831,391465779831,1199,,正常,2026-05-05 11:11:21,无截图
拼多多,https://mobile.yangkeduo.com/goods.html?goods_id=383502560587,【田曦薇推荐】云米落地扇直流变频台立两用无极调速小爱语音联网,383502560587,383502560587,329,,正常,2026-05-05 11:11:21,无截图
拼多多,https://mobile.yangkeduo.com/goods.html?goods_id=383400493031,云米智能即热式家用饮水机1键即热电热水壶Tee mini 1.8L水吧,383400493031,383400493031,269,,正常,2026-05-05 11:11:21,无截图
拼多多,https://mobile.yangkeduo.com/goods.html?goods_id=382839923175,云米顶侧双吸烟灶套装22m³大吸力抽油烟机聚能猛火灶节能燃气家用,382839923175,382839923175,1899,,正常,2026-05-05 11:11:21,无截图
拼多多,https://mobile.yangkeduo.com/goods.html?goods_id=382839923175,云米顶侧双吸烟灶套装22m³大吸力抽油烟机聚能猛火灶节能燃气家用,382839923175,382839923175,1999,,正常,2026-05-05 11:11:21,无截图
拼多多,https://mobile.yangkeduo.com/goods.html?goods_id=382544460689,【杀毒王2匹】云米家用空调变频冷暖柜机立式客厅智能节能 新三级,382544460689,382544460689,3999,,正常,2026-05-05 11:11:21,无截图
拼多多,https://mobile.yangkeduo.com/goods.html?goods_id=376344667102,云米1.5匹家用新风语音空调变频冷暖新一级能效智能恒温免孔安装,376344667102,376344667102,3099,,正常,2026-05-05 11:11:21,无截图
拼多多,https://mobile.yangkeduo.com/goods.html?goods_id=375507459489,云米管线机家用直饮机壁挂式UV杀菌加热一体机厨房加热饮水机MG2B,375507459489,375507459489,899,,正常,2026-05-05 11:11:21,无截图
拼多多,https://mobile.yangkeduo.com/goods.html?goods_id=369184383310,【吸扫拖三合一】云米全自动扫地机器人鲸吸扫地拖地吸尘 Alpha3,369184383310,369184383310,3699,,正常,2026-05-05 11:11:21,无截图
拼多多,https://mobile.yangkeduo.com/goods.html?goods_id=366671128859,【干湿分储】云米冰箱超薄变频一级风冷无霜十字冰箱四开门 546升,366671128859,366671128859,3499,,正常,2026-05-05 11:11:21,无截图
拼多多,https://mobile.yangkeduo.com/goods.html?goods_id=365033069371,云米全自动智能门锁密码锁家用电子锁防盗指纹锁超长续航eLink 2C,365033069371,365033069371,899,,正常,2026-05-05 11:11:21,无截图
拼多多,https://mobile.yangkeduo.com/goods.html?goods_id=365007215970,云米Super Y1200G大通量厨下净水器RO反渗透管线机前置过滤器套装,365007215970,365007215970,3099,,正常,2026-05-05 11:11:21,无截图
拼多多,https://mobile.yangkeduo.com/goods.html?goods_id=365007215970,云米Super Y1200G大通量厨下净水器RO反渗透管线机前置过滤器套装,365007215970,365007215970,3999,,正常,2026-05-05 11:11:21,无截图
拼多多,https://mobile.yangkeduo.com/goods.html?goods_id=364990106384,"即热1000G,MAIN84",6923185651116,364990106384,1358,1899,破价警报 | 大促搜索池,2026-05-05 11:11:21,无截图
拼多多,https://mobile.yangkeduo.com/goods.html?goods_id=356164755389,【全屋净水三件套装】云米净水器管线机前置过滤器即热小海豚600G,356164755389,356164755389,2299,,正常,2026-05-05 11:11:21,无截图
拼多多,https://mobile.yangkeduo.com/goods.html?goods_id=356164755389,【全屋净水三件套装】云米净水器管线机前置过滤器即热小海豚600G,356164755389,356164755389,2599,,正常,2026-05-05 11:11:21,无截图
拼多多,https://mobile.yangkeduo.com/goods.html?goods_id=355550841910,【鲜活营养守护先锋奖】云米延鲜AI冰箱一级双变频风冷无霜636升,355550841910,355550841910,3499,,正常,2026-05-05 11:11:21,无截图
拼多多,https://mobile.yangkeduo.com/goods.html?goods_id=339737903336,【智能声控】云米家用晾衣架电动晾衣机阳台全自动升降Smart S,339737903336,339737903336,999,,正常,2026-05-05 11:11:21,无截图
拼多多,https://mobile.yangkeduo.com/goods.html?goods_id=338636261947,【1键智洗】云米洗衣机全自动8公斤波轮租房家用防缠绕洗脱一体,338636261947,338636261947,999,,正常,2026-05-05 11:11:21,无截图
拼多多,https://mobile.yangkeduo.com/goods.html?goods_id=325803370945,【杀菌】云米空调大3匹柜机一级家用变频冷暖客厅变频冷暖自清洁,325803370945,325803370945,5299,,正常,2026-05-05 11:11:21,无截图
拼多多,https://mobile.yangkeduo.com/goods.html?goods_id=325232192898,冰箱603,6923185650935,325232192898,2459,,限量折扣,2026-05-05 11:11:21,无截图
拼多多,https://mobile.yangkeduo.com/goods.html?goods_id=309984364103,云米智能烘干晾衣架语音声控离线全自动升降阳台LED照明Smart超薄,309984364103,309984364103,1299,,正常,2026-05-05 11:11:21,无截图
拼多多,https://mobile.yangkeduo.com/goods.html?goods_id=296957182528,复合滤芯,"6923185600138,6923185600145",296957182528,999,,正常,2026-05-05 11:11:21,无截图
拼多多,https://mobile.yangkeduo.com/goods.html?goods_id=293928589058,云米大吸力侧吸烟灶套装抽油烟机猛火燃气灶装嵌入式节能家用厨房,293928589058,293928589058,1399,,正常,2026-05-05 11:11:21,无截图
拼多多,https://mobile.yangkeduo.com/goods.html?goods_id=291146640482,云米净水器滤芯家用通用系列厨下1A1号2号滤芯RO反渗透滤芯复合,291146640482,291146640482,499,,正常,2026-05-05 11:11:21,无截图
拼多多,https://mobile.yangkeduo.com/goods.html?goods_id=291141614396,F3-五合一,6923185614258,291141614396,499,298,高价待调整,2026-05-05 11:11:21,无截图
拼多多,https://mobile.yangkeduo.com/goods.html?goods_id=291141614396,F3-五合一,6923185614258,291141614396,899,298,高价待调整,2026-05-05 11:11:21,无截图
拼多多,https://mobile.yangkeduo.com/goods.html?goods_id=291141614396,F3-五合一,6923185614258,291141614396,999,298,高价待调整,2026-05-05 11:11:21,无截图
拼多多,https://mobile.yangkeduo.com/goods.html?goods_id=290543633215,复合滤芯,"6923185614258,6923185616177",290543633215,199,,正常,2026-05-05 11:11:21,无截图
拼多多,https://mobile.yangkeduo.com/goods.html?goods_id=290543633215,复合滤芯,"6923185614258,6923185616177",290543633215,199,,正常,2026-05-05 11:11:21,无截图
拼多多,https://mobile.yangkeduo.com/goods.html?goods_id=289678345008,【内衣母婴专属】云米1KG迷你洗衣机家用全自动洗脱一体除菌波轮,289678345008,289678345008,1299,,正常,2026-05-05 11:11:21,无截图
拼多多,https://mobile.yangkeduo.com/goods.html?goods_id=289613839419,【智能双投放】云米洗衣机10公斤洗烘一体变频一级能效全自动滚筒,289613839419,289613839419,2399,,正常,2026-05-05 11:11:21,无截图
拼多多,https://mobile.yangkeduo.com/goods.html?goods_id=289608993802,【超薄洗衣机】云米洗衣机全自动10公斤滚筒47CM超薄洗脱一体,289608993802,289608993802,2499,,正常,2026-05-05 11:11:21,无截图
拼多多,https://mobile.yangkeduo.com/goods.html?goods_id=289729238975,【杀毒王3匹】云米家用空调变频冷暖柜机立式客厅智能节能新三级,289729238975,289729238975,3899,,正常,2026-05-05 11:11:21,无截图
拼多多,https://mobile.yangkeduo.com/goods.html?goods_id=289729238975,【杀毒王3匹】云米家用空调变频冷暖柜机立式客厅智能节能新三级,289729238975,289729238975,4899,,正常,2026-05-05 11:11:21,无截图
拼多多,https://mobile.yangkeduo.com/goods.html?goods_id=283191769057,云米互联网洗碗机4套台面式免安装智能语音控制高温消毒杀菌烘干,283191769057,283191769057,699,,正常,2026-05-05 11:11:21,无截图
拼多多,https://mobile.yangkeduo.com/goods.html?goods_id=276965357470,云米598升双开门对开门变频一级能效风冷无霜超薄嵌入式智能冰箱,276965357470,276965357470,2799,,正常,2026-05-05 11:11:21,无截图
拼多多,https://mobile.yangkeduo.com/goods.html?goods_id=276658474666,【全屋智能】云米净饮一体机X2Pro台式免安装净水器即热式饮水机,276658474666,276658474666,1099,,正常,2026-05-05 11:11:21,无截图
拼多多,https://mobile.yangkeduo.com/goods.html?goods_id=273348857003,云米蓝调智能门锁（基础版）,6923185655381,273348857003,499,,限时折扣,2026-05-05 11:11:21,无截图
拼多多,https://mobile.yangkeduo.com/goods.html?goods_id=268591343924,云米顶侧大吸力抽油烟机聚能猛火灶智能家用厨房烟灶套装flash2,268591343924,268591343924,2899,,正常,2026-05-05 11:11:21,无截图
拼多多,https://mobile.yangkeduo.com/goods.html?goods_id=268591343924,云米顶侧大吸力抽油烟机聚能猛火灶智能家用厨房烟灶套装flash2,268591343924,268591343924,2899,,正常,2026-05-05 11:11:21,无截图
拼多多,https://mobile.yangkeduo.com/goods.html?goods_id=264080849667,霸王锁体,6923185622154,264080849667,150,150,正常,2026-05-05 11:11:21,无截图
拼多多,https://mobile.yangkeduo.com/goods.html?goods_id=259795065484,【杀毒王】云米空调1.5匹变频冷暖1级能效杀病毒循环除菌 Super2s,259795065484,259795065484,2499,,正常,2026-05-05 11:11:21,无截图
拼多多,https://mobile.yangkeduo.com/goods.html?goods_id=259115850200,蓝调智能门锁（3D人脸版）,6923185654643,259115850200,629,,限时折扣,2026-05-05 11:11:21,无截图
拼多多,https://mobile.yangkeduo.com/goods.html?goods_id=258855020077,云米456升超薄嵌入式对开门双开门变频风冷无霜智能家用电冰箱,258855020077,258855020077,1899,,正常,2026-05-05 11:11:21,无截图
拼多多,https://mobile.yangkeduo.com/goods.html?goods_id=258855020077,云米456升超薄嵌入式对开门双开门变频风冷无霜智能家用电冰箱,258855020077,258855020077,2299,,正常,2026-05-05 11:11:21,无截图
拼多多,https://mobile.yangkeduo.com/goods.html?goods_id=251420900843,【田曦薇推荐】云米负离子空气循环扇大学生宿舍家用直流变频风扇,251420900843,251420900843,529,,正常,2026-05-05 11:11:21,无截图
拼多多,https://mobile.yangkeduo.com/goods.html?goods_id=249751266813,【DD直驱超薄】云米洗衣机洗烘一体全自动一级能效智能滚筒10公斤,249751266813,249751266813,2999,,正常,2026-05-05 11:11:21,无截图
拼多多,https://mobile.yangkeduo.com/goods.html?goods_id=247862575297,【DD直驱智能双投放】云米洗衣机全自动10KG一级能效洗脱一体滚筒,247862575297,247862575297,2499,,正常,2026-05-05 11:11:21,无截图
拼多多,https://mobile.yangkeduo.com/goods.html?goods_id=247228990842,云米智能马桶抗菌座圈恒温即热双增压自动冲水烘干坐便器Nano2,247228990842,247228990842,2699,,正常,2026-05-05 11:11:21,无截图
拼多多,https://mobile.yangkeduo.com/goods.html?goods_id=246986456918,【小海豚1000G管线机套装】云米净水器家用厨下一键即热制冷直饮,246986456918,246986456918,2199,,正常,2026-05-05 11:11:21,无截图
拼多多,https://mobile.yangkeduo.com/goods.html?goods_id=246986456918,【小海豚1000G管线机套装】云米净水器家用厨下一键即热制冷直饮,246986456918,246986456918,2299,,正常,2026-05-05 11:11:21,无截图
拼多多,https://mobile.yangkeduo.com/goods.html?goods_id=246986456918,【小海豚1000G管线机套装】云米净水器家用厨下一键即热制冷直饮,246986456918,246986456918,2399,,正常,2026-05-05 11:11:21,无截图
拼多多,https://mobile.yangkeduo.com/goods.html?goods_id=246986456918,【小海豚1000G管线机套装】云米净水器家用厨下一键即热制冷直饮,246986456918,246986456918,2399,,正常,2026-05-05 11:11:21,无截图
拼多多,https://mobile.yangkeduo.com/goods.html?goods_id=246986456918,【小海豚1000G管线机套装】云米净水器家用厨下一键即热制冷直饮,246986456918,246986456918,2399,,正常,2026-05-05 11:11:21,无截图
拼多多,https://mobile.yangkeduo.com/goods.html?goods_id=246986456918,【小海豚1000G管线机套装】云米净水器家用厨下一键即热制冷直饮,246986456918,246986456918,2499,,正常,2026-05-05 11:11:21,无截图
拼多多,https://mobile.yangkeduo.com/goods.html?goods_id=246986456918,【小海豚1000G管线机套装】云米净水器家用厨下一键即热制冷直饮,246986456918,246986456918,2599,,正常,2026-05-05 11:11:21,无截图
拼多多,https://mobile.yangkeduo.com/goods.html?goods_id=246986456918,【小海豚1000G管线机套装】云米净水器家用厨下一键即热制冷直饮,246986456918,246986456918,2599,,正常,2026-05-05 11:11:21,无截图
拼多多,https://mobile.yangkeduo.com/goods.html?goods_id=245465996610,云米管线机壁挂台式两用冷热开水机家用调温即热饮水机带uv杀菌,245465996610,245465996610,1999,,正常,2026-05-05 11:11:21,无截图
拼多多,https://mobile.yangkeduo.com/goods.html?goods_id=245015637978,云米电热水器蓝调3200W安全速热卫生间洗澡8倍大水量抑菌水质可视,245015637978,245015637978,1099,,正常,2026-05-05 11:11:21,无截图
拼多多,https://mobile.yangkeduo.com/goods.html?goods_id=245015637978,云米电热水器蓝调3200W安全速热卫生间洗澡8倍大水量抑菌水质可视,245015637978,245015637978,1299,,正常,2026-05-05 11:11:21,无截图
拼多多,https://mobile.yangkeduo.com/goods.html?goods_id=245015637978,云米电热水器蓝调3200W安全速热卫生间洗澡8倍大水量抑菌水质可视,245015637978,245015637978,1299,,正常,2026-05-05 11:11:21,无截图
拼多多,https://mobile.yangkeduo.com/goods.html?goods_id=245015637978,云米电热水器蓝调3200W安全速热卫生间洗澡8倍大水量抑菌水质可视,245015637978,245015637978,1399,,正常,2026-05-05 11:11:21,无截图
拼多多,https://mobile.yangkeduo.com/goods.html?goods_id=245015637978,云米电热水器蓝调3200W安全速热卫生间洗澡8倍大水量抑菌水质可视,245015637978,245015637978,1499,,正常,2026-05-05 11:11:21,无截图
拼多多,https://mobile.yangkeduo.com/goods.html?goods_id=245008294548,云米大容量洗碗机10套家用嵌入式智目洗全自动热风烘干除菌消毒,245008294548,245008294548,2098,,正常,2026-05-05 11:11:21,无截图
拼多多,https://mobile.yangkeduo.com/goods.html?goods_id=243153009643,云米净饮机X2系列滤芯X2mini mango复合滤芯5in1/6in1 RO反渗透,243153009643,243153009643,288,,正常,2026-05-05 11:11:21,无截图
拼多多,https://mobile.yangkeduo.com/goods.html?goods_id=243153009643,云米净饮机X2系列滤芯X2mini mango复合滤芯5in1/6in1 RO反渗透,243153009643,243153009643,288,,正常,2026-05-05 11:11:21,无截图
拼多多,https://mobile.yangkeduo.com/goods.html?goods_id=243153009643,云米净饮机X2系列滤芯X2mini mango复合滤芯5in1/6in1 RO反渗透,243153009643,243153009643,319,,正常,2026-05-05 11:11:21,无截图
拼多多,https://mobile.yangkeduo.com/goods.html?goods_id=241667411785,云米即热式饮水机1键即热水吧3档控温4L大容量台式免安装,241667411785,241667411785,589,,正常,2026-05-05 11:11:21,无截图
拼多多,https://mobile.yangkeduo.com/goods.html?goods_id=237591380789,云米全自动智能马桶水箱泡沫盾抗菌即热恒温座圈离座冲水小鲸鱼2,237591380789,237591380789,1999,,正常,2026-05-05 11:11:21,无截图
拼多多,https://mobile.yangkeduo.com/goods.html?goods_id=237591380789,云米全自动智能马桶水箱泡沫盾抗菌即热恒温座圈离座冲水小鲸鱼2,237591380789,237591380789,1999,,正常,2026-05-05 11:11:21,无截图
拼多多,https://mobile.yangkeduo.com/goods.html?goods_id=237590247709,【1小时洗烘】云米全自动洗衣机1级能效10公斤洗烘一体烘干机滚筒,237590247709,237590247709,2399,,正常,2026-05-05 11:11:21,无截图
拼多多,https://mobile.yangkeduo.com/goods.html?goods_id=231833573024,小烤箱6L,6923185603221,231833573024,199,174,高价待调整,2026-05-05 11:11:21,无截图
拼多多,https://mobile.yangkeduo.com/goods.html?goods_id=228907185185,云米16L零冷水燃气热水器家用智能变频即热水气双调恒温安全防冻,228907185185,228907185185,1699,,正常,2026-05-05 11:11:21,无截图
拼多多,https://mobile.yangkeduo.com/goods.html?goods_id=227970049599,云米净水器水龙头过滤器自来水家用厨房超滤滤水器前置净化器,227970049599,227970049599,159,,正常,2026-05-05 11:11:21,无截图
拼多多,https://mobile.yangkeduo.com/goods.html?goods_id=226771358169,1云米净水器家用厨房农村水龙头过滤器自来水净化器MT1/2,226771358169,226771358169,128,,正常,2026-05-05 11:11:21,无截图
拼多多,https://mobile.yangkeduo.com/goods.html?goods_id=226771358169,1云米净水器家用厨房农村水龙头过滤器自来水净化器MT1/2,226771358169,226771358169,168,,正常,2026-05-05 11:11:21,无截图
拼多多,https://mobile.yangkeduo.com/goods.html?goods_id=223485946991,云米智能洗碗机10套热风烘干消毒嵌入式洗烘存一体家用IronA1,223485946991,223485946991,2299,,正常,2026-05-05 11:11:21,无截图
拼多多,https://mobile.yangkeduo.com/goods.html?goods_id=225501370546,小海豚3,6923185605867,225501370546,999,499,高价待调整,2026-05-05 11:11:21,无截图
拼多多,https://mobile.yangkeduo.com/goods.html?goods_id=225501370546,小海豚3,6923185605867,225501370546,1099,499,高价待调整,2026-05-05 11:11:21,无截图
拼多多,https://mobile.yangkeduo.com/goods.html?goods_id=225501370546,小海豚3,6923185605867,225501370546,1398,499,高价待调整,2026-05-05 11:11:21,无截图
拼多多,https://mobile.yangkeduo.com/goods.html?goods_id=224216987554,云米净水器滤芯S2、Fast厨下1A400G600G 1号复合滤芯RO反渗透滤芯,224216987554,224216987554,499,,正常,2026-05-05 11:11:21,无截图
拼多多,https://mobile.yangkeduo.com/goods.html?goods_id=224216987554,云米净水器滤芯S2、Fast厨下1A400G600G 1号复合滤芯RO反渗透滤芯,224216987554,224216987554,699,,正常,2026-05-05 11:11:21,无截图
拼多多,https://mobile.yangkeduo.com/goods.html?goods_id=224216987554,云米净水器滤芯S2、Fast厨下1A400G600G 1号复合滤芯RO反渗透滤芯,224216987554,224216987554,699,,正常,2026-05-05 11:11:21,无截图
拼多多,https://mobile.yangkeduo.com/goods.html?goods_id=223686266452,云米全自动滚筒洗衣机10KG洗烘一体除菌家用智能投放超薄嵌入M2,223686266452,223686266452,3299,,正常,2026-05-05 11:11:21,无截图
拼多多,https://mobile.yangkeduo.com/goods.html?goods_id=223486025603,云米互联网洗碗机全自动家用8套热风烘干消毒嵌入式Iron X1,223486025603,223486025603,1799,,正常,2026-05-05 11:11:21,无截图
拼多多,https://mobile.yangkeduo.com/goods.html?goods_id=222446512832,【冷酷王】云米大一匹单冷空调独立除湿秒速制冷家用卧室节能变频,222446512832,222446512832,1699,,正常,2026-05-05 11:11:21,无截图
拼多多,https://mobile.yangkeduo.com/goods.html?goods_id=221876010591,云米净水器家用直饮RO反渗透净饮一体净水机滤芯1200GSuper2max,221876010591,221876010591,4299,,正常,2026-05-05 11:11:21,无截图
拼多多,https://mobile.yangkeduo.com/goods.html?goods_id=221876010591,云米净水器家用直饮RO反渗透净饮一体净水机滤芯1200GSuper2max,221876010591,221876010591,4299,,正常,2026-05-05 11:11:21,无截图
拼多多,https://mobile.yangkeduo.com/goods.html?goods_id=221842463604,1小米云米净水器RO反渗透纯水机厨下家用直饮过滤器饮水机600加仑,221842463604,221842463604,1300,,正常,2026-05-05 11:11:21,无截图
拼多多,https://mobile.yangkeduo.com/goods.html?goods_id=221686401936,【空调套装】云米空调3室1厅组合 新1级能效3P柜机+新1级1.5P挂机,221686401936,221686401936,10999,,正常,2026-05-05 11:11:21,无截图
拼多多,https://mobile.yangkeduo.com/goods.html?goods_id=221565163539,【语音柔风王】云米空调柜机冷暖双变频一级能效客厅立式智能空调,221565163539,221565163539,6499,,正常,2026-05-05 11:11:21,无截图
拼多多,https://mobile.yangkeduo.com/goods.html?goods_id=220936223742,云米燃气热水器变频恒温8大安全防护 家用节能防冻速热FireC113L,220936223742,220936223742,1399,,正常,2026-05-05 11:11:21,无截图
拼多多,https://mobile.yangkeduo.com/goods.html?goods_id=220867531419,"(X2Pro链接,少量差评可做备选)云米净饮一体机X2mini Mango",220867531419,220867531419,1099,,正常,2026-05-05 11:11:21,无截图
拼多多,https://mobile.yangkeduo.com/goods.html?goods_id=220820325711,云米消毒柜（嵌入式）云米版,6923185604303,220820325711,1299,,正常,2026-05-05 11:11:21,无截图
拼多多,https://mobile.yangkeduo.com/goods.html?goods_id=219691919640,【阳光暖烘】云米智能晾衣架全自动升降联网烘干电动晾衣机阳台,219691919640,219691919640,1599,,正常,2026-05-05 11:11:21,无截图
拼多多,https://mobile.yangkeduo.com/goods.html?goods_id=219492848549,云米家用门锁智能锁指纹密码锁防盗门电子门锁全自动推拉门锁,219492848549,219492848549,1299,,正常,2026-05-05 11:11:21,无截图
拼多多,https://mobile.yangkeduo.com/goods.html?goods_id=219492848549,云米家用门锁智能锁指纹密码锁防盗门电子门锁全自动推拉门锁,219492848549,219492848549,1299,,正常,2026-05-05 11:11:21,无截图
拼多多,https://mobile.yangkeduo.com/goods.html?goods_id=219486126363,flash烟机,6923185613664,219486126363,1399,,正常,2026-05-05 11:11:21,无截图
拼多多,https://mobile.yangkeduo.com/goods.html?goods_id=217541928957,云米真空保温杯轻便携不锈钢大学生自习室茶杯300ml,217541928957,217541928957,89,,正常,2026-05-05 11:11:21,无截图
拼多多,https://mobile.yangkeduo.com/goods.html?goods_id=217105737391,云米智能马桶浴霸套装 即热全自动座便器  小爱语音浴霸 卫浴套装,217105737391,217105737391,3499,,正常,2026-05-05 11:11:21,无截图
拼多多,https://mobile.yangkeduo.com/goods.html?goods_id=217105737391,云米智能马桶浴霸套装 即热全自动座便器  小爱语音浴霸 卫浴套装,217105737391,217105737391,3499,,正常,2026-05-05 11:11:21,无截图
拼多多,https://mobile.yangkeduo.com/goods.html?goods_id=215991927819,【烟灶联动】云米顶侧3吸大吸力抽油烟机聚能燃气灶烟灶套装Super,215991927819,215991927819,2699,,正常,2026-05-05 11:11:21,无截图
拼多多,https://mobile.yangkeduo.com/goods.html?goods_id=215505605173,【上门安装】云米电热水器安全速热家用洗澡储水式省电VEW605A,215505605173,215505605173,599,,正常,2026-05-05 11:11:21,无截图
拼多多,https://mobile.yangkeduo.com/goods.html?goods_id=215505605173,【上门安装】云米电热水器安全速热家用洗澡储水式省电VEW605A,215505605173,215505605173,799,,正常,2026-05-05 11:11:21,无截图
拼多多,https://mobile.yangkeduo.com/goods.html?goods_id=215505605173,【上门安装】云米电热水器安全速热家用洗澡储水式省电VEW605A,215505605173,215505605173,899,,正常,2026-05-05 11:11:21,无截图
拼多多,https://mobile.yangkeduo.com/goods.html?goods_id=215498018054,【空调套装】云米空调1室1厅组合 新1级能效2P柜机+新1级1.5P挂机,215498018054,215498018054,6199,,正常,2026-05-05 11:11:21,无截图
拼多多,https://mobile.yangkeduo.com/goods.html?goods_id=214448170082,云米即热水吧办公室台式免安装宿舍小型饮水机2.5L大容量烧热水壶,214448170082,214448170082,299,,正常,2026-05-05 11:11:21,无截图
拼多多,https://mobile.yangkeduo.com/goods.html?goods_id=214448170082,云米即热水吧办公室台式免安装宿舍小型饮水机2.5L大容量烧热水壶,214448170082,214448170082,299,,正常,2026-05-05 11:11:21,无截图
拼多多,https://mobile.yangkeduo.com/goods.html?goods_id=213946234221,云米无线手持吸尘器家用立式除螨大吸力吸尘机A9长续航宠物家庭,213946234221,213946234221,899,,正常,2026-05-05 11:11:21,无截图
拼多多,https://mobile.yangkeduo.com/goods.html?goods_id=212124982919,云米踢脚线电暖器家用客厅节能速热加湿取暖器语音控制智能定时,212124982919,212124982919,699,,正常,2026-05-05 11:11:21,无截图
拼多多,https://mobile.yangkeduo.com/goods.html?goods_id=212124982919,云米踢脚线电暖器家用客厅节能速热加湿取暖器语音控制智能定时,212124982919,212124982919,799,,正常,2026-05-05 11:11:21,无截图
拼多多,https://mobile.yangkeduo.com/goods.html?goods_id=211439538390,云米即热饮水机1键即热水吧4档控温4L大容量台式免安装,211439538390,211439538390,429,,正常,2026-05-05 11:11:21,无截图
拼多多,https://mobile.yangkeduo.com/goods.html?goods_id=209415771537,【声控晾衣架】云米智能电动晾衣架无线遥控大容量自动升降控制,209415771537,209415771537,899,,正常,2026-05-05 11:11:21,无截图
拼多多,https://mobile.yangkeduo.com/goods.html?goods_id=209415771537,【声控晾衣架】云米智能电动晾衣架无线遥控大容量自动升降控制,209415771537,209415771537,1149,,正常,2026-05-05 11:11:21,无截图
拼多多,https://mobile.yangkeduo.com/goods.html?goods_id=209406625494,蓝调智能门锁（大屏猫眼版）,6923185654667,209406625494,999,,正常,2026-05-05 11:11:21,无截图
拼多多,https://mobile.yangkeduo.com/goods.html?goods_id=208077402678,【柔风王】云米空调1.5匹新1级能效变频冷暖超大导板挂机 Smart2S,208077402678,208077402678,2399,,正常,2026-05-05 11:11:21,无截图
拼多多,https://mobile.yangkeduo.com/goods.html?goods_id=208074025148,云米净水器600G小海豚厨下式RO反渗透直饮过滤器净饮机家用出租屋,208074025148,208074025148,1299,,正常,2026-05-05 11:11:21,无截图
拼多多,https://mobile.yangkeduo.com/goods.html?goods_id=208071231700,云米60L速热电热水器3000W一级节能变频增容租房安全已接入米家AP,208071231700,208071231700,749,,正常,2026-05-05 11:11:21,无截图
拼多多,https://mobile.yangkeduo.com/goods.html?goods_id=208069905615,【杀病毒空调】云米大1匹空调变频冷暖自动调温一级能效 Super2s,208069905615,208069905615,2099,,正常,2026-05-05 11:11:21,无截图
拼多多,https://mobile.yangkeduo.com/goods.html?goods_id=207799885384,【超薄除螨】云米家用全自动洗烘一体10公斤洗衣机滚筒 Master S,207799885384,207799885384,2699,,正常,2026-05-05 11:11:21,无截图
拼多多,https://mobile.yangkeduo.com/goods.html?goods_id=207783866280,【超窄冰箱】云米冰箱风冷无霜AI双变频78CM超窄对开门电冰箱436L,207783866280,207783866280,2199,,正常,2026-05-05 11:11:21,无截图
拼多多,https://mobile.yangkeduo.com/goods.html?goods_id=207250698147,400加仑智能净水器 RO反渗透纯水机无桶 MR432-D,207250698147,207250698147,899,,正常,2026-05-05 11:11:21,无截图
拼多多,https://mobile.yangkeduo.com/goods.html?goods_id=205628593157,云米滚筒10kg大容量家用全自动洗烘一体洗衣机除菌节能智能互联,205628593157,205628593157,1899,,正常,2026-05-05 11:11:21,无截图
拼多多,https://mobile.yangkeduo.com/goods.html?goods_id=205463909525,【十字冰箱】云米十字四开门冰箱精细分储AI双变频风冷无霜410升,205463909525,205463909525,2699,,正常,2026-05-05 11:11:21,无截图
拼多多,https://mobile.yangkeduo.com/goods.html?goods_id=205442655354,【超薄冰箱】云米冰箱嵌入式双开门变频风冷无霜大容量对开456升,205442655354,205442655354,2699,,正常,2026-05-05 11:11:21,无截图
拼多多,https://mobile.yangkeduo.com/goods.html?goods_id=205451808289,小厨宝,6923185611233,205451808289,359,,正常,2026-05-05 11:11:21,无截图
拼多多,https://mobile.yangkeduo.com/goods.html?goods_id=205467667434,[新品上市]VIOMI 云米净水器600G小海豚3厨下式RO反渗透直饮家用,205467667434,205467667434,998,,正常,2026-05-05 11:11:21,无截图
拼多多,https://mobile.yangkeduo.com/goods.html?goods_id=205378217791,1级能效云米燃气灶 可联网 10重安保 厨房灶具 天然气猛火灶4500W,205378217791,205378217791,799,,正常,2026-05-05 11:11:21,无截图
拼多多,https://mobile.yangkeduo.com/goods.html?goods_id=205448553075,云米电热水器VEW605家用小型储水速热节能漏电保护60L,205448553075,205448553075,749,,正常,2026-05-05 11:11:21,无截图
拼多多,https://mobile.yangkeduo.com/goods.html?goods_id=205458105137,小海豚2 1000G,6923185654865,205458105137,839,899,破价警报 | 百亿补贴,2026-05-05 11:11:21,无截图
拼多多2,https://mobile.yangkeduo.com/goods.html?goods_id=942754114793,云米AI燃气热水器 智控恒温防冻节能安全水质净化精准控温13L强排,942754114793,942754114793,999,,正常,2026-05-05 11:12:56,无截图
拼多多2,https://mobile.yangkeduo.com/goods.html?goods_id=942740482351,云米AI燃气热水器 智控恒温防冻节能安全水质净化精准控温13L强排,942740482351,942740482351,999,,正常,2026-05-05 11:12:56,无截图
拼多多2,https://mobile.yangkeduo.com/goods.html?goods_id=942656610557,云米即热净水器厨房家用直饮RO反渗透加热净饮一体机1000G,942656610557,942656610557,2999,,正常,2026-05-05 11:12:56,无截图
拼多多2,https://mobile.yangkeduo.com/goods.html?goods_id=939930331098,VIOMI云米 滤芯 反渗透滤芯RO膜,939930331098,939930331098,598,,正常,2026-05-05 11:12:56,无截图
拼多多2,https://mobile.yangkeduo.com/goods.html?goods_id=939930331098,VIOMI云米 滤芯 反渗透滤芯RO膜,939930331098,939930331098,598,,正常,2026-05-05 11:12:56,无截图
拼多多2,https://mobile.yangkeduo.com/goods.html?goods_id=939930331098,VIOMI云米 滤芯 反渗透滤芯RO膜,939930331098,939930331098,598,,正常,2026-05-05 11:12:56,无截图
拼多多2,https://mobile.yangkeduo.com/goods.html?goods_id=939930331098,VIOMI云米 滤芯 反渗透滤芯RO膜,939930331098,939930331098,698,,正常,2026-05-05 11:12:56,无截图
拼多多2,https://mobile.yangkeduo.com/goods.html?goods_id=939930331098,VIOMI云米 滤芯 反渗透滤芯RO膜,939930331098,939930331098,798,,正常,2026-05-05 11:12:56,无截图
拼多多2,https://mobile.yangkeduo.com/goods.html?goods_id=939930331098,VIOMI云米 滤芯 反渗透滤芯RO膜,939930331098,939930331098,799,,正常,2026-05-05 11:12:56,无截图
拼多多2,https://mobile.yangkeduo.com/goods.html?goods_id=939930331098,VIOMI云米 滤芯 反渗透滤芯RO膜,939930331098,939930331098,898,,正常,2026-05-05 11:12:56,无截图
拼多多2,https://mobile.yangkeduo.com/goods.html?goods_id=939930331098,VIOMI云米 滤芯 反渗透滤芯RO膜,939930331098,939930331098,898,,正常,2026-05-05 11:12:56,无截图
拼多多2,https://mobile.yangkeduo.com/goods.html?goods_id=939930331098,VIOMI云米 滤芯 反渗透滤芯RO膜,939930331098,939930331098,898,,正常,2026-05-05 11:12:56,无截图
拼多多2,https://mobile.yangkeduo.com/goods.html?goods_id=939930331098,VIOMI云米 滤芯 反渗透滤芯RO膜,939930331098,939930331098,899,,正常,2026-05-05 11:12:56,无截图
拼多多2,https://mobile.yangkeduo.com/goods.html?goods_id=939928309801,VIOMI云米 滤芯 反渗透滤芯RO膜,939928309801,939928309801,598,,正常,2026-05-05 11:12:56,无截图
拼多多2,https://mobile.yangkeduo.com/goods.html?goods_id=939928309801,VIOMI云米 滤芯 反渗透滤芯RO膜,939928309801,939928309801,598,,正常,2026-05-05 11:12:56,无截图
拼多多2,https://mobile.yangkeduo.com/goods.html?goods_id=939928309801,VIOMI云米 滤芯 反渗透滤芯RO膜,939928309801,939928309801,598,,正常,2026-05-05 11:12:56,无截图
拼多多2,https://mobile.yangkeduo.com/goods.html?goods_id=939928309801,VIOMI云米 滤芯 反渗透滤芯RO膜,939928309801,939928309801,698,,正常,2026-05-05 11:12:56,无截图
拼多多2,https://mobile.yangkeduo.com/goods.html?goods_id=939928309801,VIOMI云米 滤芯 反渗透滤芯RO膜,939928309801,939928309801,798,,正常,2026-05-05 11:12:56,无截图
拼多多2,https://mobile.yangkeduo.com/goods.html?goods_id=939928309801,VIOMI云米 滤芯 反渗透滤芯RO膜,939928309801,939928309801,799,,正常,2026-05-05 11:12:56,无截图
拼多多2,https://mobile.yangkeduo.com/goods.html?goods_id=939928309801,VIOMI云米 滤芯 反渗透滤芯RO膜,939928309801,939928309801,898,,正常,2026-05-05 11:12:56,无截图
拼多多2,https://mobile.yangkeduo.com/goods.html?goods_id=939928309801,VIOMI云米 滤芯 反渗透滤芯RO膜,939928309801,939928309801,898,,正常,2026-05-05 11:12:56,无截图
拼多多2,https://mobile.yangkeduo.com/goods.html?goods_id=939928309801,VIOMI云米 滤芯 反渗透滤芯RO膜,939928309801,939928309801,898,,正常,2026-05-05 11:12:56,无截图
拼多多2,https://mobile.yangkeduo.com/goods.html?goods_id=939928309801,VIOMI云米 滤芯 反渗透滤芯RO膜,939928309801,939928309801,899,,正常,2026-05-05 11:12:56,无截图
拼多多2,https://mobile.yangkeduo.com/goods.html?goods_id=939760939921,云米净水器Super2Y1200G家用直饮厨下式RO反渗透鲜活泉无陈水,939760939921,939760939921,2299,,正常,2026-05-05 11:12:56,无截图
拼多多2,https://mobile.yangkeduo.com/goods.html?goods_id=932391238524,VIOMI 云米净水器小海豚3 厨下式RO反渗透直饮家用 无罐一体式,932391238524,932391238524,895.5,,正常,2026-05-05 11:12:56,无截图
拼多多2,https://mobile.yangkeduo.com/goods.html?goods_id=932391238524,VIOMI 云米净水器小海豚3 厨下式RO反渗透直饮家用 无罐一体式,932391238524,932391238524,895.5,,正常,2026-05-05 11:12:56,无截图
拼多多2,https://mobile.yangkeduo.com/goods.html?goods_id=926760918505,VIOMI云米净水器小海豚600G+升级版厨下式 RO 反渗透直饮家用,926760918505,926760918505,904,,正常,2026-05-05 11:12:56,无截图
拼多多2,https://mobile.yangkeduo.com/goods.html?goods_id=926574119933,昆仑4弱碱 1400G,6923185655718,926574119933,2999,3599,破价警报 | 限时折扣,2026-05-05 11:12:56,无截图
拼多多2,https://mobile.yangkeduo.com/goods.html?goods_id=926440536018,云米小厨宝6L电热水器厨房卫生间出水恒温储水式小型速热神器加热,926440536018,926440536018,399,,正常,2026-05-05 11:12:56,无截图
拼多多2,https://mobile.yangkeduo.com/goods.html?goods_id=925977908012,云米昆仑3矿泉净水器2S Pro,6923185656593,925977908012,2998,2899,高价待调整,2026-05-05 11:12:56,无截图
拼多多2,https://mobile.yangkeduo.com/goods.html?goods_id=925958299439,云米(VIOMI) 家用昆仑4弱碱1200G 矿物质直饮反渗透厨下过滤器,925958299439,925958299439,3999,,正常,2026-05-05 11:12:56,无截图
拼多多2,https://mobile.yangkeduo.com/goods.html?goods_id=925904229459,VIOMI云米净水器600G小蓝调厨下式RO反渗透直饮家用6年长效,925904229459,925904229459,728,,百亿补贴,2026-05-05 11:12:56,无截图
拼多多2,https://mobile.yangkeduo.com/goods.html?goods_id=925874862450,小京龙Pro1100G,6923185655220,925874862450,799,1099,破价警报 | 百亿补贴,2026-05-05 11:12:56,无截图
拼多多2,https://mobile.yangkeduo.com/goods.html?goods_id=925737084752,门锁普通版E30,6923185656074,925737084752,499,,限时折扣,2026-05-05 11:12:56,无截图
拼多多2,https://mobile.yangkeduo.com/goods.html?goods_id=916998985237,云米(VIOMI)净水机昆仑3 2E净矿1000G净水器 6年RO膜 接入米家,916998985237,916998985237,2599,,正常,2026-05-05 11:12:56,无截图
拼多多2,https://mobile.yangkeduo.com/goods.html?goods_id=925730122772,蓝调智能门锁（大屏猫眼版）,6923185654667,925730122772,999,,正常,2026-05-05 11:12:56,无截图
拼多多2,https://mobile.yangkeduo.com/goods.html?goods_id=925730329478,云米蓝调智能门锁（基础版）,6923185655381,925730329478,499,,限时折扣,2026-05-05 11:12:56,无截图
拼多多2,https://mobile.yangkeduo.com/goods.html?goods_id=925731404024,门锁掌静脉,6923185655398,925731404024,1499,,正常,2026-05-05 11:12:56,无截图
拼多多2,https://mobile.yangkeduo.com/goods.html?goods_id=925231209174,蓝调智能门锁（人脸猫眼版）,6923185654650,925231209174,709,,限时折扣,2026-05-05 11:12:56,无截图
拼多多2,https://mobile.yangkeduo.com/goods.html?goods_id=925230364669,蓝调智能门锁（3D人脸版）,6923185654643,925230364669,629,,限时折扣,2026-05-05 11:12:56,无截图
拼多多2,https://mobile.yangkeduo.com/goods.html?goods_id=920795499656,VIOMI云米小海豚3净水器5年长效RO反渗透厨下一体机水过滤大通量,920795499656,920795499656,1299,,正常,2026-05-05 11:12:56,无截图
拼多多2,https://mobile.yangkeduo.com/goods.html?goods_id=920088070226,云米新品鲲鹏PRO油烟机28m³大吸力易清洁挥手智控烟灶联动小噪音,920088070226,920088070226,2399,,正常,2026-05-05 11:12:56,无截图
拼多多2,https://mobile.yangkeduo.com/goods.html?goods_id=918828889854,VIOMI云米净水器600G小蓝调厨下式RO反渗透直饮家用6年长效,918828889854,918828889854,1299,,正常,2026-05-05 11:12:56,无截图
拼多多2,https://mobile.yangkeduo.com/goods.html?goods_id=917044137245,云米前置过滤器家用自来水前置净水器自动反冲洗全屋净水机大流量,917044137245,917044137245,498,,正常,2026-05-05 11:12:56,无截图
拼多多2,https://mobile.yangkeduo.com/goods.html?goods_id=917042534932,云米前置过滤器家用自来水前置净水器自动反冲洗全屋净水机大流量,917042534932,917042534932,498,,正常,2026-05-05 11:12:56,无截图
拼多多2,https://mobile.yangkeduo.com/goods.html?goods_id=917038452382,小海豚+管线机,"S2405281401001,S2407170910001",917038452382,1349,,限量折扣,2026-05-05 11:12:56,无截图
拼多多2,https://mobile.yangkeduo.com/goods.html?goods_id=917038452382,小海豚+管线机,"S2405281401001,S2407170910001",917038452382,1449,,限量折扣,2026-05-05 11:12:56,无截图
拼多多2,https://mobile.yangkeduo.com/goods.html?goods_id=917034829515,管线机2E,6923185650966,917034829515,869,1599,破价警报 | 百亿补贴,2026-05-05 11:12:56,无截图
拼多多2,https://mobile.yangkeduo.com/goods.html?goods_id=917032713009,管线机2S,6923185652526,917032713009,669,1699,破价警报 | 百亿补贴,2026-05-05 11:12:56,无截图
拼多多2,https://mobile.yangkeduo.com/goods.html?goods_id=917031150770,云米·泉先AI净水器蓝调600G+,6923185653592,917031150770,1299,999,高价待调整,2026-05-05 11:12:56,无截图
拼多多2,https://mobile.yangkeduo.com/goods.html?goods_id=917001945930,云米矿泉台式净饮机即热式饮水机直饮家用矿化加热一体机净水器,917001945930,917001945930,2199,,正常,2026-05-05 11:12:56,无截图
拼多多2,https://mobile.yangkeduo.com/goods.html?goods_id=916996455515,云米AI冷热管线机Super2 Pro,6923185655794,916996455515,1289,1999,破价警报 | 限时折扣,2026-05-05 11:12:56,无截图
拼多多2,https://mobile.yangkeduo.com/goods.html?goods_id=916452280972,900G,6923185654292,916452280972,1998,1499,高价待调整,2026-05-05 11:12:56,无截图
拼多多2,https://mobile.yangkeduo.com/goods.html?goods_id=916441693850,云米(VIOMI) 小海豚PRO 家用净水机 净水器 反渗透大通量 RO膜,916441693850,916441693850,899,,限量折扣,2026-05-05 11:12:56,无截图
拼多多2,https://mobile.yangkeduo.com/goods.html?goods_id=916398420768,复合滤芯,"6923185614258,6923185615750,6923185614265",916398420768,128.98,,限量折扣,2026-05-05 11:12:56,无截图
拼多多2,https://mobile.yangkeduo.com/goods.html?goods_id=916398420768,复合滤芯,"6923185614258,6923185615750,6923185614265",916398420768,128.98,,限量折扣,2026-05-05 11:12:56,无截图
拼多多2,https://mobile.yangkeduo.com/goods.html?goods_id=916398420768,复合滤芯,"6923185614258,6923185615750,6923185614265",916398420768,148.98,,限量折扣,2026-05-05 11:12:56,无截图
拼多多2,https://mobile.yangkeduo.com/goods.html?goods_id=916398420768,复合滤芯,"6923185614258,6923185615750,6923185614265",916398420768,128.98,,限量折扣,2026-05-05 11:12:56,无截图
拼多多2,https://mobile.yangkeduo.com/goods.html?goods_id=916398420768,复合滤芯,"6923185614258,6923185615750,6923185614265",916398420768,128.98,,限量折扣,2026-05-05 11:12:56,无截图
拼多多2,https://mobile.yangkeduo.com/goods.html?goods_id=916398420768,复合滤芯,"6923185614258,6923185615750,6923185614265",916398420768,128.98,,限量折扣,2026-05-05 11:12:56,无截图
拼多多2,https://mobile.yangkeduo.com/goods.html?goods_id=916398420768,复合滤芯,"6923185614258,6923185615750,6923185614265",916398420768,128.98,,限量折扣,2026-05-05 11:12:56,无截图
拼多多2,https://mobile.yangkeduo.com/goods.html?goods_id=916398420768,复合滤芯,"6923185614258,6923185615750,6923185614265",916398420768,128.98,,限量折扣,2026-05-05 11:12:56,无截图
拼多多2,https://mobile.yangkeduo.com/goods.html?goods_id=916398420768,复合滤芯,"6923185614258,6923185615750,6923185614265",916398420768,148.98,,限量折扣,2026-05-05 11:12:56,无截图
拼多多2,https://mobile.yangkeduo.com/goods.html?goods_id=916398420768,复合滤芯,"6923185614258,6923185615750,6923185614265",916398420768,178.98,,限量折扣,2026-05-05 11:12:56,无截图
拼多多2,https://mobile.yangkeduo.com/goods.html?goods_id=916398420768,复合滤芯,"6923185614258,6923185615750,6923185614265",916398420768,178.98,,限量折扣,2026-05-05 11:12:56,无截图
拼多多2,https://mobile.yangkeduo.com/goods.html?goods_id=916398420768,复合滤芯,"6923185614258,6923185615750,6923185614265",916398420768,128.98,,限量折扣,2026-05-05 11:12:56,无截图
拼多多2,https://mobile.yangkeduo.com/goods.html?goods_id=916398420768,复合滤芯,"6923185614258,6923185615750,6923185614265",916398420768,128.98,,限量折扣,2026-05-05 11:12:56,无截图
拼多多2,https://mobile.yangkeduo.com/goods.html?goods_id=916398420768,复合滤芯,"6923185614258,6923185615750,6923185614265",916398420768,128.98,,限量折扣,2026-05-05 11:12:56,无截图
拼多多2,https://mobile.yangkeduo.com/goods.html?goods_id=916398420768,复合滤芯,"6923185614258,6923185615750,6923185614265",916398420768,128.98,,限量折扣,2026-05-05 11:12:56,无截图
拼多多2,https://mobile.yangkeduo.com/goods.html?goods_id=916398420768,复合滤芯,"6923185614258,6923185615750,6923185614265",916398420768,258.98,,限量折扣,2026-05-05 11:12:56,无截图
拼多多2,https://mobile.yangkeduo.com/goods.html?goods_id=916398420768,复合滤芯,"6923185614258,6923185615750,6923185614265",916398420768,158.99,,限量折扣,2026-05-05 11:12:56,无截图
拼多多2,https://mobile.yangkeduo.com/goods.html?goods_id=916398420768,复合滤芯,"6923185614258,6923185615750,6923185614265",916398420768,148.98,,限量折扣,2026-05-05 11:12:56,无截图
拼多多2,https://mobile.yangkeduo.com/goods.html?goods_id=916398420768,复合滤芯,"6923185614258,6923185615750,6923185614265",916398420768,278.98,,限量折扣,2026-05-05 11:12:56,无截图
拼多多2,https://mobile.yangkeduo.com/goods.html?goods_id=916398420768,复合滤芯,"6923185614258,6923185615750,6923185614265",916398420768,278.98,,限量折扣,2026-05-05 11:12:56,无截图
拼多多2,https://mobile.yangkeduo.com/goods.html?goods_id=916398420768,复合滤芯,"6923185614258,6923185615750,6923185614265",916398420768,278.98,,限量折扣,2026-05-05 11:12:56,无截图
拼多多2,https://mobile.yangkeduo.com/goods.html?goods_id=916398420768,复合滤芯,"6923185614258,6923185615750,6923185614265",916398420768,278.98,,限量折扣,2026-05-05 11:12:56,无截图
拼多多2,https://mobile.yangkeduo.com/goods.html?goods_id=916398420768,复合滤芯,"6923185614258,6923185615750,6923185614265",916398420768,258.98,,限量折扣,2026-05-05 11:12:56,无截图
拼多多2,https://mobile.yangkeduo.com/goods.html?goods_id=915797572693,600G滤芯套餐,S2412282008001,915797572693,699,,百亿补贴,2026-05-05 11:12:56,无截图
拼多多2,https://mobile.yangkeduo.com/goods.html?goods_id=885690465484,小海豚600G+,6923185653684,885690465484,559,559,百亿补贴,2026-05-05 11:12:56,无截图
拼多多2,https://mobile.yangkeduo.com/goods.html?goods_id=882919216767,小白龙 800G+,6923185653974,882919216767,1199,1299,破价警报,2026-05-05 11:12:56,无截图
拼多多2,https://mobile.yangkeduo.com/goods.html?goods_id=879245702873,VIOMI云米小海豚3净水器5年长效RO反渗透厨下一体机水过滤大通量,879245702873,879245702873,1299,,正常,2026-05-05 11:12:56,无截图
拼多多2,https://mobile.yangkeduo.com/goods.html?goods_id=874350558652,VIOMI云米滤芯 小海豚3适用,874350558652,874350558652,129,,限量折扣,2026-05-05 11:12:56,无截图
拼多多2,https://mobile.yangkeduo.com/goods.html?goods_id=874350558652,VIOMI云米滤芯 小海豚3适用,874350558652,874350558652,299,,限量折扣,2026-05-05 11:12:56,无截图
拼多多2,https://mobile.yangkeduo.com/goods.html?goods_id=873053402073,VIOMI云米小海豚3净水器5年长效RO反渗透厨下一体机水过滤大通量,873053402073,873053402073,1199,,正常,2026-05-05 11:12:56,无截图
拼多多2,https://mobile.yangkeduo.com/goods.html?goods_id=530950162370,云米小海豚2 1000G净水器净水机管线机即热饮水机前置过滤器套装,530950162370,530950162370,2699,,正常,2026-05-05 11:12:56,无截图
拼多多2,https://mobile.yangkeduo.com/goods.html?goods_id=530950162370,云米小海豚2 1000G净水器净水机管线机即热饮水机前置过滤器套装,530950162370,530950162370,2999,,正常,2026-05-05 11:12:56,无截图
拼多多2,https://mobile.yangkeduo.com/goods.html?goods_id=500282125061,云米1.5匹变频冷暖Milano2ProAI语音UVC除菌新一级智能电器挂机,500282125061,500282125061,2799,,正常,2026-05-05 11:12:56,无截图
拼多多2,https://mobile.yangkeduo.com/goods.html?goods_id=497869228081,云米521升风冷无霜一级变频十字四开门对开门大容量智能电器冰箱,497869228081,497869228081,2799,,正常,2026-05-05 11:12:56,无截图
拼多多2,https://mobile.yangkeduo.com/goods.html?goods_id=491420502929,云米1.5匹AI智能电器变频空调冷暖两用新一级省电家用杀菌挂机,491420502929,491420502929,2599,,正常,2026-05-05 11:12:56,无截图
拼多多2,https://mobile.yangkeduo.com/goods.html?goods_id=489538266025,云米TDS水质检测笔测水质仪饮用水检测器家用自来水水质测试仪器,489538266025,489538266025,99,,正常,2026-05-05 11:12:56,无截图
拼多多2,https://mobile.yangkeduo.com/goods.html?goods_id=6120759451,云米VO1602电烤箱多功能烤箱家用烘焙小型蛋糕电烤鸡翅披萨16L,6120759451,6120759451,149,,正常,2026-05-05 11:12:56,无截图
京东,https://item.jd.com/100124625239.html,云米小厨宝6L,6923185611233,100124625239,299,,未知,2026-05-06 10:09:09,d:\WorkSpace\01_自动化开发\App1_Price_Monitor品牌价格\price_screenshots\2026-05-06_JD_6923185611233_100124625239.jpg
京东,https://item.jd.com/10089201209435.html,云米小厨宝6L,6923185611233,10089201209435,299,,未知,2026-05-06 10:09:17,d:\WorkSpace\01_自动化开发\App1_Price_Monitor品牌价格\price_screenshots\2026-05-06_JD_6923185611233_10089201209435.jpg
京东,https://item.jd.com/10192759343298.html,门锁普通版E30,6923185656074,10192759343298,569.39,,未知,2026-05-06 10:09:36,d:\WorkSpace\01_自动化开发\App1_Price_Monitor品牌价格\price_screenshots\2026-05-06_JD_6923185656074_10192759343298.jpg
京东,https://item.jd.com/10196375716835.html,门锁普通版E30,6923185656074,10196375716835,499,,未知,2026-05-06 10:09:56,d:\WorkSpace\01_自动化开发\App1_Price_Monitor品牌价格\price_screenshots\2026-05-06_JD_6923185656074_10196375716835.jpg
京东,https://item.jd.com/100013447067.html,smart 前置过滤器 （VF4-A）,6923185621058,100013447067,440.28,499,破价警报,2026-05-06 10:10:06,d:\WorkSpace\01_自动化开发\App1_Price_Monitor品牌价格\price_screenshots\2026-05-06_JD_6923185621058_100013447067.jpg
京东,https://item.jd.com/100147404880.html,smart 3,6923185654773,100147404880,509.15,,未知,2026-05-06 10:10:14,d:\WorkSpace\01_自动化开发\App1_Price_Monitor品牌价格\price_screenshots\2026-05-06_JD_6923185654773_100147404880.jpg
京东,https://item.jd.com/10095813745701.html,云米电热水器X1（50L）,6923185614920,10095813745701,539,,未知,2026-05-06 10:10:21,d:\WorkSpace\01_自动化开发\App1_Price_Monitor品牌价格\price_screenshots\2026-05-06_JD_6923185614920_10095813745701.jpg
京东,https://item.jd.com/10095813745702.html,云米电热水器X1（60L）,6923185614937,10095813745702,569,,未知,2026-05-06 10:10:28,d:\WorkSpace\01_自动化开发\App1_Price_Monitor品牌价格\price_screenshots\2026-05-06_JD_6923185614937_10095813745702.jpg
京东,https://item.jd.com/10097111681728.html,云米电热水器X1（60L）,6923185614937,10097111681728,569,,未知,2026-05-06 10:10:51,d:\WorkSpace\01_自动化开发\App1_Price_Monitor品牌价格\price_screenshots\2026-05-06_JD_6923185614937_10097111681728.jpg
京东,https://item.jd.com/10154100555262.html,云米蓝调智能门锁（基础版）,6923185655381,10154100555262,493.88,,未知,2026-05-06 10:11:18,d:\WorkSpace\01_自动化开发\App1_Price_Monitor品牌价格\price_screenshots\2026-05-06_JD_6923185655381_10154100555262.jpg
京东,https://item.jd.com/100070514318.html,云米AI燃气灶 Super   5.2（天然气）,6923185650348,100070514318,799,,未知,2026-05-06 10:11:39,d:\WorkSpace\01_自动化开发\App1_Price_Monitor品牌价格\price_screenshots\2026-05-06_JD_6923185650348_100070514318.jpg
京东,https://item.jd.com/100167111601.html,蓝调2燃气热水器13L,6923185655688,100167111601,Not Found,,抓取失败,2026-05-06 10:12:01,d:\WorkSpace\01_自动化开发\App1_Price_Monitor品牌价格\error_screenshots\fail_JD_100167111601.png
京东,https://item.jd.com/10176913186809.html,蓝调2燃气热水器13L,6923185655688,10176913186809,Not Found,,抓取失败,2026-05-06 10:12:22,d:\WorkSpace\01_自动化开发\App1_Price_Monitor品牌价格\error_screenshots\fail_JD_10176913186809.png
京东,https://item.jd.com/10092678440219.html,super5.0灶具（天然气）,6923185649656,10092678440219,679.15,,未知,2026-05-06 10:12:39,d:\WorkSpace\01_自动化开发\App1_Price_Monitor品牌价格\price_screenshots\2026-05-06_JD_6923185649656_10092678440219.jpg
京东,https://item.jd.com/100118324669.html,云米·泉先前置过滤器 Super,6923185649885,100118324669,Not Found,699,抓取失败,2026-05-06 10:13:00,d:\WorkSpace\01_自动化开发\App1_Price_Monitor品牌价格\error_screenshots\fail_JD_100118324669.png
京东,https://item.jd.com/10143724381196.html,云米·泉先前置过滤器 Super,6923185649885,10143724381196,599,699,破价警报,2026-05-06 10:13:23,d:\WorkSpace\01_自动化开发\App1_Price_Monitor品牌价格\price_screenshots\2026-05-06_JD_6923185649885_10143724381196.jpg
京东,https://item.jd.com/100028611839.html,云米AI电热水器 小蓝调50L,6923185649076,100028611839,723.35,,未知,2026-05-06 10:13:44,d:\WorkSpace\01_自动化开发\App1_Price_Monitor品牌价格\price_screenshots\2026-05-06_JD_6923185649076_100028611839.jpg
京东,https://item.jd.com/10114364850989.html,小鲸鱼 马桶盖,6923185654537,10114364850989,Not Found,,抓取失败,2026-05-06 10:14:18,d:\WorkSpace\01_自动化开发\App1_Price_Monitor品牌价格\error_screenshots\fail_JD_10114364850989.png
京东,https://item.jd.com/10168369255857.html,蓝调智能门锁（大屏猫眼版）,6923185654667,10168369255857,649.4,,未知,2026-05-06 10:14:42,d:\WorkSpace\01_自动化开发\App1_Price_Monitor品牌价格\price_screenshots\2026-05-06_JD_6923185654667_10168369255857.jpg
京东,https://item.jd.com/10152123375420.html,蓝调智能门锁（3D人脸版）,6923185654643,10152123375420,629.92,,未知,2026-05-06 10:15:05,d:\WorkSpace\01_自动化开发\App1_Price_Monitor品牌价格\price_screenshots\2026-05-06_JD_6923185654643_10152123375420.jpg
京东,https://item.jd.com/10075265423716.html,5.0KW聚能猛火灶,6923185650331,10075265423716,699,,未知,2026-05-06 10:15:26,d:\WorkSpace\01_自动化开发\App1_Price_Monitor品牌价格\price_screenshots\2026-05-06_JD_6923185650331_10075265423716.jpg
京东,https://item.jd.com/10152130264576.html,蓝调智能门锁（人脸猫眼版）,6923185654650,10152130264576,700,,未知,2026-05-06 10:15:41,d:\WorkSpace\01_自动化开发\App1_Price_Monitor品牌价格\price_screenshots\2026-05-06_JD_6923185654650_10152130264576.jpg
京东,https://item.jd.com/10101734415931.html,云米油烟机蓝调,6923185650973,10101734415931,859,,未知,2026-05-06 10:16:03,d:\WorkSpace\01_自动化开发\App1_Price_Monitor品牌价格\price_screenshots\2026-05-06_JD_6923185650973_10101734415931.jpg
京东,https://item.jd.com/10089284956258.html,flash烟机,6923185613664,10089284956258,899,,未知,2026-05-06 10:16:25,d:\WorkSpace\01_自动化开发\App1_Price_Monitor品牌价格\price_screenshots\2026-05-06_JD_6923185613664_10089284956258.jpg
京东,https://item.jd.com/10110061303564.html,云米互联网油烟机Flash,6923185613664,10110061303564,899,,未知,2026-05-06 10:16:45,d:\WorkSpace\01_自动化开发\App1_Price_Monitor品牌价格\price_screenshots\2026-05-06_JD_6923185613664_10110061303564.jpg
京东,https://item.jd.com/10110061303564.html,flash烟机,6923185613664,10110061303564,899,,未知,2026-05-06 10:17:09,d:\WorkSpace\01_自动化开发\App1_Price_Monitor品牌价格\price_screenshots\2026-05-06_JD_6923185613664_10110061303564.jpg
京东,https://item.jd.com/10090594806936.html,flash烟机,6923185613664,10090594806936,899,,未知,2026-05-06 10:17:35,d:\WorkSpace\01_自动化开发\App1_Price_Monitor品牌价格\price_screenshots\2026-05-06_JD_6923185613664_10090594806936.jpg
京东,https://item.jd.com/10093429580106.html,云米厨余垃圾处理器  PowerBox 尊享版,6923185610250,10093429580106,806.65,,未知,2026-05-06 10:17:58,d:\WorkSpace\01_自动化开发\App1_Price_Monitor品牌价格\price_screenshots\2026-05-06_JD_6923185610250_10093429580106.jpg
京东,https://item.jd.com/10168128067583.html,云米厨余垃圾处理器  PowerBox 尊享版,6923185610250,10168128067583,899,,未知,2026-05-06 10:18:20,d:\WorkSpace\01_自动化开发\App1_Price_Monitor品牌价格\price_screenshots\2026-05-06_JD_6923185610250_10168128067583.jpg
京东,https://item.jd.com/10091941834784.html,云米消毒柜（嵌入式）云米版,6923185604303,10091941834784,899,,未知,2026-05-06 10:18:43,d:\WorkSpace\01_自动化开发\App1_Price_Monitor品牌价格\price_screenshots\2026-05-06_JD_6923185604303_10091941834784.jpg
京东,https://item.jd.com/10103268736846.html,云米消毒柜（嵌入式）云米版,6923185604303,10103268736846,899,,未知,2026-05-06 10:19:07,d:\WorkSpace\01_自动化开发\App1_Price_Monitor品牌价格\price_screenshots\2026-05-06_JD_6923185604303_10103268736846.jpg
京东,https://item.jd.com/10105870187513.html,云米·泉先AI净水器蓝调600G+,6923185653592,10105870187513,648,999,破价警报,2026-05-06 10:19:29,d:\WorkSpace\01_自动化开发\App1_Price_Monitor品牌价格\price_screenshots\2026-05-06_JD_6923185653592_10105870187513.jpg
京东,https://item.jd.com/100220432807.html,蓝调2Pro-JSQ30-VGW1641,6923185656869,100220432807,1293,,未知,2026-05-06 10:19:50,d:\WorkSpace\01_自动化开发\App1_Price_Monitor品牌价格\price_screenshots\2026-05-06_JD_6923185656869_100220432807.jpg
京东,https://item.jd.com/100020870125.html,云米空调1匹两用挂机iCool 2T,S1648526111232,100020870125,1349,1099,高价待调整,2026-05-06 10:20:15,d:\WorkSpace\01_自动化开发\App1_Price_Monitor品牌价格\price_screenshots\2026-05-06_JD_S1648526111232_100020870125.jpg
京东,https://item.jd.com/10192764613659.html,门锁掌静脉,6923185655398,10192764613659,Not Found,,抓取失败,2026-05-06 10:20:36,d:\WorkSpace\01_自动化开发\App1_Price_Monitor品牌价格\error_screenshots\fail_JD_10192764613659.png
京东,https://item.jd.com/100193851271.html,云米蓝调系列多功能冰沙机,6923185656135,100193851271,Not Found,,抓取失败,2026-05-06 10:21:00,d:\WorkSpace\01_自动化开发\App1_Price_Monitor品牌价格\error_screenshots\fail_JD_100193851271.png
京东,https://item.jd.com/100147404904.html,云米AI油烟机 Smart 2 Pro,6923185653516,100147404904,Not Found,,抓取失败,2026-05-06 10:21:23,d:\WorkSpace\01_自动化开发\App1_Price_Monitor品牌价格\error_screenshots\fail_JD_100147404904.png
京东,https://item.jd.com/10089254213735.html,flash烟机+power5.0（天然气）,S2409261034001,10089254213735,Not Found,1399,抓取失败,2026-05-06 10:21:39,d:\WorkSpace\01_自动化开发\App1_Price_Monitor品牌价格\error_screenshots\fail_JD_10089254213735.png
京东,https://item.jd.com/100223552856.html,小京龙900G,6923185654292,100223552856,799,1499,破价警报,2026-05-06 10:21:48,d:\WorkSpace\01_自动化开发\App1_Price_Monitor品牌价格\price_screenshots\2026-05-06_JD_6923185654292_100223552856.jpg
京东,https://item.jd.com/10143719582452.html,云米·泉先 AI冷热管线机 Super 2E,6923185650966,10143719582452,989.1,1599,破价警报,2026-05-06 10:21:55,d:\WorkSpace\01_自动化开发\App1_Price_Monitor品牌价格\price_screenshots\2026-05-06_JD_6923185650966_10143719582452.jpg
京东,https://item.jd.com/100309470648.html,云米AI油烟机Super升级,6923185605829,100309470648,1784,,未知,2026-05-06 10:22:02,d:\WorkSpace\01_自动化开发\App1_Price_Monitor品牌价格\price_screenshots\2026-05-06_JD_6923185605829_100309470648.jpg
京东,https://item.jd.com/100094220985.html,云米·泉先AI管线机Master2S,6923185652526,100094220985,705.48,1699,破价警报,2026-05-06 10:22:12,d:\WorkSpace\01_自动化开发\App1_Price_Monitor品牌价格\price_screenshots\2026-05-06_JD_6923185652526_100094220985.jpg
京东,https://item.jd.com/10111293867587.html,云米·泉先AI管线机Master2S,6923185652526,10111293867587,935,1699,破价警报,2026-05-06 10:22:20,d:\WorkSpace\01_自动化开发\App1_Price_Monitor品牌价格\price_screenshots\2026-05-06_JD_6923185652526_10111293867587.jpg
京东,https://item.jd.com/100141797446.html,鲜活泉系列 Smart 1000G(小竹泉）,6923185654247,100141797446,960.61,1699,破价警报,2026-05-06 10:22:27,d:\WorkSpace\01_自动化开发\App1_Price_Monitor品牌价格\price_screenshots\2026-05-06_JD_6923185654247_100141797446.jpg
京东,https://item.jd.com/100193748406.html,云米AI净饮机Super 2,6923185615415,100193748406,1062.36,1699,破价警报,2026-05-06 10:22:34,d:\WorkSpace\01_自动化开发\App1_Price_Monitor品牌价格\price_screenshots\2026-05-06_JD_6923185615415_100193748406.jpg
京东,https://item.jd.com/10190216497508.html,云米AI净饮机Super 2,6923185615415,10190216497508,1037.34,1699,破价警报,2026-05-06 10:22:40,d:\WorkSpace\01_自动化开发\App1_Price_Monitor品牌价格\price_screenshots\2026-05-06_JD_6923185615415_10190216497508.jpg
京东,https://item.jd.com/100113886253.html,云米AI净水器Super 2Y 1200G,6923185653981,100113886253,1185.42,1899,破价警报,2026-05-06 10:22:47,d:\WorkSpace\01_自动化开发\App1_Price_Monitor品牌价格\price_screenshots\2026-05-06_JD_6923185653981_100113886253.jpg
京东,https://item.jd.com/100152351404.html,云米AI净水器Super 2Y 1200G,6923185653981,100152351404,3511.27,1899,高价待调整,2026-05-06 10:22:54,d:\WorkSpace\01_自动化开发\App1_Price_Monitor品牌价格\price_screenshots\2026-05-06_JD_6923185653981_100152351404.jpg
京东,https://item.jd.com/10109665694149.html,云米AI净水器Super 2Y 1200G,6923185653981,10109665694149,1141.55,1899,破价警报,2026-05-06 10:23:16,d:\WorkSpace\01_自动化开发\App1_Price_Monitor品牌价格\price_screenshots\2026-05-06_JD_6923185653981_10109665694149.jpg
京东,https://item.jd.com/10137116625841.html,"即热1000G,MAIN84",6923185651116,10137116625841,1359.15,1899,破价警报,2026-05-06 10:23:39,d:\WorkSpace\01_自动化开发\App1_Price_Monitor品牌价格\price_screenshots\2026-05-06_JD_6923185651116_10137116625841.jpg
京东,https://item.jd.com/100216835595.html,云米AI冷热管线机Super2 Pro,6923185655794,100216835595,1282.43,1999,破价警报,2026-05-06 10:24:01,d:\WorkSpace\01_自动化开发\App1_Price_Monitor品牌价格\price_screenshots\2026-05-06_JD_6923185655794_100216835595.jpg
京东,https://item.jd.com/10190163229722.html,云米AI冷热管线机Super2 Pro,6923185655794,10190163229722,1513.99,1999,破价警报,2026-05-06 10:24:22,d:\WorkSpace\01_自动化开发\App1_Price_Monitor品牌价格\price_screenshots\2026-05-06_JD_6923185655794_10190163229722.jpg
京东,https://item.jd.com/10190186867694.html,云米AI冷热管线机Super2 Pro,6923185655794,10190186867694,1699,1999,破价警报,2026-05-06 10:24:40,d:\WorkSpace\01_自动化开发\App1_Price_Monitor品牌价格\price_screenshots\2026-05-06_JD_6923185655794_10190186867694.jpg
京东,https://item.jd.com/10130854696036.html,云米智能马桶 小鲸鱼 2 Pro,6923185654575,10130854696036,3229.15,,未知,2026-05-06 10:25:03,d:\WorkSpace\01_自动化开发\App1_Price_Monitor品牌价格\price_screenshots\2026-05-06_JD_6923185654575_10130854696036.jpg
京东,https://item.jd.com/100167111617.html,云米AI油烟机 鲲鹏Pro,6923185605379,100167111617,2489,,未知,2026-05-06 10:25:26,d:\WorkSpace\01_自动化开发\App1_Price_Monitor品牌价格\price_screenshots\2026-05-06_JD_6923185605379_100167111617.jpg
京东,https://item.jd.com/10114588738475.html,云米AI昆仑矿泉净水机 Super 2E 2500,6923185654254,10114588738475,1513.99,2499,破价警报,2026-05-06 10:25:49,d:\WorkSpace\01_自动化开发\App1_Price_Monitor品牌价格\price_screenshots\2026-05-06_JD_6923185654254_10114588738475.jpg
京东,https://item.jd.com/10116378745406.html,云米AI昆仑矿泉净水机 Super 2E 2500,6923185654254,10116378745406,1699,2499,破价警报,2026-05-06 10:26:11,d:\WorkSpace\01_自动化开发\App1_Price_Monitor品牌价格\price_screenshots\2026-05-06_JD_6923185654254_10116378745406.jpg
京东,https://item.jd.com/100135346870.html,云米AI昆仑矿泉净水机 Super 2E 2500,6923185654254,100135346870,1545.63,2499,破价警报,2026-05-06 10:26:34,d:\WorkSpace\01_自动化开发\App1_Price_Monitor品牌价格\price_screenshots\2026-05-06_JD_6923185654254_100135346870.jpg
京东,https://item.jd.com/100210261709.html,小京龙2Pro净矿,6923185656791,100210261709,1767.96,2499,破价警报,2026-05-06 10:26:56,d:\WorkSpace\01_自动化开发\App1_Price_Monitor品牌价格\price_screenshots\2026-05-06_JD_6923185656791_100210261709.jpg
京东,https://item.jd.com/100105676026.html,云米AI净水器昆仑 Super 2S 1200G,6923185653585,100105676026,1739.01,2699,破价警报,2026-05-06 10:27:17,d:\WorkSpace\01_自动化开发\App1_Price_Monitor品牌价格\price_screenshots\2026-05-06_JD_6923185653585_100105676026.jpg
京东,https://item.jd.com/10103267064546.html,蒸烤一体机FaceA1,6923185620136,10103267064546,2699,,未知,2026-05-06 10:27:41,d:\WorkSpace\01_自动化开发\App1_Price_Monitor品牌价格\price_screenshots\2026-05-06_JD_6923185620136_10103267064546.jpg
京东,https://item.jd.com/10206797283677.html,昆仑3 即热矿泉,6923185654445,10206797283677,2314,2999,破价警报,2026-05-06 10:28:03,d:\WorkSpace\01_自动化开发\App1_Price_Monitor品牌价格\price_screenshots\2026-05-06_JD_6923185654445_10206797283677.jpg
京东,https://item.jd.com/10202290093822.html,昆仑4 弱碱Pro 1400G,6923185655718,10202290093822,2999,3599,破价警报,2026-05-06 10:28:26,d:\WorkSpace\01_自动化开发\App1_Price_Monitor品牌价格\price_screenshots\2026-05-06_JD_6923185655718_10202290093822.jpg
京东,https://item.jd.com/100215523232.html,昆仑4 制冰台净,6923185655787,100215523232,2921.11,4399,破价警报,2026-05-06 10:28:49,d:\WorkSpace\01_自动化开发\App1_Price_Monitor品牌价格\price_screenshots\2026-05-06_JD_6923185655787_100215523232.jpg
拼多多,https://mobile.yangkeduo.com/goods.html?goods_id=912927521784,小京龙2Pro净矿,6923185656791,912927521784,1273,2499,破价警报 | 百亿补贴,2026-05-06 10:33:03,无截图
拼多多,https://mobile.yangkeduo.com/goods.html?goods_id=908884844099,管线机2S,6923185652526,908884844099,709,1699,破价警报 | 限时折扣,2026-05-06 10:33:03,无截图
拼多多,https://mobile.yangkeduo.com/goods.html?goods_id=908879495872,smart 前置过滤器 （VF4-A）,6923185621058,908879495872,498,499,正常,2026-05-06 10:33:03,无截图
拼多多,https://mobile.yangkeduo.com/goods.html?goods_id=907974025123,小海豚1000G,6923185654865,907974025123,899,899,限量折扣,2026-05-06 10:33:03,无截图
拼多多,https://mobile.yangkeduo.com/goods.html?goods_id=907033710117,云米昆仑3矿泉净水器2S Pro,6923185656593,907033710117,2998,2899,高价待调整,2026-05-06 10:33:03,无截图
拼多多,https://mobile.yangkeduo.com/goods.html?goods_id=873065157674,小海豚600G适用滤芯,6923185618379,873065157674,598,299,高价待调整,2026-05-06 10:33:03,无截图
拼多多,https://mobile.yangkeduo.com/goods.html?goods_id=873065157674,小海豚600G适用滤芯,6923185618379,873065157674,598,299,高价待调整,2026-05-06 10:33:03,无截图
拼多多,https://mobile.yangkeduo.com/goods.html?goods_id=873065157674,小海豚600G适用滤芯,6923185618379,873065157674,598,299,高价待调整,2026-05-06 10:33:03,无截图
拼多多,https://mobile.yangkeduo.com/goods.html?goods_id=873065157674,小海豚600G适用滤芯,6923185618379,873065157674,698,299,高价待调整,2026-05-06 10:33:03,无截图
拼多多,https://mobile.yangkeduo.com/goods.html?goods_id=873065157674,小海豚600G适用滤芯,6923185618379,873065157674,798,299,高价待调整,2026-05-06 10:33:03,无截图
拼多多,https://mobile.yangkeduo.com/goods.html?goods_id=873065157674,小海豚600G适用滤芯,6923185618379,873065157674,799,299,高价待调整,2026-05-06 10:33:03,无截图
拼多多,https://mobile.yangkeduo.com/goods.html?goods_id=873065157674,小海豚600G适用滤芯,6923185618379,873065157674,898,299,高价待调整,2026-05-06 10:33:03,无截图
拼多多,https://mobile.yangkeduo.com/goods.html?goods_id=873065157674,小海豚600G适用滤芯,6923185618379,873065157674,898,299,高价待调整,2026-05-06 10:33:03,无截图
拼多多,https://mobile.yangkeduo.com/goods.html?goods_id=873065157674,小海豚600G适用滤芯,6923185618379,873065157674,898,299,高价待调整,2026-05-06 10:33:03,无截图
拼多多,https://mobile.yangkeduo.com/goods.html?goods_id=873065157674,小海豚600G适用滤芯,6923185618379,873065157674,899,299,高价待调整,2026-05-06 10:33:03,无截图
拼多多,https://mobile.yangkeduo.com/goods.html?goods_id=872941778883,1000G复合滤芯,6923185653998,872941778883,288,298,破价警报,2026-05-06 10:33:03,无截图
拼多多,https://mobile.yangkeduo.com/goods.html?goods_id=872941778883,1000G复合滤芯,6923185653998,872941778883,288,298,破价警报,2026-05-06 10:33:03,无截图
拼多多,https://mobile.yangkeduo.com/goods.html?goods_id=872941778883,1000G复合滤芯,6923185653998,872941778883,288,298,破价警报,2026-05-06 10:33:03,无截图
拼多多,https://mobile.yangkeduo.com/goods.html?goods_id=872941778883,1000G复合滤芯,6923185653998,872941778883,288,298,破价警报,2026-05-06 10:33:03,无截图
拼多多,https://mobile.yangkeduo.com/goods.html?goods_id=872941778883,1000G复合滤芯,6923185653998,872941778883,288,298,破价警报,2026-05-06 10:33:03,无截图
拼多多,https://mobile.yangkeduo.com/goods.html?goods_id=872941778883,1000G复合滤芯,6923185653998,872941778883,288,298,破价警报,2026-05-06 10:33:03,无截图
拼多多,https://mobile.yangkeduo.com/goods.html?goods_id=872941778883,1000G复合滤芯,6923185653998,872941778883,288,298,破价警报,2026-05-06 10:33:03,无截图
拼多多,https://mobile.yangkeduo.com/goods.html?goods_id=872941778883,1000G复合滤芯,6923185653998,872941778883,288,298,破价警报,2026-05-06 10:33:03,无截图
拼多多,https://mobile.yangkeduo.com/goods.html?goods_id=872941778883,1000G复合滤芯,6923185653998,872941778883,288,298,破价警报,2026-05-06 10:33:03,无截图
拼多多,https://mobile.yangkeduo.com/goods.html?goods_id=872941778883,1000G复合滤芯,6923185653998,872941778883,289,298,破价警报,2026-05-06 10:33:03,无截图
拼多多,https://mobile.yangkeduo.com/goods.html?goods_id=872941778883,1000G复合滤芯,6923185653998,872941778883,289,298,破价警报,2026-05-06 10:33:03,无截图
拼多多,https://mobile.yangkeduo.com/goods.html?goods_id=872941778883,1000G复合滤芯,6923185653998,872941778883,289,298,破价警报,2026-05-06 10:33:03,无截图
拼多多,https://mobile.yangkeduo.com/goods.html?goods_id=872941778883,1000G复合滤芯,6923185653998,872941778883,289,298,破价警报,2026-05-06 10:33:03,无截图
拼多多,https://mobile.yangkeduo.com/goods.html?goods_id=872941778883,1000G复合滤芯,6923185653998,872941778883,289,298,破价警报,2026-05-06 10:33:03,无截图
拼多多,https://mobile.yangkeduo.com/goods.html?goods_id=872941778883,1000G复合滤芯,6923185653998,872941778883,289,298,破价警报,2026-05-06 10:33:03,无截图
拼多多,https://mobile.yangkeduo.com/goods.html?goods_id=872941778883,1000G复合滤芯,6923185653998,872941778883,289,298,破价警报,2026-05-06 10:33:03,无截图
拼多多,https://mobile.yangkeduo.com/goods.html?goods_id=872941778883,1000G复合滤芯,6923185653998,872941778883,299,298,高价待调整,2026-05-06 10:33:03,无截图
拼多多,https://mobile.yangkeduo.com/goods.html?goods_id=872941778883,1000G复合滤芯,6923185653998,872941778883,299,298,高价待调整,2026-05-06 10:33:03,无截图
拼多多,https://mobile.yangkeduo.com/goods.html?goods_id=872941778883,1000G复合滤芯,6923185653998,872941778883,398,298,高价待调整,2026-05-06 10:33:03,无截图
拼多多,https://mobile.yangkeduo.com/goods.html?goods_id=872941778883,1000G复合滤芯,6923185653998,872941778883,398,298,高价待调整,2026-05-06 10:33:03,无截图
拼多多,https://mobile.yangkeduo.com/goods.html?goods_id=872941778883,1000G复合滤芯,6923185653998,872941778883,398,298,高价待调整,2026-05-06 10:33:03,无截图
拼多多,https://mobile.yangkeduo.com/goods.html?goods_id=872941778883,1000G复合滤芯,6923185653998,872941778883,399,298,高价待调整,2026-05-06 10:33:03,无截图
拼多多,https://mobile.yangkeduo.com/goods.html?goods_id=872941778883,1000G复合滤芯,6923185653998,872941778883,399,298,高价待调整,2026-05-06 10:33:03,无截图
拼多多,https://mobile.yangkeduo.com/goods.html?goods_id=870799733097,油烟机 smart2,6923185653110,870799733097,1599,,正常,2026-05-06 10:33:03,无截图
拼多多,https://mobile.yangkeduo.com/goods.html?goods_id=868834124642,云米AI油烟机Super升级,6923185605829,868834124642,1699,,正常,2026-05-06 10:33:03,无截图
拼多多,https://mobile.yangkeduo.com/goods.html?goods_id=868851073714,小海豚3,6923185605867,868851073714,499,499,百亿补贴,2026-05-06 10:33:03,无截图
拼多多,https://mobile.yangkeduo.com/goods.html?goods_id=862873034610,小海豚3,6923185605867,862873034610,618.6,499,高价待调整 | 百亿补贴,2026-05-06 10:33:03,无截图
拼多多,https://mobile.yangkeduo.com/goods.html?goods_id=862873034610,小海豚3,6923185605867,862873034610,728.6,499,高价待调整 | 百亿补贴,2026-05-06 10:33:03,无截图
拼多多,https://mobile.yangkeduo.com/goods.html?goods_id=862584688956,门锁门禁卡,6923185654230,862584688956,25,19,高价待调整,2026-05-06 10:33:03,无截图
拼多多,https://mobile.yangkeduo.com/goods.html?goods_id=861508688697,管线机2E,6923185650966,861508688697,1998,1599,高价待调整,2026-05-06 10:33:03,无截图
拼多多,https://mobile.yangkeduo.com/goods.html?goods_id=852932116812,云米净水器600G小海豚升级版厨下式RO反渗透直饮家用,852932116812,852932116812,772,,百亿补贴,2026-05-06 10:33:03,无截图
拼多多,https://mobile.yangkeduo.com/goods.html?goods_id=852614628903,云米厨余垃圾处理器  PowerBox 尊享版,6923185610250,852614628903,889,,百亿补贴同价上首页,2026-05-06 10:33:03,无截图
拼多多,https://mobile.yangkeduo.com/goods.html?goods_id=852161740747,小海豚600G+,6923185653684,852161740747,899,559,高价待调整,2026-05-06 10:33:03,无截图
拼多多,https://mobile.yangkeduo.com/goods.html?goods_id=852010588191,蓝调2Pro-JSQ30-VGW1641,6923185656869,852010588191,1099,,正常,2026-05-06 10:33:03,无截图
拼多多,https://mobile.yangkeduo.com/goods.html?goods_id=850883552953,云米·泉先AI净水器蓝调600G+,6923185653592,850883552953,1299,999,高价待调整,2026-05-06 10:33:03,无截图
拼多多,https://mobile.yangkeduo.com/goods.html?goods_id=850344043841,云米AI净饮机Super 2,6923185615415,850344043841,1039,1699,破价警报 | 限时折扣,2026-05-06 10:33:03,无截图
拼多多,https://mobile.yangkeduo.com/goods.html?goods_id=849648457333,云米AI昆仑矿泉净水机 Super 2E 2500,6923185654254,849648457333,1519,2499,破价警报 | 限时折扣,2026-05-06 10:33:03,无截图
拼多多,https://mobile.yangkeduo.com/goods.html?goods_id=849000374681,云米AI净水器Super 2Y 1200G,6923185653981,849000374681,1149,1899,破价警报 | 限时折扣,2026-05-06 10:33:03,无截图
拼多多,https://mobile.yangkeduo.com/goods.html?goods_id=846212481564,云米蓝调2双胆电热水器60L超短超薄速热增容大水量3000W杀菌安全,846212481564,846212481564,1199,,正常,2026-05-06 10:33:03,无截图
拼多多,https://mobile.yangkeduo.com/goods.html?goods_id=837301408995,云米AI冷热管线机Super2 Pro,6923185655794,837301408995,1289,1999,破价警报 | 限时折扣,2026-05-06 10:33:03,无截图
拼多多,https://mobile.yangkeduo.com/goods.html?goods_id=832431516907,门锁普通版E30,6923185656074,832431516907,499,,限时折扣,2026-05-06 10:33:03,无截图
拼多多,https://mobile.yangkeduo.com/goods.html?goods_id=823432069145,手持吸尘器,6923185611844,823432069145,999,602,高价待调整,2026-05-06 10:33:03,无截图
拼多多,https://mobile.yangkeduo.com/goods.html?goods_id=819506595979,云米净水器  600G+ 新升级厨下式RO反渗透直饮家用,819506595979,819506595979,1099,,正常,2026-05-06 10:33:03,无截图
拼多多,https://mobile.yangkeduo.com/goods.html?goods_id=806062288852,云米无线手持吸尘器家用立式除螨大吸力吸尘机A9长续航宠物家庭,806062288852,806062288852,999,,正常,2026-05-06 10:33:03,无截图
拼多多,https://mobile.yangkeduo.com/goods.html?goods_id=795732084979,云米燃气热水器增压水伺服恒温省气抗风节能排气16L已接入米家APP,795732084979,795732084979,1599,,正常,2026-05-06 10:33:03,无截图
拼多多,https://mobile.yangkeduo.com/goods.html?goods_id=791982350266,云米3200W电热水器智能抑菌速热节能一级能效增容已接入米家app,791982350266,791982350266,799,,正常,2026-05-06 10:33:03,无截图
拼多多,https://mobile.yangkeduo.com/goods.html?goods_id=791982350266,云米3200W电热水器智能抑菌速热节能一级能效增容已接入米家app,791982350266,791982350266,899,,正常,2026-05-06 10:33:03,无截图
拼多多,https://mobile.yangkeduo.com/goods.html?goods_id=791968310970,云米智能电热水器3200W节能变频增容速热家用浴室洗澡抑菌50L/60L,791968310970,791968310970,759,,正常,2026-05-06 10:33:03,无截图
拼多多,https://mobile.yangkeduo.com/goods.html?goods_id=791968310970,云米智能电热水器3200W节能变频增容速热家用浴室洗澡抑菌50L/60L,791968310970,791968310970,859,,正常,2026-05-06 10:33:03,无截图
拼多多,https://mobile.yangkeduo.com/goods.html?goods_id=791519887797,云米超薄零嵌510L大容量冰箱美妆舱底部散热一级变频双开门风冷,791519887797,791519887797,2789,,百亿补贴同价上首页,2026-05-06 10:33:03,无截图
拼多多,https://mobile.yangkeduo.com/goods.html?goods_id=784230725200,云米鲲鹏PRO烟机28m³大吸力聚能猛火灶一级能效烟灶联动厨电套装,784230725200,784230725200,3099,,正常,2026-05-06 10:33:03,无截图
拼多多,https://mobile.yangkeduo.com/goods.html?goods_id=784230725200,云米鲲鹏PRO烟机28m³大吸力聚能猛火灶一级能效烟灶联动厨电套装,784230725200,784230725200,3099,,正常,2026-05-06 10:33:03,无截图
拼多多,https://mobile.yangkeduo.com/goods.html?goods_id=783305466570,云米智能烘干晾衣架语音声控离线全自动升降阳台LED照明Smart超薄,783305466570,783305466570,1299,,正常,2026-05-06 10:33:03,无截图
拼多多,https://mobile.yangkeduo.com/goods.html?goods_id=783304689053,【声控晾衣架】云米智能电动晾衣架无线遥控大容量自动升降控制,783304689053,783304689053,999,,正常,2026-05-06 10:33:03,无截图
拼多多,https://mobile.yangkeduo.com/goods.html?goods_id=774960777953,蓝调2燃气热水器13L,6923185655688,774960777953,679,,限时折扣,2026-05-06 10:33:03,无截图
拼多多,https://mobile.yangkeduo.com/goods.html?goods_id=767193647325,门锁掌静脉,6923185655398,767193647325,1104,,大促搜索池,2026-05-06 10:33:03,无截图
拼多多,https://mobile.yangkeduo.com/goods.html?goods_id=765112154467,小鲸鱼 马桶盖,6923185654537,765112154467,1199,,正常,2026-05-06 10:33:03,无截图
拼多多,https://mobile.yangkeduo.com/goods.html?goods_id=763759392708,云米AI油烟机 鲲鹏Pro,6923185605379,763759392708,2499,,正常,2026-05-06 10:33:03,无截图
拼多多,https://mobile.yangkeduo.com/goods.html?goods_id=761822913595,云米智能马桶 小鲸鱼 2 Pro,6923185654575,761822913595,3229,,限时折扣,2026-05-06 10:33:03,无截图
拼多多,https://mobile.yangkeduo.com/goods.html?goods_id=761822913595,云米智能马桶 小鲸鱼 2 Pro,6923185654575,761822913595,3229,,限时折扣,2026-05-06 10:33:03,无截图
拼多多,https://mobile.yangkeduo.com/goods.html?goods_id=743885774552,云米蓝调智能门锁（基础版）,6923185655381,743885774552,499,,限时折扣,2026-05-06 10:33:03,无截图
拼多多,https://mobile.yangkeduo.com/goods.html?goods_id=739863611562,云米AI油烟机 Smart 2 Pro,6923185653516,739863611562,1499,,正常,2026-05-06 10:33:03,无截图
拼多多,https://mobile.yangkeduo.com/goods.html?goods_id=705715580268,智能门锁锂电池(5000mAh),6923185652953,705715580268,114,99,高价待调整,2026-05-06 10:33:03,无截图
拼多多,https://mobile.yangkeduo.com/goods.html?goods_id=697436012016,【新品】云米120°超广角猫眼全自动智能门锁家用客厅室内高清大屏,697436012016,697436012016,999,,正常,2026-05-06 10:33:03,无截图
拼多多,https://mobile.yangkeduo.com/goods.html?goods_id=691819698413,云米电热水器50/60升洗澡家用浴室速热大容量省电防漏电警示安全,691819698413,691819698413,799,,正常,2026-05-06 10:33:03,无截图
拼多多,https://mobile.yangkeduo.com/goods.html?goods_id=691819698413,云米电热水器50/60升洗澡家用浴室速热大容量省电防漏电警示安全,691819698413,691819698413,899,,正常,2026-05-06 10:33:03,无截图
拼多多,https://mobile.yangkeduo.com/goods.html?goods_id=661859626284,小海豚-40L-2000w热水器,6923185681281,661859626284,599,,正常,2026-05-06 10:33:03,无截图
拼多多,https://mobile.yangkeduo.com/goods.html?goods_id=661859626284,小海豚-40L-2000w热水器,6923185681281,661859626284,599,,正常,2026-05-06 10:33:03,无截图
拼多多,https://mobile.yangkeduo.com/goods.html?goods_id=657344402006,云米油烟机蓝调,6923185650973,657344402006,859,,限时折扣,2026-05-06 10:33:03,无截图
拼多多,https://mobile.yangkeduo.com/goods.html?goods_id=635152751061,【全域烘干】云米全自动升降式智能室内嵌入式折叠晾衣机Super2Y,635152751061,635152751061,1699,,正常,2026-05-06 10:33:03,无截图
拼多多,https://mobile.yangkeduo.com/goods.html?goods_id=620077061933,云米嵌入式冰洗套装500升超薄十字四门冰箱&12KG大容量洗烘一体,620077061933,620077061933,6499,,正常,2026-05-06 10:33:03,无截图
拼多多,https://mobile.yangkeduo.com/goods.html?goods_id=620029199628,云米冰洗套装510升嵌入式风冷冰箱&12公斤大容量洗烘一体洗衣机,620029199628,620029199628,5899,,正常,2026-05-06 10:33:03,无截图
拼多多,https://mobile.yangkeduo.com/goods.html?goods_id=618360171773,云米超薄烟灶热套装飓风吸力抽油烟机5.2KW聚能灶超薄双胆热水器,618360171773,618360171773,4999,,正常,2026-05-06 10:33:03,无截图
拼多多,https://mobile.yangkeduo.com/goods.html?goods_id=618360171773,云米超薄烟灶热套装飓风吸力抽油烟机5.2KW聚能灶超薄双胆热水器,618360171773,618360171773,5999,,正常,2026-05-06 10:33:03,无截图
拼多多,https://mobile.yangkeduo.com/goods.html?goods_id=615426357041,云米空调1.5匹一级能效变频冷暖两用节能家用挂机 AI全域风Super3,615426357041,615426357041,3099,,正常,2026-05-06 10:33:03,无截图
拼多多,https://mobile.yangkeduo.com/goods.html?goods_id=614821960857,云米大容量冰洗套装603升独立制冰冰箱&10KG全自动洗烘一体洗衣机,614821960857,614821960857,4468,,大促搜索池,2026-05-06 10:33:03,无截图
拼多多,https://mobile.yangkeduo.com/goods.html?goods_id=614813745328,云米超薄嵌入式冰洗套餐500升风冷无霜冰箱&10公斤洗烘一体洗衣机,614813745328,614813745328,5566,,大促搜索池,2026-05-06 10:33:03,无截图
拼多多,https://mobile.yangkeduo.com/goods.html?goods_id=604410073495,VIOMI云米冷热管线机饮水机壁挂式双出水台式管线机UV杀菌,604410073495,604410073495,2499,,正常,2026-05-06 10:33:03,无截图
拼多多,https://mobile.yangkeduo.com/goods.html?goods_id=602716906408,【升级】云米空调1.5匹智能变频冷暖新一级舒适风空调挂机 Smart3,602716906408,602716906408,2199,,正常,2026-05-06 10:33:03,无截图
拼多多,https://mobile.yangkeduo.com/goods.html?goods_id=600491440603,【新品】云米空调1.5匹智能变频冷暖新三级舒适风空调挂机 Smart3,600491440603,600491440603,2099,,正常,2026-05-06 10:33:03,无截图
拼多多,https://mobile.yangkeduo.com/goods.html?goods_id=600131174099,【美妆超薄零嵌】云米510升嵌入式双开门一级风冷无霜银离子冰箱,600131174099,600131174099,2798,,大促搜索池,2026-05-06 10:33:03,无截图
拼多多,https://mobile.yangkeduo.com/goods.html?goods_id=583103526676,【新品上市】云米嵌入式母婴冰箱十字四开门家用变频风冷无霜513L,583103526676,583103526676,4499,,正常,2026-05-06 10:33:03,无截图
拼多多,https://mobile.yangkeduo.com/goods.html?goods_id=573873753845,云米前置过滤器Super智能自动冲洗全屋前置净水器家用自来水冲洗,573873753845,573873753845,599,,正常,2026-05-06 10:33:03,无截图
拼多多,https://mobile.yangkeduo.com/goods.html?goods_id=551388417367,【田曦薇推荐】云米扫地机器人扫拖一体语音全自动智能吸尘器Pro,551388417367,551388417367,999,,正常,2026-05-06 10:33:03,无截图
拼多多,https://mobile.yangkeduo.com/goods.html?goods_id=540840221349,云米净水器家用厨下式直饮水过滤器RO反渗透无陈水母婴直饮1200G,540840221349,540840221349,2599,,正常,2026-05-06 10:33:03,无截图
拼多多,https://mobile.yangkeduo.com/goods.html?goods_id=539854309519,云米12KG滚筒洗衣机家用全自动大容量洗烘一体机防抖动超薄全嵌,539854309519,539854309519,3699,,正常,2026-05-06 10:33:03,无截图
拼多多,https://mobile.yangkeduo.com/goods.html?goods_id=539850688350,【美妆超薄零嵌】云米冰箱609mm嵌入式风冷无霜AI双变频一级510升,539850688350,539850688350,3499,,正常,2026-05-06 10:33:03,无截图
拼多多,https://mobile.yangkeduo.com/goods.html?goods_id=535675329481,云米石墨烯踢脚线电暖器加湿家用速热取暖器节能室内暖风机电暖气,535675329481,535675329481,499,,正常,2026-05-06 10:33:03,无截图
拼多多,https://mobile.yangkeduo.com/goods.html?goods_id=534931901352,云米净水器家用直饮ro反渗透SuperY 1200G管线机前置过滤器套装,534931901352,534931901352,3799,,正常,2026-05-06 10:33:03,无截图
拼多多,https://mobile.yangkeduo.com/goods.html?goods_id=525667451666,【大屏冰箱】云米超薄全嵌入式T型冰箱三门一级变频风冷无霜412升,525667451666,525667451666,5999,,正常,2026-05-06 10:33:03,无截图
拼多多,https://mobile.yangkeduo.com/goods.html?goods_id=521949122103,云米一体智能马桶座圈加热一键清洗虹吸离座自动冲水小金龙增压版,521949122103,521949122103,2999,,正常,2026-05-06 10:33:03,无截图
拼多多,https://mobile.yangkeduo.com/goods.html?goods_id=521949122103,云米一体智能马桶座圈加热一键清洗虹吸离座自动冲水小金龙增压版,521949122103,521949122103,2999,,正常,2026-05-06 10:33:03,无截图
拼多多,https://mobile.yangkeduo.com/goods.html?goods_id=516748248645,云米电热水器8L小厨宝家用厨房速热储水式节能厨房神器VEW0831,516748248645,516748248645,499,,正常,2026-05-06 10:33:03,无截图
拼多多,https://mobile.yangkeduo.com/goods.html?goods_id=515237643272,云米电热水器AI美肤洗 780mm超薄 1级能效双胆三管速热 Super2Pro,515237643272,515237643272,1699,,正常,2026-05-06 10:33:03,无截图
拼多多,https://mobile.yangkeduo.com/goods.html?goods_id=495274606168,【田曦薇推荐】云米智能洗地机超薄双贴边大吸力超长续航 Smart2,495274606168,495274606168,1799,,正常,2026-05-06 10:33:03,无截图
拼多多,https://mobile.yangkeduo.com/goods.html?goods_id=490426355421,500L十字门冰箱,6923185651123,490426355421,3199,,大促搜索池,2026-05-06 10:33:03,无截图
拼多多,https://mobile.yangkeduo.com/goods.html?goods_id=490150938954,【安享王空调3匹】云米柜机变频冷暖家用商用智能自清洁节能三级,490150938954,490150938954,4999,,正常,2026-05-06 10:33:03,无截图
拼多多,https://mobile.yangkeduo.com/goods.html?goods_id=490111298360,云米家用空调1.5匹变频冷暖自清洁手机联网AI静音节能挂机新三级,490111298360,490111298360,2199,,正常,2026-05-06 10:33:03,无截图
拼多多,https://mobile.yangkeduo.com/goods.html?goods_id=490081202590,云米即热恒温4档烘干 9重安全防护 智能低压系统 Nano2E,490081202590,490081202590,1999,,正常,2026-05-06 10:33:03,无截图
拼多多,https://mobile.yangkeduo.com/goods.html?goods_id=490081202590,云米即热恒温4档烘干 9重安全防护 智能低压系统 Nano2E,490081202590,490081202590,1999,,正常,2026-05-06 10:33:03,无截图
拼多多,https://mobile.yangkeduo.com/goods.html?goods_id=484037745334,云米AI燃气灶power 5.0（天然气）,6923185654377,484037745334,1099,,正常,2026-05-06 10:33:03,无截图
拼多多,https://mobile.yangkeduo.com/goods.html?goods_id=480070620581,【冷热直饮套装】云米净水器家用厨下管线机套装一键即热制冷直饮,480070620581,480070620581,2399,,正常,2026-05-06 10:33:03,无截图
拼多多,https://mobile.yangkeduo.com/goods.html?goods_id=480070620581,【冷热直饮套装】云米净水器家用厨下管线机套装一键即热制冷直饮,480070620581,480070620581,2599,,正常,2026-05-06 10:33:03,无截图
拼多多,https://mobile.yangkeduo.com/goods.html?goods_id=472256690941,云米智能马桶即热活水清洗家用卫生间恒温烘干抗菌低压系统Nano2E,472256690941,472256690941,2499,,正常,2026-05-06 10:33:03,无截图
拼多多,https://mobile.yangkeduo.com/goods.html?goods_id=472256690941,云米智能马桶即热活水清洗家用卫生间恒温烘干抗菌低压系统Nano2E,472256690941,472256690941,2499,,正常,2026-05-06 10:33:03,无截图
拼多多,https://mobile.yangkeduo.com/goods.html?goods_id=466437108089,云米TDS水质检测笔测水质仪饮用水检测器家用自来水水质测试仪器,466437108089,466437108089,99,,正常,2026-05-06 10:33:03,无截图
拼多多,https://mobile.yangkeduo.com/goods.html?goods_id=463332030781,【吸扫拖3合1】云米全自动集尘扫地吸尘机器人alpha2pro清洁一体,463332030781,463332030781,1799,,正常,2026-05-06 10:33:03,无截图
拼多多,https://mobile.yangkeduo.com/goods.html?goods_id=452924828720,云米净饮一体机台式净水器即热型饮水机家用免安装X2minimango,452924828720,452924828720,899,,正常,2026-05-06 10:33:03,无截图
拼多多,https://mobile.yangkeduo.com/goods.html?goods_id=431395946988,云米侧吸烟灶套装大吸力抽油烟机5.0KW燃气灶厨房家用智能wingS1,431395946988,431395946988,1399,,正常,2026-05-06 10:33:03,无截图
拼多多,https://mobile.yangkeduo.com/goods.html?goods_id=427349642190,（有）云米净饮一体机台式净水器即热型饮水机净水器水过滤机,427349642190,427349642190,1089,,正常,2026-05-06 10:33:03,无截图
拼多多,https://mobile.yangkeduo.com/goods.html?goods_id=423988590355,云米净水器super Y 1200G滤芯复合滤芯RO滤芯,423988590355,423988590355,100,,正常,2026-05-06 10:33:03,无截图
拼多多,https://mobile.yangkeduo.com/goods.html?goods_id=423724952357,云米燃气热水器即热零冷水双增压 3重防冻 4段燃烧 5重净化 Super,423724952357,423724952357,1999,,正常,2026-05-06 10:33:03,无截图
拼多多,https://mobile.yangkeduo.com/goods.html?goods_id=414747194884,云米净饮一体机台式净水器即热型饮水机家用免安装X2加一支滤芯套,414747194884,414747194884,1199,,正常,2026-05-06 10:33:03,无截图
拼多多,https://mobile.yangkeduo.com/goods.html?goods_id=414747194884,云米净饮一体机台式净水器即热型饮水机家用免安装X2加一支滤芯套,414747194884,414747194884,1399,,正常,2026-05-06 10:33:03,无截图
拼多多,https://mobile.yangkeduo.com/goods.html?goods_id=414747194884,云米净饮一体机台式净水器即热型饮水机家用免安装X2加一支滤芯套,414747194884,414747194884,1399,,正常,2026-05-06 10:33:03,无截图
拼多多,https://mobile.yangkeduo.com/goods.html?goods_id=413986425773,蓝调智能门锁（人脸猫眼版）,6923185654650,413986425773,999,,正常,2026-05-06 10:33:03,无截图
拼多多,https://mobile.yangkeduo.com/goods.html?goods_id=408451368894,云米智能全自动一体马桶恒温座圈臀部清洗虹吸自动冲水家用小金龙,408451368894,408451368894,2399,,正常,2026-05-06 10:33:03,无截图
拼多多,https://mobile.yangkeduo.com/goods.html?goods_id=407741710364,云米25m³顶侧爆吸大吸力智目吸烟机 5.2KW聚能猛火灶烟灶套装家用,407741710364,407741710364,3699,,正常,2026-05-06 10:33:03,无截图
拼多多,https://mobile.yangkeduo.com/goods.html?goods_id=407741710364,云米25m³顶侧爆吸大吸力智目吸烟机 5.2KW聚能猛火灶烟灶套装家用,407741710364,407741710364,3699,,正常,2026-05-06 10:33:03,无截图
拼多多,https://mobile.yangkeduo.com/goods.html?goods_id=407741710364,云米25m³顶侧爆吸大吸力智目吸烟机 5.2KW聚能猛火灶烟灶套装家用,407741710364,407741710364,3999,,正常,2026-05-06 10:33:03,无截图
拼多多,https://mobile.yangkeduo.com/goods.html?goods_id=407741710364,云米25m³顶侧爆吸大吸力智目吸烟机 5.2KW聚能猛火灶烟灶套装家用,407741710364,407741710364,3999,,正常,2026-05-06 10:33:03,无截图
拼多多,https://mobile.yangkeduo.com/goods.html?goods_id=405167616548,云米净水器家用直饮厨下式RO反渗透超滤净水机无桶小白龙800G,405167616548,405167616548,1599,,正常,2026-05-06 10:33:03,无截图
拼多多,https://mobile.yangkeduo.com/goods.html?goods_id=405069782417,【升级小海豚】云米净水器800G通量&竹炭滤芯厨下式RO反渗透家用,405069782417,405069782417,1099,,正常,2026-05-06 10:33:03,无截图
拼多多,https://mobile.yangkeduo.com/goods.html?goods_id=405069782417,【升级小海豚】云米净水器800G通量&竹炭滤芯厨下式RO反渗透家用,405069782417,405069782417,1399,,正常,2026-05-06 10:33:03,无截图
拼多多,https://mobile.yangkeduo.com/goods.html?goods_id=405069782417,【升级小海豚】云米净水器800G通量&竹炭滤芯厨下式RO反渗透家用,405069782417,405069782417,1699,,正常,2026-05-06 10:33:03,无截图
拼多多,https://mobile.yangkeduo.com/goods.html?goods_id=405069782417,【升级小海豚】云米净水器800G通量&竹炭滤芯厨下式RO反渗透家用,405069782417,405069782417,1999,,正常,2026-05-06 10:33:03,无截图
拼多多,https://mobile.yangkeduo.com/goods.html?goods_id=405069782417,【升级小海豚】云米净水器800G通量&竹炭滤芯厨下式RO反渗透家用,405069782417,405069782417,1999,,正常,2026-05-06 10:33:03,无截图
拼多多,https://mobile.yangkeduo.com/goods.html?goods_id=405069782417,【升级小海豚】云米净水器800G通量&竹炭滤芯厨下式RO反渗透家用,405069782417,405069782417,1999,,正常,2026-05-06 10:33:03,无截图
拼多多,https://mobile.yangkeduo.com/goods.html?goods_id=405069782417,【升级小海豚】云米净水器800G通量&竹炭滤芯厨下式RO反渗透家用,405069782417,405069782417,2199,,正常,2026-05-06 10:33:03,无截图
拼多多,https://mobile.yangkeduo.com/goods.html?goods_id=403868159413,云米蒸烤一体机厨房家用嵌入式蒸烤箱45L大蒸汽电烤箱VSO4501-B,403868159413,403868159413,1999,,正常,2026-05-06 10:33:03,无截图
拼多多,https://mobile.yangkeduo.com/goods.html?goods_id=391465779831,云米热水器13L家用智能洗澡燃气热水器水气双调恒温液化气,391465779831,391465779831,999,,正常,2026-05-06 10:33:03,无截图
拼多多,https://mobile.yangkeduo.com/goods.html?goods_id=391465779831,云米热水器13L家用智能洗澡燃气热水器水气双调恒温液化气,391465779831,391465779831,1199,,正常,2026-05-06 10:33:03,无截图
拼多多,https://mobile.yangkeduo.com/goods.html?goods_id=383502560587,【田曦薇推荐】云米落地扇直流变频台立两用无极调速小爱语音联网,383502560587,383502560587,329,,正常,2026-05-06 10:33:03,无截图
拼多多,https://mobile.yangkeduo.com/goods.html?goods_id=383400493031,云米智能即热式家用饮水机1键即热电热水壶Tee mini 1.8L水吧,383400493031,383400493031,269,,正常,2026-05-06 10:33:03,无截图
拼多多,https://mobile.yangkeduo.com/goods.html?goods_id=382839923175,云米顶侧双吸烟灶套装22m³大吸力抽油烟机聚能猛火灶节能燃气家用,382839923175,382839923175,1899,,正常,2026-05-06 10:33:03,无截图
拼多多,https://mobile.yangkeduo.com/goods.html?goods_id=382839923175,云米顶侧双吸烟灶套装22m³大吸力抽油烟机聚能猛火灶节能燃气家用,382839923175,382839923175,1999,,正常,2026-05-06 10:33:03,无截图
拼多多,https://mobile.yangkeduo.com/goods.html?goods_id=382544460689,【杀毒王2匹】云米家用空调变频冷暖柜机立式客厅智能节能 新三级,382544460689,382544460689,3999,,正常,2026-05-06 10:33:03,无截图
拼多多,https://mobile.yangkeduo.com/goods.html?goods_id=376344667102,云米1.5匹家用新风语音空调变频冷暖新一级能效智能恒温免孔安装,376344667102,376344667102,3099,,正常,2026-05-06 10:33:03,无截图
拼多多,https://mobile.yangkeduo.com/goods.html?goods_id=375507459489,云米管线机家用直饮机壁挂式UV杀菌加热一体机厨房加热饮水机MG2B,375507459489,375507459489,899,,正常,2026-05-06 10:33:03,无截图
拼多多,https://mobile.yangkeduo.com/goods.html?goods_id=369184383310,【吸扫拖三合一】云米全自动扫地机器人鲸吸扫地拖地吸尘 Alpha3,369184383310,369184383310,3699,,正常,2026-05-06 10:33:03,无截图
拼多多,https://mobile.yangkeduo.com/goods.html?goods_id=366671128859,【干湿分储】云米冰箱超薄变频一级风冷无霜十字冰箱四开门 546升,366671128859,366671128859,3499,,正常,2026-05-06 10:33:03,无截图
拼多多,https://mobile.yangkeduo.com/goods.html?goods_id=365033069371,云米全自动智能门锁密码锁家用电子锁防盗指纹锁超长续航eLink 2C,365033069371,365033069371,899,,正常,2026-05-06 10:33:03,无截图
拼多多,https://mobile.yangkeduo.com/goods.html?goods_id=365007215970,云米Super Y1200G大通量厨下净水器RO反渗透管线机前置过滤器套装,365007215970,365007215970,3099,,正常,2026-05-06 10:33:03,无截图
拼多多,https://mobile.yangkeduo.com/goods.html?goods_id=365007215970,云米Super Y1200G大通量厨下净水器RO反渗透管线机前置过滤器套装,365007215970,365007215970,3999,,正常,2026-05-06 10:33:03,无截图
拼多多,https://mobile.yangkeduo.com/goods.html?goods_id=364990106384,"即热1000G,MAIN84",6923185651116,364990106384,1358,1899,破价警报 | 大促搜索池,2026-05-06 10:33:03,无截图
拼多多,https://mobile.yangkeduo.com/goods.html?goods_id=356164755389,【全屋净水三件套装】云米净水器管线机前置过滤器即热小海豚600G,356164755389,356164755389,2299,,正常,2026-05-06 10:33:03,无截图
拼多多,https://mobile.yangkeduo.com/goods.html?goods_id=356164755389,【全屋净水三件套装】云米净水器管线机前置过滤器即热小海豚600G,356164755389,356164755389,2599,,正常,2026-05-06 10:33:03,无截图
拼多多,https://mobile.yangkeduo.com/goods.html?goods_id=355550841910,【鲜活营养守护先锋奖】云米延鲜AI冰箱一级双变频风冷无霜636升,355550841910,355550841910,3499,,正常,2026-05-06 10:33:03,无截图
拼多多,https://mobile.yangkeduo.com/goods.html?goods_id=339737903336,【智能声控】云米家用晾衣架电动晾衣机阳台全自动升降Smart S,339737903336,339737903336,999,,正常,2026-05-06 10:33:03,无截图
拼多多,https://mobile.yangkeduo.com/goods.html?goods_id=338636261947,【1键智洗】云米洗衣机全自动8公斤波轮租房家用防缠绕洗脱一体,338636261947,338636261947,999,,正常,2026-05-06 10:33:03,无截图
拼多多,https://mobile.yangkeduo.com/goods.html?goods_id=325803370945,【杀菌】云米空调大3匹柜机一级家用变频冷暖客厅变频冷暖自清洁,325803370945,325803370945,5299,,正常,2026-05-06 10:33:03,无截图
拼多多,https://mobile.yangkeduo.com/goods.html?goods_id=325232192898,冰箱603,6923185650935,325232192898,2459,,限量折扣,2026-05-06 10:33:03,无截图
拼多多,https://mobile.yangkeduo.com/goods.html?goods_id=309984364103,云米智能烘干晾衣架语音声控离线全自动升降阳台LED照明Smart超薄,309984364103,309984364103,1299,,正常,2026-05-06 10:33:03,无截图
拼多多,https://mobile.yangkeduo.com/goods.html?goods_id=296957182528,复合滤芯,"6923185600138,6923185600145",296957182528,999,,正常,2026-05-06 10:33:03,无截图
拼多多,https://mobile.yangkeduo.com/goods.html?goods_id=293928589058,云米大吸力侧吸烟灶套装抽油烟机猛火燃气灶装嵌入式节能家用厨房,293928589058,293928589058,1399,,正常,2026-05-06 10:33:03,无截图
拼多多,https://mobile.yangkeduo.com/goods.html?goods_id=291146640482,云米净水器滤芯家用通用系列厨下1A1号2号滤芯RO反渗透滤芯复合,291146640482,291146640482,499,,正常,2026-05-06 10:33:03,无截图
拼多多,https://mobile.yangkeduo.com/goods.html?goods_id=291141614396,F3-五合一,6923185614258,291141614396,499,298,高价待调整,2026-05-06 10:33:03,无截图
拼多多,https://mobile.yangkeduo.com/goods.html?goods_id=291141614396,F3-五合一,6923185614258,291141614396,899,298,高价待调整,2026-05-06 10:33:03,无截图
拼多多,https://mobile.yangkeduo.com/goods.html?goods_id=291141614396,F3-五合一,6923185614258,291141614396,999,298,高价待调整,2026-05-06 10:33:03,无截图
拼多多,https://mobile.yangkeduo.com/goods.html?goods_id=290543633215,复合滤芯,"6923185614258,6923185616177",290543633215,199,,正常,2026-05-06 10:33:03,无截图
拼多多,https://mobile.yangkeduo.com/goods.html?goods_id=290543633215,复合滤芯,"6923185614258,6923185616177",290543633215,199,,正常,2026-05-06 10:33:03,无截图
拼多多,https://mobile.yangkeduo.com/goods.html?goods_id=289678345008,【内衣母婴专属】云米1KG迷你洗衣机家用全自动洗脱一体除菌波轮,289678345008,289678345008,1299,,正常,2026-05-06 10:33:03,无截图
拼多多,https://mobile.yangkeduo.com/goods.html?goods_id=289613839419,【智能双投放】云米洗衣机10公斤洗烘一体变频一级能效全自动滚筒,289613839419,289613839419,2399,,正常,2026-05-06 10:33:03,无截图
拼多多,https://mobile.yangkeduo.com/goods.html?goods_id=289608993802,【超薄洗衣机】云米洗衣机全自动10公斤滚筒47CM超薄洗脱一体,289608993802,289608993802,2499,,正常,2026-05-06 10:33:03,无截图
拼多多,https://mobile.yangkeduo.com/goods.html?goods_id=289729238975,【杀毒王3匹】云米家用空调变频冷暖柜机立式客厅智能节能新三级,289729238975,289729238975,3899,,正常,2026-05-06 10:33:03,无截图
拼多多,https://mobile.yangkeduo.com/goods.html?goods_id=289729238975,【杀毒王3匹】云米家用空调变频冷暖柜机立式客厅智能节能新三级,289729238975,289729238975,4899,,正常,2026-05-06 10:33:03,无截图
拼多多,https://mobile.yangkeduo.com/goods.html?goods_id=283191769057,云米互联网洗碗机4套台面式免安装智能语音控制高温消毒杀菌烘干,283191769057,283191769057,699,,正常,2026-05-06 10:33:03,无截图
拼多多,https://mobile.yangkeduo.com/goods.html?goods_id=276965357470,云米598升双开门对开门变频一级能效风冷无霜超薄嵌入式智能冰箱,276965357470,276965357470,2799,,正常,2026-05-06 10:33:03,无截图
拼多多,https://mobile.yangkeduo.com/goods.html?goods_id=276658474666,【全屋智能】云米净饮一体机X2Pro台式免安装净水器即热式饮水机,276658474666,276658474666,1099,,正常,2026-05-06 10:33:03,无截图
拼多多,https://mobile.yangkeduo.com/goods.html?goods_id=273348857003,云米蓝调智能门锁（基础版）,6923185655381,273348857003,499,,限时折扣,2026-05-06 10:33:03,无截图
拼多多,https://mobile.yangkeduo.com/goods.html?goods_id=268591343924,云米顶侧大吸力抽油烟机聚能猛火灶智能家用厨房烟灶套装flash2,268591343924,268591343924,2899,,正常,2026-05-06 10:33:03,无截图
拼多多,https://mobile.yangkeduo.com/goods.html?goods_id=268591343924,云米顶侧大吸力抽油烟机聚能猛火灶智能家用厨房烟灶套装flash2,268591343924,268591343924,2899,,正常,2026-05-06 10:33:03,无截图
拼多多,https://mobile.yangkeduo.com/goods.html?goods_id=264080849667,霸王锁体,6923185622154,264080849667,150,150,正常,2026-05-06 10:33:03,无截图
拼多多,https://mobile.yangkeduo.com/goods.html?goods_id=259795065484,【杀毒王】云米空调1.5匹变频冷暖1级能效杀病毒循环除菌 Super2s,259795065484,259795065484,2499,,正常,2026-05-06 10:33:03,无截图
拼多多,https://mobile.yangkeduo.com/goods.html?goods_id=259115850200,蓝调智能门锁（3D人脸版）,6923185654643,259115850200,629,,限时折扣,2026-05-06 10:33:03,无截图
拼多多,https://mobile.yangkeduo.com/goods.html?goods_id=258855020077,云米456升超薄嵌入式对开门双开门变频风冷无霜智能家用电冰箱,258855020077,258855020077,1899,,正常,2026-05-06 10:33:03,无截图
拼多多,https://mobile.yangkeduo.com/goods.html?goods_id=258855020077,云米456升超薄嵌入式对开门双开门变频风冷无霜智能家用电冰箱,258855020077,258855020077,2299,,正常,2026-05-06 10:33:03,无截图
拼多多,https://mobile.yangkeduo.com/goods.html?goods_id=251420900843,【田曦薇推荐】云米负离子空气循环扇大学生宿舍家用直流变频风扇,251420900843,251420900843,529,,正常,2026-05-06 10:33:03,无截图
拼多多,https://mobile.yangkeduo.com/goods.html?goods_id=249751266813,【DD直驱超薄】云米洗衣机洗烘一体全自动一级能效智能滚筒10公斤,249751266813,249751266813,2999,,正常,2026-05-06 10:33:03,无截图
拼多多,https://mobile.yangkeduo.com/goods.html?goods_id=247862575297,【DD直驱智能双投放】云米洗衣机全自动10KG一级能效洗脱一体滚筒,247862575297,247862575297,2499,,正常,2026-05-06 10:33:03,无截图
拼多多,https://mobile.yangkeduo.com/goods.html?goods_id=247228990842,云米智能马桶抗菌座圈恒温即热双增压自动冲水烘干坐便器Nano2,247228990842,247228990842,2699,,正常,2026-05-06 10:33:03,无截图
拼多多,https://mobile.yangkeduo.com/goods.html?goods_id=246986456918,【小海豚1000G管线机套装】云米净水器家用厨下一键即热制冷直饮,246986456918,246986456918,2199,,正常,2026-05-06 10:33:03,无截图
拼多多,https://mobile.yangkeduo.com/goods.html?goods_id=246986456918,【小海豚1000G管线机套装】云米净水器家用厨下一键即热制冷直饮,246986456918,246986456918,2299,,正常,2026-05-06 10:33:03,无截图
拼多多,https://mobile.yangkeduo.com/goods.html?goods_id=246986456918,【小海豚1000G管线机套装】云米净水器家用厨下一键即热制冷直饮,246986456918,246986456918,2399,,正常,2026-05-06 10:33:03,无截图
拼多多,https://mobile.yangkeduo.com/goods.html?goods_id=246986456918,【小海豚1000G管线机套装】云米净水器家用厨下一键即热制冷直饮,246986456918,246986456918,2399,,正常,2026-05-06 10:33:03,无截图
拼多多,https://mobile.yangkeduo.com/goods.html?goods_id=246986456918,【小海豚1000G管线机套装】云米净水器家用厨下一键即热制冷直饮,246986456918,246986456918,2399,,正常,2026-05-06 10:33:03,无截图
拼多多,https://mobile.yangkeduo.com/goods.html?goods_id=246986456918,【小海豚1000G管线机套装】云米净水器家用厨下一键即热制冷直饮,246986456918,246986456918,2499,,正常,2026-05-06 10:33:03,无截图
拼多多,https://mobile.yangkeduo.com/goods.html?goods_id=246986456918,【小海豚1000G管线机套装】云米净水器家用厨下一键即热制冷直饮,246986456918,246986456918,2599,,正常,2026-05-06 10:33:03,无截图
拼多多,https://mobile.yangkeduo.com/goods.html?goods_id=246986456918,【小海豚1000G管线机套装】云米净水器家用厨下一键即热制冷直饮,246986456918,246986456918,2599,,正常,2026-05-06 10:33:03,无截图
拼多多,https://mobile.yangkeduo.com/goods.html?goods_id=245465996610,云米管线机壁挂台式两用冷热开水机家用调温即热饮水机带uv杀菌,245465996610,245465996610,1999,,正常,2026-05-06 10:33:03,无截图
拼多多,https://mobile.yangkeduo.com/goods.html?goods_id=245015637978,云米电热水器蓝调3200W安全速热卫生间洗澡8倍大水量抑菌水质可视,245015637978,245015637978,1099,,正常,2026-05-06 10:33:03,无截图
拼多多,https://mobile.yangkeduo.com/goods.html?goods_id=245015637978,云米电热水器蓝调3200W安全速热卫生间洗澡8倍大水量抑菌水质可视,245015637978,245015637978,1299,,正常,2026-05-06 10:33:03,无截图
拼多多,https://mobile.yangkeduo.com/goods.html?goods_id=245015637978,云米电热水器蓝调3200W安全速热卫生间洗澡8倍大水量抑菌水质可视,245015637978,245015637978,1299,,正常,2026-05-06 10:33:03,无截图
拼多多,https://mobile.yangkeduo.com/goods.html?goods_id=245015637978,云米电热水器蓝调3200W安全速热卫生间洗澡8倍大水量抑菌水质可视,245015637978,245015637978,1399,,正常,2026-05-06 10:33:03,无截图
拼多多,https://mobile.yangkeduo.com/goods.html?goods_id=245015637978,云米电热水器蓝调3200W安全速热卫生间洗澡8倍大水量抑菌水质可视,245015637978,245015637978,1499,,正常,2026-05-06 10:33:03,无截图
拼多多,https://mobile.yangkeduo.com/goods.html?goods_id=245008294548,云米大容量洗碗机10套家用嵌入式智目洗全自动热风烘干除菌消毒,245008294548,245008294548,2098,,正常,2026-05-06 10:33:03,无截图
拼多多,https://mobile.yangkeduo.com/goods.html?goods_id=243153009643,云米净饮机X2系列滤芯X2mini mango复合滤芯5in1/6in1 RO反渗透,243153009643,243153009643,288,,正常,2026-05-06 10:33:03,无截图
拼多多,https://mobile.yangkeduo.com/goods.html?goods_id=243153009643,云米净饮机X2系列滤芯X2mini mango复合滤芯5in1/6in1 RO反渗透,243153009643,243153009643,288,,正常,2026-05-06 10:33:03,无截图
拼多多,https://mobile.yangkeduo.com/goods.html?goods_id=243153009643,云米净饮机X2系列滤芯X2mini mango复合滤芯5in1/6in1 RO反渗透,243153009643,243153009643,319,,正常,2026-05-06 10:33:03,无截图
拼多多,https://mobile.yangkeduo.com/goods.html?goods_id=241667411785,云米即热式饮水机1键即热水吧3档控温4L大容量台式免安装,241667411785,241667411785,589,,正常,2026-05-06 10:33:03,无截图
拼多多,https://mobile.yangkeduo.com/goods.html?goods_id=237591380789,云米全自动智能马桶水箱泡沫盾抗菌即热恒温座圈离座冲水小鲸鱼2,237591380789,237591380789,1999,,正常,2026-05-06 10:33:03,无截图
拼多多,https://mobile.yangkeduo.com/goods.html?goods_id=237591380789,云米全自动智能马桶水箱泡沫盾抗菌即热恒温座圈离座冲水小鲸鱼2,237591380789,237591380789,1999,,正常,2026-05-06 10:33:03,无截图
拼多多,https://mobile.yangkeduo.com/goods.html?goods_id=237590247709,【1小时洗烘】云米全自动洗衣机1级能效10公斤洗烘一体烘干机滚筒,237590247709,237590247709,2399,,正常,2026-05-06 10:33:03,无截图
拼多多,https://mobile.yangkeduo.com/goods.html?goods_id=231833573024,小烤箱6L,6923185603221,231833573024,199,174,高价待调整,2026-05-06 10:33:03,无截图
拼多多,https://mobile.yangkeduo.com/goods.html?goods_id=228907185185,云米16L零冷水燃气热水器家用智能变频即热水气双调恒温安全防冻,228907185185,228907185185,1699,,正常,2026-05-06 10:33:03,无截图
拼多多,https://mobile.yangkeduo.com/goods.html?goods_id=227970049599,云米净水器水龙头过滤器自来水家用厨房超滤滤水器前置净化器,227970049599,227970049599,159,,正常,2026-05-06 10:33:03,无截图
拼多多,https://mobile.yangkeduo.com/goods.html?goods_id=226771358169,1云米净水器家用厨房农村水龙头过滤器自来水净化器MT1/2,226771358169,226771358169,128,,正常,2026-05-06 10:33:03,无截图
拼多多,https://mobile.yangkeduo.com/goods.html?goods_id=226771358169,1云米净水器家用厨房农村水龙头过滤器自来水净化器MT1/2,226771358169,226771358169,168,,正常,2026-05-06 10:33:03,无截图
拼多多,https://mobile.yangkeduo.com/goods.html?goods_id=223485946991,云米智能洗碗机10套热风烘干消毒嵌入式洗烘存一体家用IronA1,223485946991,223485946991,2299,,正常,2026-05-06 10:33:03,无截图
拼多多,https://mobile.yangkeduo.com/goods.html?goods_id=225501370546,小海豚3,6923185605867,225501370546,999,499,高价待调整,2026-05-06 10:33:03,无截图
拼多多,https://mobile.yangkeduo.com/goods.html?goods_id=225501370546,小海豚3,6923185605867,225501370546,1099,499,高价待调整,2026-05-06 10:33:03,无截图
拼多多,https://mobile.yangkeduo.com/goods.html?goods_id=225501370546,小海豚3,6923185605867,225501370546,1398,499,高价待调整,2026-05-06 10:33:03,无截图
拼多多,https://mobile.yangkeduo.com/goods.html?goods_id=224216987554,云米净水器滤芯S2、Fast厨下1A400G600G 1号复合滤芯RO反渗透滤芯,224216987554,224216987554,499,,正常,2026-05-06 10:33:03,无截图
拼多多,https://mobile.yangkeduo.com/goods.html?goods_id=224216987554,云米净水器滤芯S2、Fast厨下1A400G600G 1号复合滤芯RO反渗透滤芯,224216987554,224216987554,699,,正常,2026-05-06 10:33:03,无截图
拼多多,https://mobile.yangkeduo.com/goods.html?goods_id=224216987554,云米净水器滤芯S2、Fast厨下1A400G600G 1号复合滤芯RO反渗透滤芯,224216987554,224216987554,699,,正常,2026-05-06 10:33:03,无截图
拼多多,https://mobile.yangkeduo.com/goods.html?goods_id=223686266452,云米全自动滚筒洗衣机10KG洗烘一体除菌家用智能投放超薄嵌入M2,223686266452,223686266452,3299,,正常,2026-05-06 10:33:03,无截图
拼多多,https://mobile.yangkeduo.com/goods.html?goods_id=223486025603,云米互联网洗碗机全自动家用8套热风烘干消毒嵌入式Iron X1,223486025603,223486025603,1799,,正常,2026-05-06 10:33:03,无截图
拼多多,https://mobile.yangkeduo.com/goods.html?goods_id=222446512832,【冷酷王】云米大一匹单冷空调独立除湿秒速制冷家用卧室节能变频,222446512832,222446512832,1699,,正常,2026-05-06 10:33:03,无截图
拼多多,https://mobile.yangkeduo.com/goods.html?goods_id=221876010591,云米净水器家用直饮RO反渗透净饮一体净水机滤芯1200GSuper2max,221876010591,221876010591,4299,,正常,2026-05-06 10:33:03,无截图
拼多多,https://mobile.yangkeduo.com/goods.html?goods_id=221876010591,云米净水器家用直饮RO反渗透净饮一体净水机滤芯1200GSuper2max,221876010591,221876010591,4299,,正常,2026-05-06 10:33:03,无截图
拼多多,https://mobile.yangkeduo.com/goods.html?goods_id=221842463604,1小米云米净水器RO反渗透纯水机厨下家用直饮过滤器饮水机600加仑,221842463604,221842463604,1300,,正常,2026-05-06 10:33:03,无截图
拼多多,https://mobile.yangkeduo.com/goods.html?goods_id=221686401936,【空调套装】云米空调3室1厅组合 新1级能效3P柜机+新1级1.5P挂机,221686401936,221686401936,10999,,正常,2026-05-06 10:33:03,无截图
拼多多,https://mobile.yangkeduo.com/goods.html?goods_id=221565163539,【语音柔风王】云米空调柜机冷暖双变频一级能效客厅立式智能空调,221565163539,221565163539,6499,,正常,2026-05-06 10:33:03,无截图
拼多多,https://mobile.yangkeduo.com/goods.html?goods_id=220936223742,云米燃气热水器变频恒温8大安全防护 家用节能防冻速热FireC113L,220936223742,220936223742,1399,,正常,2026-05-06 10:33:03,无截图
拼多多,https://mobile.yangkeduo.com/goods.html?goods_id=220867531419,"(X2Pro链接,少量差评可做备选)云米净饮一体机X2mini Mango",220867531419,220867531419,1099,,正常,2026-05-06 10:33:03,无截图
拼多多,https://mobile.yangkeduo.com/goods.html?goods_id=220820325711,云米消毒柜（嵌入式）云米版,6923185604303,220820325711,1299,,正常,2026-05-06 10:33:03,无截图
拼多多,https://mobile.yangkeduo.com/goods.html?goods_id=219691919640,【阳光暖烘】云米智能晾衣架全自动升降联网烘干电动晾衣机阳台,219691919640,219691919640,1599,,正常,2026-05-06 10:33:03,无截图
拼多多,https://mobile.yangkeduo.com/goods.html?goods_id=219492848549,云米家用门锁智能锁指纹密码锁防盗门电子门锁全自动推拉门锁,219492848549,219492848549,1299,,正常,2026-05-06 10:33:03,无截图
拼多多,https://mobile.yangkeduo.com/goods.html?goods_id=219492848549,云米家用门锁智能锁指纹密码锁防盗门电子门锁全自动推拉门锁,219492848549,219492848549,1299,,正常,2026-05-06 10:33:03,无截图
拼多多,https://mobile.yangkeduo.com/goods.html?goods_id=219486126363,flash烟机,6923185613664,219486126363,1399,,正常,2026-05-06 10:33:03,无截图
拼多多,https://mobile.yangkeduo.com/goods.html?goods_id=217541928957,云米真空保温杯轻便携不锈钢大学生自习室茶杯300ml,217541928957,217541928957,89,,正常,2026-05-06 10:33:03,无截图
拼多多,https://mobile.yangkeduo.com/goods.html?goods_id=217105737391,云米智能马桶浴霸套装 即热全自动座便器  小爱语音浴霸 卫浴套装,217105737391,217105737391,3499,,正常,2026-05-06 10:33:03,无截图
拼多多,https://mobile.yangkeduo.com/goods.html?goods_id=217105737391,云米智能马桶浴霸套装 即热全自动座便器  小爱语音浴霸 卫浴套装,217105737391,217105737391,3499,,正常,2026-05-06 10:33:03,无截图
拼多多,https://mobile.yangkeduo.com/goods.html?goods_id=215991927819,【烟灶联动】云米顶侧3吸大吸力抽油烟机聚能燃气灶烟灶套装Super,215991927819,215991927819,2699,,正常,2026-05-06 10:33:03,无截图
拼多多,https://mobile.yangkeduo.com/goods.html?goods_id=215505605173,【上门安装】云米电热水器安全速热家用洗澡储水式省电VEW605A,215505605173,215505605173,599,,正常,2026-05-06 10:33:03,无截图
拼多多,https://mobile.yangkeduo.com/goods.html?goods_id=215505605173,【上门安装】云米电热水器安全速热家用洗澡储水式省电VEW605A,215505605173,215505605173,799,,正常,2026-05-06 10:33:03,无截图
拼多多,https://mobile.yangkeduo.com/goods.html?goods_id=215505605173,【上门安装】云米电热水器安全速热家用洗澡储水式省电VEW605A,215505605173,215505605173,899,,正常,2026-05-06 10:33:03,无截图
拼多多,https://mobile.yangkeduo.com/goods.html?goods_id=215498018054,【空调套装】云米空调1室1厅组合 新1级能效2P柜机+新1级1.5P挂机,215498018054,215498018054,6199,,正常,2026-05-06 10:33:03,无截图
拼多多,https://mobile.yangkeduo.com/goods.html?goods_id=214448170082,云米即热水吧办公室台式免安装宿舍小型饮水机2.5L大容量烧热水壶,214448170082,214448170082,299,,正常,2026-05-06 10:33:03,无截图
拼多多,https://mobile.yangkeduo.com/goods.html?goods_id=214448170082,云米即热水吧办公室台式免安装宿舍小型饮水机2.5L大容量烧热水壶,214448170082,214448170082,299,,正常,2026-05-06 10:33:03,无截图
拼多多,https://mobile.yangkeduo.com/goods.html?goods_id=213946234221,云米无线手持吸尘器家用立式除螨大吸力吸尘机A9长续航宠物家庭,213946234221,213946234221,899,,正常,2026-05-06 10:33:03,无截图
拼多多,https://mobile.yangkeduo.com/goods.html?goods_id=212124982919,云米踢脚线电暖器家用客厅节能速热加湿取暖器语音控制智能定时,212124982919,212124982919,699,,正常,2026-05-06 10:33:03,无截图
拼多多,https://mobile.yangkeduo.com/goods.html?goods_id=212124982919,云米踢脚线电暖器家用客厅节能速热加湿取暖器语音控制智能定时,212124982919,212124982919,799,,正常,2026-05-06 10:33:03,无截图
拼多多,https://mobile.yangkeduo.com/goods.html?goods_id=211439538390,云米即热饮水机1键即热水吧4档控温4L大容量台式免安装,211439538390,211439538390,429,,正常,2026-05-06 10:33:03,无截图
拼多多,https://mobile.yangkeduo.com/goods.html?goods_id=209415771537,【声控晾衣架】云米智能电动晾衣架无线遥控大容量自动升降控制,209415771537,209415771537,899,,正常,2026-05-06 10:33:03,无截图
拼多多,https://mobile.yangkeduo.com/goods.html?goods_id=209415771537,【声控晾衣架】云米智能电动晾衣架无线遥控大容量自动升降控制,209415771537,209415771537,1149,,正常,2026-05-06 10:33:03,无截图
拼多多,https://mobile.yangkeduo.com/goods.html?goods_id=209406625494,蓝调智能门锁（大屏猫眼版）,6923185654667,209406625494,999,,正常,2026-05-06 10:33:03,无截图
拼多多,https://mobile.yangkeduo.com/goods.html?goods_id=208077402678,【柔风王】云米空调1.5匹新1级能效变频冷暖超大导板挂机 Smart2S,208077402678,208077402678,2399,,正常,2026-05-06 10:33:03,无截图
拼多多,https://mobile.yangkeduo.com/goods.html?goods_id=208074025148,云米净水器600G小海豚厨下式RO反渗透直饮过滤器净饮机家用出租屋,208074025148,208074025148,1299,,正常,2026-05-06 10:33:03,无截图
拼多多,https://mobile.yangkeduo.com/goods.html?goods_id=208071231700,云米60L速热电热水器3000W一级节能变频增容租房安全已接入米家AP,208071231700,208071231700,749,,正常,2026-05-06 10:33:03,无截图
拼多多,https://mobile.yangkeduo.com/goods.html?goods_id=208069905615,【杀病毒空调】云米大1匹空调变频冷暖自动调温一级能效 Super2s,208069905615,208069905615,2099,,正常,2026-05-06 10:33:03,无截图
拼多多,https://mobile.yangkeduo.com/goods.html?goods_id=207799885384,【超薄除螨】云米家用全自动洗烘一体10公斤洗衣机滚筒 Master S,207799885384,207799885384,2699,,正常,2026-05-06 10:33:03,无截图
拼多多,https://mobile.yangkeduo.com/goods.html?goods_id=207783866280,【超窄冰箱】云米冰箱风冷无霜AI双变频78CM超窄对开门电冰箱436L,207783866280,207783866280,2199,,正常,2026-05-06 10:33:03,无截图
拼多多,https://mobile.yangkeduo.com/goods.html?goods_id=207250698147,400加仑智能净水器 RO反渗透纯水机无桶 MR432-D,207250698147,207250698147,899,,正常,2026-05-06 10:33:03,无截图
拼多多,https://mobile.yangkeduo.com/goods.html?goods_id=205628593157,云米滚筒10kg大容量家用全自动洗烘一体洗衣机除菌节能智能互联,205628593157,205628593157,1899,,正常,2026-05-06 10:33:03,无截图
拼多多,https://mobile.yangkeduo.com/goods.html?goods_id=205463909525,【十字冰箱】云米十字四开门冰箱精细分储AI双变频风冷无霜410升,205463909525,205463909525,2699,,正常,2026-05-06 10:33:03,无截图
拼多多,https://mobile.yangkeduo.com/goods.html?goods_id=205442655354,【超薄冰箱】云米冰箱嵌入式双开门变频风冷无霜大容量对开456升,205442655354,205442655354,2699,,正常,2026-05-06 10:33:03,无截图
拼多多,https://mobile.yangkeduo.com/goods.html?goods_id=205451808289,小厨宝,6923185611233,205451808289,359,,正常,2026-05-06 10:33:03,无截图
拼多多,https://mobile.yangkeduo.com/goods.html?goods_id=205467667434,[新品上市]VIOMI 云米净水器600G小海豚3厨下式RO反渗透直饮家用,205467667434,205467667434,998,,正常,2026-05-06 10:33:03,无截图
拼多多,https://mobile.yangkeduo.com/goods.html?goods_id=205378217791,1级能效云米燃气灶 可联网 10重安保 厨房灶具 天然气猛火灶4500W,205378217791,205378217791,799,,正常,2026-05-06 10:33:03,无截图
拼多多,https://mobile.yangkeduo.com/goods.html?goods_id=205448553075,云米电热水器VEW605家用小型储水速热节能漏电保护60L,205448553075,205448553075,749,,正常,2026-05-06 10:33:03,无截图
拼多多,https://mobile.yangkeduo.com/goods.html?goods_id=205458105137,小海豚2 1000G,6923185654865,205458105137,839,899,破价警报 | 百亿补贴,2026-05-06 10:33:03,无截图
拼多多2,https://mobile.yangkeduo.com/goods.html?goods_id=942754114793,云米AI燃气热水器 智控恒温防冻节能安全水质净化精准控温13L强排,942754114793,942754114793,999,,正常,2026-05-06 10:34:32,无截图
拼多多2,https://mobile.yangkeduo.com/goods.html?goods_id=942740482351,云米AI燃气热水器 智控恒温防冻节能安全水质净化精准控温13L强排,942740482351,942740482351,999,,正常,2026-05-06 10:34:32,无截图
拼多多2,https://mobile.yangkeduo.com/goods.html?goods_id=942656610557,云米即热净水器厨房家用直饮RO反渗透加热净饮一体机1000G,942656610557,942656610557,2999,,正常,2026-05-06 10:34:32,无截图
拼多多2,https://mobile.yangkeduo.com/goods.html?goods_id=939930331098,VIOMI云米 滤芯 反渗透滤芯RO膜,939930331098,939930331098,598,,正常,2026-05-06 10:34:32,无截图
拼多多2,https://mobile.yangkeduo.com/goods.html?goods_id=939930331098,VIOMI云米 滤芯 反渗透滤芯RO膜,939930331098,939930331098,598,,正常,2026-05-06 10:34:32,无截图
拼多多2,https://mobile.yangkeduo.com/goods.html?goods_id=939930331098,VIOMI云米 滤芯 反渗透滤芯RO膜,939930331098,939930331098,598,,正常,2026-05-06 10:34:32,无截图
拼多多2,https://mobile.yangkeduo.com/goods.html?goods_id=939930331098,VIOMI云米 滤芯 反渗透滤芯RO膜,939930331098,939930331098,698,,正常,2026-05-06 10:34:32,无截图
拼多多2,https://mobile.yangkeduo.com/goods.html?goods_id=939930331098,VIOMI云米 滤芯 反渗透滤芯RO膜,939930331098,939930331098,798,,正常,2026-05-06 10:34:32,无截图
拼多多2,https://mobile.yangkeduo.com/goods.html?goods_id=939930331098,VIOMI云米 滤芯 反渗透滤芯RO膜,939930331098,939930331098,799,,正常,2026-05-06 10:34:32,无截图
拼多多2,https://mobile.yangkeduo.com/goods.html?goods_id=939930331098,VIOMI云米 滤芯 反渗透滤芯RO膜,939930331098,939930331098,898,,正常,2026-05-06 10:34:32,无截图
拼多多2,https://mobile.yangkeduo.com/goods.html?goods_id=939930331098,VIOMI云米 滤芯 反渗透滤芯RO膜,939930331098,939930331098,898,,正常,2026-05-06 10:34:32,无截图
拼多多2,https://mobile.yangkeduo.com/goods.html?goods_id=939930331098,VIOMI云米 滤芯 反渗透滤芯RO膜,939930331098,939930331098,898,,正常,2026-05-06 10:34:32,无截图
拼多多2,https://mobile.yangkeduo.com/goods.html?goods_id=939930331098,VIOMI云米 滤芯 反渗透滤芯RO膜,939930331098,939930331098,899,,正常,2026-05-06 10:34:32,无截图
拼多多2,https://mobile.yangkeduo.com/goods.html?goods_id=939928309801,VIOMI云米 滤芯 反渗透滤芯RO膜,939928309801,939928309801,598,,正常,2026-05-06 10:34:32,无截图
拼多多2,https://mobile.yangkeduo.com/goods.html?goods_id=939928309801,VIOMI云米 滤芯 反渗透滤芯RO膜,939928309801,939928309801,598,,正常,2026-05-06 10:34:32,无截图
拼多多2,https://mobile.yangkeduo.com/goods.html?goods_id=939928309801,VIOMI云米 滤芯 反渗透滤芯RO膜,939928309801,939928309801,598,,正常,2026-05-06 10:34:32,无截图
拼多多2,https://mobile.yangkeduo.com/goods.html?goods_id=939928309801,VIOMI云米 滤芯 反渗透滤芯RO膜,939928309801,939928309801,698,,正常,2026-05-06 10:34:32,无截图
拼多多2,https://mobile.yangkeduo.com/goods.html?goods_id=939928309801,VIOMI云米 滤芯 反渗透滤芯RO膜,939928309801,939928309801,798,,正常,2026-05-06 10:34:32,无截图
拼多多2,https://mobile.yangkeduo.com/goods.html?goods_id=939928309801,VIOMI云米 滤芯 反渗透滤芯RO膜,939928309801,939928309801,799,,正常,2026-05-06 10:34:32,无截图
拼多多2,https://mobile.yangkeduo.com/goods.html?goods_id=939928309801,VIOMI云米 滤芯 反渗透滤芯RO膜,939928309801,939928309801,898,,正常,2026-05-06 10:34:32,无截图
拼多多2,https://mobile.yangkeduo.com/goods.html?goods_id=939928309801,VIOMI云米 滤芯 反渗透滤芯RO膜,939928309801,939928309801,898,,正常,2026-05-06 10:34:32,无截图
拼多多2,https://mobile.yangkeduo.com/goods.html?goods_id=939928309801,VIOMI云米 滤芯 反渗透滤芯RO膜,939928309801,939928309801,898,,正常,2026-05-06 10:34:32,无截图
拼多多2,https://mobile.yangkeduo.com/goods.html?goods_id=939928309801,VIOMI云米 滤芯 反渗透滤芯RO膜,939928309801,939928309801,899,,正常,2026-05-06 10:34:32,无截图
拼多多2,https://mobile.yangkeduo.com/goods.html?goods_id=939760939921,云米净水器Super2Y1200G家用直饮厨下式RO反渗透鲜活泉无陈水,939760939921,939760939921,2299,,正常,2026-05-06 10:34:32,无截图
拼多多2,https://mobile.yangkeduo.com/goods.html?goods_id=932391238524,VIOMI 云米净水器小海豚3 厨下式RO反渗透直饮家用 无罐一体式,932391238524,932391238524,895.5,,正常,2026-05-06 10:34:32,无截图
拼多多2,https://mobile.yangkeduo.com/goods.html?goods_id=932391238524,VIOMI 云米净水器小海豚3 厨下式RO反渗透直饮家用 无罐一体式,932391238524,932391238524,895.5,,正常,2026-05-06 10:34:32,无截图
拼多多2,https://mobile.yangkeduo.com/goods.html?goods_id=926760918505,VIOMI云米净水器小海豚600G+升级版厨下式 RO 反渗透直饮家用,926760918505,926760918505,904,,正常,2026-05-06 10:34:32,无截图
拼多多2,https://mobile.yangkeduo.com/goods.html?goods_id=926574119933,昆仑4弱碱 1400G,6923185655718,926574119933,2999,3599,破价警报 | 限时折扣,2026-05-06 10:34:32,无截图
拼多多2,https://mobile.yangkeduo.com/goods.html?goods_id=926440536018,云米小厨宝6L电热水器厨房卫生间出水恒温储水式小型速热神器加热,926440536018,926440536018,399,,正常,2026-05-06 10:34:32,无截图
拼多多2,https://mobile.yangkeduo.com/goods.html?goods_id=925977908012,云米昆仑3矿泉净水器2S Pro,6923185656593,925977908012,2998,2899,高价待调整,2026-05-06 10:34:32,无截图
拼多多2,https://mobile.yangkeduo.com/goods.html?goods_id=925958299439,云米(VIOMI) 家用昆仑4弱碱1200G 矿物质直饮反渗透厨下过滤器,925958299439,925958299439,3999,,正常,2026-05-06 10:34:32,无截图
拼多多2,https://mobile.yangkeduo.com/goods.html?goods_id=925904229459,VIOMI云米净水器600G小蓝调厨下式RO反渗透直饮家用6年长效,925904229459,925904229459,728,,百亿补贴,2026-05-06 10:34:32,无截图
拼多多2,https://mobile.yangkeduo.com/goods.html?goods_id=925874862450,小京龙Pro1100G,6923185655220,925874862450,799,1099,破价警报 | 百亿补贴,2026-05-06 10:34:32,无截图
拼多多2,https://mobile.yangkeduo.com/goods.html?goods_id=925737084752,门锁普通版E30,6923185656074,925737084752,499,,限时折扣,2026-05-06 10:34:32,无截图
拼多多2,https://mobile.yangkeduo.com/goods.html?goods_id=916998985237,云米(VIOMI)净水机昆仑3 2E净矿1000G净水器 6年RO膜 接入米家,916998985237,916998985237,2599,,正常,2026-05-06 10:34:32,无截图
拼多多2,https://mobile.yangkeduo.com/goods.html?goods_id=925730122772,蓝调智能门锁（大屏猫眼版）,6923185654667,925730122772,999,,正常,2026-05-06 10:34:32,无截图
拼多多2,https://mobile.yangkeduo.com/goods.html?goods_id=925730329478,云米蓝调智能门锁（基础版）,6923185655381,925730329478,499,,限时折扣,2026-05-06 10:34:32,无截图
拼多多2,https://mobile.yangkeduo.com/goods.html?goods_id=925731404024,门锁掌静脉,6923185655398,925731404024,1499,,正常,2026-05-06 10:34:32,无截图
拼多多2,https://mobile.yangkeduo.com/goods.html?goods_id=925231209174,蓝调智能门锁（人脸猫眼版）,6923185654650,925231209174,709,,限时折扣,2026-05-06 10:34:32,无截图
拼多多2,https://mobile.yangkeduo.com/goods.html?goods_id=925230364669,蓝调智能门锁（3D人脸版）,6923185654643,925230364669,629,,限时折扣,2026-05-06 10:34:32,无截图
拼多多2,https://mobile.yangkeduo.com/goods.html?goods_id=920795499656,VIOMI云米小海豚3净水器5年长效RO反渗透厨下一体机水过滤大通量,920795499656,920795499656,1299,,正常,2026-05-06 10:34:32,无截图
拼多多2,https://mobile.yangkeduo.com/goods.html?goods_id=920088070226,云米新品鲲鹏PRO油烟机28m³大吸力易清洁挥手智控烟灶联动小噪音,920088070226,920088070226,2399,,正常,2026-05-06 10:34:32,无截图
拼多多2,https://mobile.yangkeduo.com/goods.html?goods_id=918828889854,VIOMI云米净水器600G小蓝调厨下式RO反渗透直饮家用6年长效,918828889854,918828889854,1299,,正常,2026-05-06 10:34:32,无截图
拼多多2,https://mobile.yangkeduo.com/goods.html?goods_id=917044137245,云米前置过滤器家用自来水前置净水器自动反冲洗全屋净水机大流量,917044137245,917044137245,498,,正常,2026-05-06 10:34:32,无截图
拼多多2,https://mobile.yangkeduo.com/goods.html?goods_id=917042534932,云米前置过滤器家用自来水前置净水器自动反冲洗全屋净水机大流量,917042534932,917042534932,498,,正常,2026-05-06 10:34:32,无截图
拼多多2,https://mobile.yangkeduo.com/goods.html?goods_id=917038452382,小海豚+管线机,"S2405281401001,S2407170910001",917038452382,1349,,限量折扣,2026-05-06 10:34:32,无截图
拼多多2,https://mobile.yangkeduo.com/goods.html?goods_id=917038452382,小海豚+管线机,"S2405281401001,S2407170910001",917038452382,1449,,限量折扣,2026-05-06 10:34:32,无截图
拼多多2,https://mobile.yangkeduo.com/goods.html?goods_id=917034829515,管线机2E,6923185650966,917034829515,869,1599,破价警报 | 百亿补贴,2026-05-06 10:34:32,无截图
拼多多2,https://mobile.yangkeduo.com/goods.html?goods_id=917032713009,管线机2S,6923185652526,917032713009,669,1699,破价警报 | 百亿补贴,2026-05-06 10:34:32,无截图
拼多多2,https://mobile.yangkeduo.com/goods.html?goods_id=917031150770,云米·泉先AI净水器蓝调600G+,6923185653592,917031150770,1299,999,高价待调整,2026-05-06 10:34:32,无截图
拼多多2,https://mobile.yangkeduo.com/goods.html?goods_id=917001945930,云米矿泉台式净饮机即热式饮水机直饮家用矿化加热一体机净水器,917001945930,917001945930,2199,,正常,2026-05-06 10:34:32,无截图
拼多多2,https://mobile.yangkeduo.com/goods.html?goods_id=916996455515,云米AI冷热管线机Super2 Pro,6923185655794,916996455515,1289,1999,破价警报 | 限时折扣,2026-05-06 10:34:32,无截图
拼多多2,https://mobile.yangkeduo.com/goods.html?goods_id=916452280972,900G,6923185654292,916452280972,1998,1499,高价待调整,2026-05-06 10:34:32,无截图
拼多多2,https://mobile.yangkeduo.com/goods.html?goods_id=916441693850,云米(VIOMI) 小海豚PRO 家用净水机 净水器 反渗透大通量 RO膜,916441693850,916441693850,899,,限量折扣,2026-05-06 10:34:32,无截图
拼多多2,https://mobile.yangkeduo.com/goods.html?goods_id=916398420768,复合滤芯,"6923185614258,6923185615750,6923185614265",916398420768,298,,正常,2026-05-06 10:34:32,无截图
拼多多2,https://mobile.yangkeduo.com/goods.html?goods_id=916398420768,复合滤芯,"6923185614258,6923185615750,6923185614265",916398420768,298,,正常,2026-05-06 10:34:32,无截图
拼多多2,https://mobile.yangkeduo.com/goods.html?goods_id=916398420768,复合滤芯,"6923185614258,6923185615750,6923185614265",916398420768,298,,正常,2026-05-06 10:34:32,无截图
拼多多2,https://mobile.yangkeduo.com/goods.html?goods_id=916398420768,复合滤芯,"6923185614258,6923185615750,6923185614265",916398420768,298,,正常,2026-05-06 10:34:32,无截图
拼多多2,https://mobile.yangkeduo.com/goods.html?goods_id=916398420768,复合滤芯,"6923185614258,6923185615750,6923185614265",916398420768,298,,正常,2026-05-06 10:34:32,无截图
拼多多2,https://mobile.yangkeduo.com/goods.html?goods_id=916398420768,复合滤芯,"6923185614258,6923185615750,6923185614265",916398420768,298,,正常,2026-05-06 10:34:32,无截图
拼多多2,https://mobile.yangkeduo.com/goods.html?goods_id=916398420768,复合滤芯,"6923185614258,6923185615750,6923185614265",916398420768,298,,正常,2026-05-06 10:34:32,无截图
拼多多2,https://mobile.yangkeduo.com/goods.html?goods_id=916398420768,复合滤芯,"6923185614258,6923185615750,6923185614265",916398420768,298,,正常,2026-05-06 10:34:32,无截图
拼多多2,https://mobile.yangkeduo.com/goods.html?goods_id=916398420768,复合滤芯,"6923185614258,6923185615750,6923185614265",916398420768,298,,正常,2026-05-06 10:34:32,无截图
拼多多2,https://mobile.yangkeduo.com/goods.html?goods_id=916398420768,复合滤芯,"6923185614258,6923185615750,6923185614265",916398420768,298,,正常,2026-05-06 10:34:32,无截图
拼多多2,https://mobile.yangkeduo.com/goods.html?goods_id=916398420768,复合滤芯,"6923185614258,6923185615750,6923185614265",916398420768,298,,正常,2026-05-06 10:34:32,无截图
拼多多2,https://mobile.yangkeduo.com/goods.html?goods_id=916398420768,复合滤芯,"6923185614258,6923185615750,6923185614265",916398420768,298,,正常,2026-05-06 10:34:32,无截图
拼多多2,https://mobile.yangkeduo.com/goods.html?goods_id=916398420768,复合滤芯,"6923185614258,6923185615750,6923185614265",916398420768,298,,正常,2026-05-06 10:34:32,无截图
拼多多2,https://mobile.yangkeduo.com/goods.html?goods_id=916398420768,复合滤芯,"6923185614258,6923185615750,6923185614265",916398420768,298,,正常,2026-05-06 10:34:32,无截图
拼多多2,https://mobile.yangkeduo.com/goods.html?goods_id=916398420768,复合滤芯,"6923185614258,6923185615750,6923185614265",916398420768,298,,正常,2026-05-06 10:34:32,无截图
拼多多2,https://mobile.yangkeduo.com/goods.html?goods_id=916398420768,复合滤芯,"6923185614258,6923185615750,6923185614265",916398420768,299,,正常,2026-05-06 10:34:32,无截图
拼多多2,https://mobile.yangkeduo.com/goods.html?goods_id=916398420768,复合滤芯,"6923185614258,6923185615750,6923185614265",916398420768,299,,正常,2026-05-06 10:34:32,无截图
拼多多2,https://mobile.yangkeduo.com/goods.html?goods_id=916398420768,复合滤芯,"6923185614258,6923185615750,6923185614265",916398420768,299,,正常,2026-05-06 10:34:32,无截图
拼多多2,https://mobile.yangkeduo.com/goods.html?goods_id=916398420768,复合滤芯,"6923185614258,6923185615750,6923185614265",916398420768,398,,正常,2026-05-06 10:34:32,无截图
拼多多2,https://mobile.yangkeduo.com/goods.html?goods_id=916398420768,复合滤芯,"6923185614258,6923185615750,6923185614265",916398420768,398,,正常,2026-05-06 10:34:32,无截图
拼多多2,https://mobile.yangkeduo.com/goods.html?goods_id=916398420768,复合滤芯,"6923185614258,6923185615750,6923185614265",916398420768,398,,正常,2026-05-06 10:34:32,无截图
拼多多2,https://mobile.yangkeduo.com/goods.html?goods_id=916398420768,复合滤芯,"6923185614258,6923185615750,6923185614265",916398420768,399,,正常,2026-05-06 10:34:32,无截图
拼多多2,https://mobile.yangkeduo.com/goods.html?goods_id=916398420768,复合滤芯,"6923185614258,6923185615750,6923185614265",916398420768,399,,正常,2026-05-06 10:34:32,无截图
拼多多2,https://mobile.yangkeduo.com/goods.html?goods_id=915797572693,600G滤芯套餐,S2412282008001,915797572693,699,,百亿补贴,2026-05-06 10:34:32,无截图
拼多多2,https://mobile.yangkeduo.com/goods.html?goods_id=885690465484,小海豚600G+,6923185653684,885690465484,559,559,百亿补贴,2026-05-06 10:34:32,无截图
拼多多2,https://mobile.yangkeduo.com/goods.html?goods_id=882919216767,小白龙 800G+,6923185653974,882919216767,1199,1299,破价警报,2026-05-06 10:34:32,无截图
拼多多2,https://mobile.yangkeduo.com/goods.html?goods_id=879245702873,VIOMI云米小海豚3净水器5年长效RO反渗透厨下一体机水过滤大通量,879245702873,879245702873,1299,,正常,2026-05-06 10:34:32,无截图
拼多多2,https://mobile.yangkeduo.com/goods.html?goods_id=874350558652,VIOMI云米滤芯 小海豚3适用,874350558652,874350558652,239,,正常,2026-05-06 10:34:32,无截图
拼多多2,https://mobile.yangkeduo.com/goods.html?goods_id=874350558652,VIOMI云米滤芯 小海豚3适用,874350558652,874350558652,499,,正常,2026-05-06 10:34:32,无截图
拼多多2,https://mobile.yangkeduo.com/goods.html?goods_id=873053402073,VIOMI云米小海豚3净水器5年长效RO反渗透厨下一体机水过滤大通量,873053402073,873053402073,1199,,正常,2026-05-06 10:34:32,无截图
拼多多2,https://mobile.yangkeduo.com/goods.html?goods_id=530950162370,云米小海豚2 1000G净水器净水机管线机即热饮水机前置过滤器套装,530950162370,530950162370,2699,,正常,2026-05-06 10:34:32,无截图
拼多多2,https://mobile.yangkeduo.com/goods.html?goods_id=530950162370,云米小海豚2 1000G净水器净水机管线机即热饮水机前置过滤器套装,530950162370,530950162370,2999,,正常,2026-05-06 10:34:32,无截图
拼多多2,https://mobile.yangkeduo.com/goods.html?goods_id=500282125061,云米1.5匹变频冷暖Milano2ProAI语音UVC除菌新一级智能电器挂机,500282125061,500282125061,2799,,正常,2026-05-06 10:34:32,无截图
拼多多2,https://mobile.yangkeduo.com/goods.html?goods_id=497869228081,云米521升风冷无霜一级变频十字四开门对开门大容量智能电器冰箱,497869228081,497869228081,2799,,正常,2026-05-06 10:34:32,无截图
拼多多2,https://mobile.yangkeduo.com/goods.html?goods_id=491420502929,云米1.5匹AI智能电器变频空调冷暖两用新一级省电家用杀菌挂机,491420502929,491420502929,2599,,正常,2026-05-06 10:34:32,无截图
拼多多2,https://mobile.yangkeduo.com/goods.html?goods_id=489538266025,云米TDS水质检测笔测水质仪饮用水检测器家用自来水水质测试仪器,489538266025,489538266025,99,,正常,2026-05-06 10:34:32,无截图
拼多多2,https://mobile.yangkeduo.com/goods.html?goods_id=6120759451,云米VO1602电烤箱多功能烤箱家用烘焙小型蛋糕电烤鸡翅披萨16L,6120759451,6120759451,149,,正常,2026-05-06 10:34:32,无截图
京东,https://item.jd.com/100028611839.html,,6923185649076,,723.35,,价格正常,2026-05-07 09:41:21,d:\WorkSpace\01_自动化开发\App1_Price_Monitor品牌价格\price_screenshots\2026-05-07_JD_6923185649076_undefined.jpg
京东,https://item.jd.com/100066567729.html,,6923185651093,,1598.85,,价格正常,2026-05-07 09:41:29,d:\WorkSpace\01_自动化开发\App1_Price_Monitor品牌价格\price_screenshots\2026-05-07_JD_6923185651093_undefined.jpg
京东,https://item.jd.com/100084621106.html,,"6923185651970,6923185651987",,1359.15,,价格正常,2026-05-07 09:41:36,"d:\WorkSpace\01_自动化开发\App1_Price_Monitor品牌价格\price_screenshots\2026-05-07_JD_6923185651970,6923185651987_undefined.jpg"
京东,https://item.jd.com/100091031999.html,,6923185653608,,798.66,,价格正常,2026-05-07 09:41:43,d:\WorkSpace\01_自动化开发\App1_Price_Monitor品牌价格\price_screenshots\2026-05-07_JD_6923185653608_undefined.jpg
京东,https://item.jd.com/100094220985.html,,6923185652526,,705.48,,价格正常,2026-05-07 09:41:49,d:\WorkSpace\01_自动化开发\App1_Price_Monitor品牌价格\price_screenshots\2026-05-07_JD_6923185652526_undefined.jpg
京东,https://item.jd.com/100105676026.html,,6923185653585,,1739.01,,价格正常,2026-05-07 09:41:56,d:\WorkSpace\01_自动化开发\App1_Price_Monitor品牌价格\price_screenshots\2026-05-07_JD_6923185653585_undefined.jpg
京东,https://item.jd.com/100113886253.html,,6923185653981,,1185.42,,价格正常,2026-05-07 09:42:03,d:\WorkSpace\01_自动化开发\App1_Price_Monitor品牌价格\price_screenshots\2026-05-07_JD_6923185653981_undefined.jpg
京东,https://item.jd.com/100135346870.html,,6923185654254,,1545.63,,价格正常,2026-05-07 09:42:10,d:\WorkSpace\01_自动化开发\App1_Price_Monitor品牌价格\price_screenshots\2026-05-07_JD_6923185654254_undefined.jpg
京东,https://item.jd.com/100135744117.html,,"6923185654933,6923185654940",,1954.15,,价格正常,2026-05-07 09:42:17,"d:\WorkSpace\01_自动化开发\App1_Price_Monitor品牌价格\price_screenshots\2026-05-07_JD_6923185654933,6923185654940_undefined.jpg"
京东,https://item.jd.com/100167111601.html,,6923185655688,,679.15,,价格正常,2026-05-07 09:42:29,d:\WorkSpace\01_自动化开发\App1_Price_Monitor品牌价格\price_screenshots\2026-05-07_JD_6923185655688_undefined.jpg
京东,https://item.jd.com/100167930746.html,,"6923185654919,6923185654926",,1699.15,,价格正常,2026-05-07 09:42:38,"d:\WorkSpace\01_自动化开发\App1_Price_Monitor品牌价格\price_screenshots\2026-05-07_JD_6923185654919,6923185654926_undefined.jpg"
京东,https://item.jd.com/100193748406.html,,6923185615415,,1062.36,,价格正常,2026-05-07 09:42:45,d:\WorkSpace\01_自动化开发\App1_Price_Monitor品牌价格\price_screenshots\2026-05-07_JD_6923185615415_undefined.jpg
京东,https://item.jd.com/100216835595.html,,6923185655794,,1282.43,,价格正常,2026-05-07 09:42:53,d:\WorkSpace\01_自动化开发\App1_Price_Monitor品牌价格\price_screenshots\2026-05-07_JD_6923185655794_undefined.jpg
京东,https://item.jd.com/100220432805.html,,6923185656890,,1614.15,,价格正常,2026-05-07 09:43:01,d:\WorkSpace\01_自动化开发\App1_Price_Monitor品牌价格\price_screenshots\2026-05-07_JD_6923185656890_undefined.jpg
京东,https://item.jd.com/100223552856.html,,6923185654292,,799,,价格正常,2026-05-07 09:43:08,d:\WorkSpace\01_自动化开发\App1_Price_Monitor品牌价格\price_screenshots\2026-05-07_JD_6923185654292_undefined.jpg
京东,https://item.jd.com/100248509179.html,,6923185678328,,Not Found,,抓取失败,2026-05-07 09:43:20,d:\WorkSpace\01_自动化开发\App1_Price_Monitor品牌价格\error_screenshots\fail_JD_15.png
京东,https://item.jd.com/100251742015.html,,6923185657798,,Not Found,,抓取失败,2026-05-07 09:43:32,d:\WorkSpace\01_自动化开发\App1_Price_Monitor品牌价格\error_screenshots\fail_JD_16.png
京东,https://item.jd.com/100283229342.html,,6923185656562,,1678.24,,价格正常,2026-05-07 09:43:43,d:\WorkSpace\01_自动化开发\App1_Price_Monitor品牌价格\price_screenshots\2026-05-07_JD_6923185656562_undefined.jpg
京东,https://item.jd.com/100312626096.html,,6923185605881,,699.21,,价格正常,2026-05-07 09:43:52,d:\WorkSpace\01_自动化开发\App1_Price_Monitor品牌价格\price_screenshots\2026-05-07_JD_6923185605881_undefined.jpg
拼多多,https://mobile.yangkeduo.com/goods.html?goods_id=912927521784,云米(VIOMI) 小海豚  家用净水机 1200G净水器 反渗透RO膜,912927521784,912927521784,1273,,百亿补贴,2026-05-07 09:47:12,无截图
拼多多,https://mobile.yangkeduo.com/goods.html?goods_id=908884844099,VIOMI云米冷热管线机饮水机壁挂式双出水台式管线机UV杀菌,908884844099,908884844099,709,,限时折扣,2026-05-07 09:47:12,无截图
拼多多,https://mobile.yangkeduo.com/goods.html?goods_id=908879495872,云米前置过滤器家用自来水前置净水器自动反冲洗全屋净水机大流量,908879495872,908879495872,498,,正常,2026-05-07 09:47:12,无截图
拼多多,https://mobile.yangkeduo.com/goods.html?goods_id=907974025123,Viomi云米净水器1000G厨下式RO反渗透直饮过滤器净饮小海豚2,907974025123,907974025123,899,,限量折扣,2026-05-07 09:47:12,无截图
拼多多,https://mobile.yangkeduo.com/goods.html?goods_id=907033710117,云米(VIOMI)家用净水机昆仑3 2SPRO矿泉1400G净水器 反渗透RO膜,907033710117,907033710117,2998,,正常,2026-05-07 09:47:12,无截图
拼多多,https://mobile.yangkeduo.com/goods.html?goods_id=873065157674,VIOMI云米 滤芯 反渗透滤芯RO膜,873065157674,873065157674,598,,正常,2026-05-07 09:47:12,无截图
拼多多,https://mobile.yangkeduo.com/goods.html?goods_id=873065157674,VIOMI云米 滤芯 反渗透滤芯RO膜,873065157674,873065157674,598,,正常,2026-05-07 09:47:12,无截图
拼多多,https://mobile.yangkeduo.com/goods.html?goods_id=873065157674,VIOMI云米 滤芯 反渗透滤芯RO膜,873065157674,873065157674,598,,正常,2026-05-07 09:47:12,无截图
拼多多,https://mobile.yangkeduo.com/goods.html?goods_id=873065157674,VIOMI云米 滤芯 反渗透滤芯RO膜,873065157674,873065157674,698,,正常,2026-05-07 09:47:12,无截图
拼多多,https://mobile.yangkeduo.com/goods.html?goods_id=873065157674,VIOMI云米 滤芯 反渗透滤芯RO膜,873065157674,873065157674,798,,正常,2026-05-07 09:47:12,无截图
拼多多,https://mobile.yangkeduo.com/goods.html?goods_id=873065157674,VIOMI云米 滤芯 反渗透滤芯RO膜,873065157674,873065157674,799,,正常,2026-05-07 09:47:12,无截图
拼多多,https://mobile.yangkeduo.com/goods.html?goods_id=873065157674,VIOMI云米 滤芯 反渗透滤芯RO膜,873065157674,873065157674,898,,正常,2026-05-07 09:47:12,无截图
拼多多,https://mobile.yangkeduo.com/goods.html?goods_id=873065157674,VIOMI云米 滤芯 反渗透滤芯RO膜,873065157674,873065157674,898,,正常,2026-05-07 09:47:12,无截图
拼多多,https://mobile.yangkeduo.com/goods.html?goods_id=873065157674,VIOMI云米 滤芯 反渗透滤芯RO膜,873065157674,873065157674,898,,正常,2026-05-07 09:47:12,无截图
拼多多,https://mobile.yangkeduo.com/goods.html?goods_id=873065157674,VIOMI云米 滤芯 反渗透滤芯RO膜,873065157674,873065157674,899,,正常,2026-05-07 09:47:12,无截图
拼多多,https://mobile.yangkeduo.com/goods.html?goods_id=872941778883,VIOMI云米 复合滤芯五合一,872941778883,872941778883,288,,正常,2026-05-07 09:47:12,无截图
拼多多,https://mobile.yangkeduo.com/goods.html?goods_id=872941778883,VIOMI云米 复合滤芯五合一,872941778883,872941778883,288,,正常,2026-05-07 09:47:12,无截图
拼多多,https://mobile.yangkeduo.com/goods.html?goods_id=872941778883,VIOMI云米 复合滤芯五合一,872941778883,872941778883,288,,正常,2026-05-07 09:47:12,无截图
拼多多,https://mobile.yangkeduo.com/goods.html?goods_id=872941778883,VIOMI云米 复合滤芯五合一,872941778883,872941778883,288,,正常,2026-05-07 09:47:12,无截图
拼多多,https://mobile.yangkeduo.com/goods.html?goods_id=872941778883,VIOMI云米 复合滤芯五合一,872941778883,872941778883,288,,正常,2026-05-07 09:47:12,无截图
拼多多,https://mobile.yangkeduo.com/goods.html?goods_id=872941778883,VIOMI云米 复合滤芯五合一,872941778883,872941778883,288,,正常,2026-05-07 09:47:12,无截图
拼多多,https://mobile.yangkeduo.com/goods.html?goods_id=872941778883,VIOMI云米 复合滤芯五合一,872941778883,872941778883,288,,正常,2026-05-07 09:47:12,无截图
拼多多,https://mobile.yangkeduo.com/goods.html?goods_id=872941778883,VIOMI云米 复合滤芯五合一,872941778883,872941778883,288,,正常,2026-05-07 09:47:12,无截图
拼多多,https://mobile.yangkeduo.com/goods.html?goods_id=872941778883,VIOMI云米 复合滤芯五合一,872941778883,872941778883,288,,正常,2026-05-07 09:47:12,无截图
拼多多,https://mobile.yangkeduo.com/goods.html?goods_id=872941778883,VIOMI云米 复合滤芯五合一,872941778883,872941778883,289,,正常,2026-05-07 09:47:12,无截图
拼多多,https://mobile.yangkeduo.com/goods.html?goods_id=872941778883,VIOMI云米 复合滤芯五合一,872941778883,872941778883,289,,正常,2026-05-07 09:47:12,无截图
拼多多,https://mobile.yangkeduo.com/goods.html?goods_id=872941778883,VIOMI云米 复合滤芯五合一,872941778883,872941778883,289,,正常,2026-05-07 09:47:12,无截图
拼多多,https://mobile.yangkeduo.com/goods.html?goods_id=872941778883,VIOMI云米 复合滤芯五合一,872941778883,872941778883,289,,正常,2026-05-07 09:47:12,无截图
拼多多,https://mobile.yangkeduo.com/goods.html?goods_id=872941778883,VIOMI云米 复合滤芯五合一,872941778883,872941778883,289,,正常,2026-05-07 09:47:12,无截图
拼多多,https://mobile.yangkeduo.com/goods.html?goods_id=872941778883,VIOMI云米 复合滤芯五合一,872941778883,872941778883,289,,正常,2026-05-07 09:47:12,无截图
拼多多,https://mobile.yangkeduo.com/goods.html?goods_id=872941778883,VIOMI云米 复合滤芯五合一,872941778883,872941778883,289,,正常,2026-05-07 09:47:12,无截图
拼多多,https://mobile.yangkeduo.com/goods.html?goods_id=872941778883,VIOMI云米 复合滤芯五合一,872941778883,872941778883,299,,正常,2026-05-07 09:47:12,无截图
拼多多,https://mobile.yangkeduo.com/goods.html?goods_id=872941778883,VIOMI云米 复合滤芯五合一,872941778883,872941778883,299,,正常,2026-05-07 09:47:12,无截图
拼多多,https://mobile.yangkeduo.com/goods.html?goods_id=872941778883,VIOMI云米 复合滤芯五合一,872941778883,872941778883,398,,正常,2026-05-07 09:47:12,无截图
拼多多,https://mobile.yangkeduo.com/goods.html?goods_id=872941778883,VIOMI云米 复合滤芯五合一,872941778883,872941778883,398,,正常,2026-05-07 09:47:12,无截图
拼多多,https://mobile.yangkeduo.com/goods.html?goods_id=872941778883,VIOMI云米 复合滤芯五合一,872941778883,872941778883,398,,正常,2026-05-07 09:47:12,无截图
拼多多,https://mobile.yangkeduo.com/goods.html?goods_id=872941778883,VIOMI云米 复合滤芯五合一,872941778883,872941778883,399,,正常,2026-05-07 09:47:12,无截图
拼多多,https://mobile.yangkeduo.com/goods.html?goods_id=872941778883,VIOMI云米 复合滤芯五合一,872941778883,872941778883,399,,正常,2026-05-07 09:47:12,无截图
拼多多,https://mobile.yangkeduo.com/goods.html?goods_id=870799733097,云米smart2油烟机 跨界顶侧联动超薄平嵌式自清洁挥手智控大吸力,870799733097,870799733097,1599,,正常,2026-05-07 09:47:12,无截图
拼多多,https://mobile.yangkeduo.com/goods.html?goods_id=868834124642,云米Super油烟机升级版大吸力大静压顶侧双吸超薄自清洁烟灶联动,868834124642,868834124642,1499,,限时折扣,2026-05-07 09:47:12,无截图
拼多多,https://mobile.yangkeduo.com/goods.html?goods_id=868851073714,Viomi云米小海豚3 厨下净水器5年长效 600G RO反渗透纯水机,868851073714,868851073714,499,,百亿补贴,2026-05-07 09:47:12,无截图
拼多多,https://mobile.yangkeduo.com/goods.html?goods_id=862873034610,Viomi云米 小海豚3新品5年长效RO净水器反渗透纯水机 超滤升级,862873034610,862873034610,618.6,,百亿补贴,2026-05-07 09:47:12,无截图
拼多多,https://mobile.yangkeduo.com/goods.html?goods_id=862873034610,Viomi云米 小海豚3新品5年长效RO净水器反渗透纯水机 超滤升级,862873034610,862873034610,728.6,,百亿补贴,2026-05-07 09:47:12,无截图
拼多多,https://mobile.yangkeduo.com/goods.html?goods_id=862584688956,云米智能门锁CPU门卡感应便携全新防水防折防复制手机APP门卡,862584688956,862584688956,25,,正常,2026-05-07 09:47:12,无截图
拼多多,https://mobile.yangkeduo.com/goods.html?goods_id=861508688697,Viomi云米制冷管线机壁挂式 直饮机 饮水机 UV全水路杀菌速热制冷,861508688697,861508688697,1998,,正常,2026-05-07 09:47:12,无截图
拼多多,https://mobile.yangkeduo.com/goods.html?goods_id=852932116812,云米净水器600G小海豚升级版厨下式RO反渗透直饮家用,852932116812,852932116812,772,,百亿补贴,2026-05-07 09:47:12,无截图
拼多多,https://mobile.yangkeduo.com/goods.html?goods_id=852614628903,云米水槽下水器垃圾处理器粉碎机下水道厨余搅碎机抑菌厨房家用,852614628903,852614628903,889,,百亿补贴同价上首页,2026-05-07 09:47:12,无截图
拼多多,https://mobile.yangkeduo.com/goods.html?goods_id=852161740747,VIOMI云米净水器小海豚600G+升级版厨下式RO反渗透直饮家用,852161740747,852161740747,899,,正常,2026-05-07 09:47:12,无截图
拼多多,https://mobile.yangkeduo.com/goods.html?goods_id=852010588191,云米蓝调2PRO燃气热水器静音节能水伺服恒温语音控制智控节能变频,852010588191,852010588191,1099,,正常,2026-05-07 09:47:12,无截图
拼多多,https://mobile.yangkeduo.com/goods.html?goods_id=850883552953,VIOMI云米净水器600G小蓝调厨下式RO反渗透直饮家用6年长效,850883552953,850883552953,649,,限时折扣,2026-05-07 09:47:12,无截图
拼多多,https://mobile.yangkeduo.com/goods.html?goods_id=850344043841,云米矿泉台式净饮机即热式饮水机直饮家用矿化加热一体机净水器,850344043841,850344043841,1039,,限时折扣,2026-05-07 09:47:12,无截图
拼多多,https://mobile.yangkeduo.com/goods.html?goods_id=849648457333,云米(VIOMI)净水机昆仑3 2E净矿1000G净水器 6年RO膜 接入米家,849648457333,849648457333,1519,,限时折扣,2026-05-07 09:47:12,无截图
拼多多,https://mobile.yangkeduo.com/goods.html?goods_id=849000374681,云米净水器Super2Y1200G家用直饮厨下式RO反渗透鲜活泉无陈水,849000374681,849000374681,1149,,限时折扣,2026-05-07 09:47:12,无截图
拼多多,https://mobile.yangkeduo.com/goods.html?goods_id=846212481564,云米蓝调2双胆电热水器60L超短超薄速热增容大水量3000W杀菌安全,846212481564,846212481564,1199,,正常,2026-05-07 09:47:12,无截图
拼多多,https://mobile.yangkeduo.com/goods.html?goods_id=837301408995,VIOMI/云米 新品管线机 冷热管线机Super2 Pro,837301408995,837301408995,1289,,限时折扣,2026-05-07 09:47:12,无截图
拼多多,https://mobile.yangkeduo.com/goods.html?goods_id=823432069145,云米无线手持吸尘器家用立式除螨大吸力吸尘机A9长续航宠物家庭,823432069145,823432069145,999,,正常,2026-05-07 09:47:12,无截图
拼多多,https://mobile.yangkeduo.com/goods.html?goods_id=819506595979,云米净水器  600G+ 新升级厨下式RO反渗透直饮家用,819506595979,819506595979,1099,,正常,2026-05-07 09:47:12,无截图
拼多多,https://mobile.yangkeduo.com/goods.html?goods_id=806062288852,云米无线手持吸尘器家用立式除螨大吸力吸尘机A9长续航宠物家庭,806062288852,806062288852,999,,正常,2026-05-07 09:47:12,无截图
拼多多,https://mobile.yangkeduo.com/goods.html?goods_id=795732084979,云米燃气热水器增压水伺服恒温省气抗风节能排气16L已接入米家APP,795732084979,795732084979,1599,,正常,2026-05-07 09:47:12,无截图
拼多多,https://mobile.yangkeduo.com/goods.html?goods_id=791982350266,云米3200W电热水器智能抑菌速热节能一级能效增容已接入米家app,791982350266,791982350266,799,,正常,2026-05-07 09:47:12,无截图
拼多多,https://mobile.yangkeduo.com/goods.html?goods_id=791982350266,云米3200W电热水器智能抑菌速热节能一级能效增容已接入米家app,791982350266,791982350266,899,,正常,2026-05-07 09:47:12,无截图
拼多多,https://mobile.yangkeduo.com/goods.html?goods_id=791968310970,云米智能电热水器3200W节能变频增容速热家用浴室洗澡抑菌50L/60L,791968310970,791968310970,759,,正常,2026-05-07 09:47:12,无截图
拼多多,https://mobile.yangkeduo.com/goods.html?goods_id=791968310970,云米智能电热水器3200W节能变频增容速热家用浴室洗澡抑菌50L/60L,791968310970,791968310970,859,,正常,2026-05-07 09:47:12,无截图
拼多多,https://mobile.yangkeduo.com/goods.html?goods_id=791519887797,云米超薄零嵌510L大容量冰箱美妆舱底部散热一级变频双开门风冷,791519887797,791519887797,2789,,百亿补贴同价上首页,2026-05-07 09:47:12,无截图
拼多多,https://mobile.yangkeduo.com/goods.html?goods_id=784230725200,云米鲲鹏PRO烟机28m³大吸力聚能猛火灶一级能效烟灶联动厨电套装,784230725200,784230725200,3099,,正常,2026-05-07 09:47:12,无截图
拼多多,https://mobile.yangkeduo.com/goods.html?goods_id=784230725200,云米鲲鹏PRO烟机28m³大吸力聚能猛火灶一级能效烟灶联动厨电套装,784230725200,784230725200,3099,,正常,2026-05-07 09:47:12,无截图
拼多多,https://mobile.yangkeduo.com/goods.html?goods_id=783305466570,云米智能烘干晾衣架语音声控离线全自动升降阳台LED照明Smart超薄,783305466570,783305466570,1299,,正常,2026-05-07 09:47:12,无截图
拼多多,https://mobile.yangkeduo.com/goods.html?goods_id=783304689053,【声控晾衣架】云米智能电动晾衣架无线遥控大容量自动升降控制,783304689053,783304689053,999,,正常,2026-05-07 09:47:12,无截图
拼多多,https://mobile.yangkeduo.com/goods.html?goods_id=774960777953,云米AI燃气热水器 智控恒温防冻节能安全水质净化精准控温13L强排,774960777953,774960777953,679,,限时折扣,2026-05-07 09:47:12,无截图
拼多多,https://mobile.yangkeduo.com/goods.html?goods_id=765112154467,云米智能小鲸鱼马桶盖全自动即热恒温带烘干坐垫圈抗菌除臭自清洗,765112154467,765112154467,1199,,正常,2026-05-07 09:47:12,无截图
拼多多,https://mobile.yangkeduo.com/goods.html?goods_id=763759392708,云米新品鲲鹏PRO油烟机28m³大吸力易清洁挥手智控烟灶联动小噪音,763759392708,763759392708,2499,,正常,2026-05-07 09:47:12,无截图
拼多多,https://mobile.yangkeduo.com/goods.html?goods_id=761822913595,云米全自动智能马桶一体式脚踢感应翻盖抗菌座圈带水箱泡沫盾家用,761822913595,761822913595,3229,,限时折扣,2026-05-07 09:47:12,无截图
拼多多,https://mobile.yangkeduo.com/goods.html?goods_id=761822913595,云米全自动智能马桶一体式脚踢感应翻盖抗菌座圈带水箱泡沫盾家用,761822913595,761822913595,3229,,限时折扣,2026-05-07 09:47:12,无截图
拼多多,https://mobile.yangkeduo.com/goods.html?goods_id=739863611562,云米鲲鹏抽油烟机家用顶侧双吸26大吸力变频一级能效smart2 pro,739863611562,739863611562,1499,,正常,2026-05-07 09:47:12,无截图
拼多多,https://mobile.yangkeduo.com/goods.html?goods_id=697436012016,【新品】云米120°超广角猫眼全自动智能门锁家用客厅室内高清大屏,697436012016,697436012016,999,,正常,2026-05-07 09:47:12,无截图
拼多多,https://mobile.yangkeduo.com/goods.html?goods_id=691819698413,云米电热水器50/60升洗澡家用浴室速热大容量省电防漏电警示安全,691819698413,691819698413,799,,正常,2026-05-07 09:47:12,无截图
拼多多,https://mobile.yangkeduo.com/goods.html?goods_id=691819698413,云米电热水器50/60升洗澡家用浴室速热大容量省电防漏电警示安全,691819698413,691819698413,899,,正常,2026-05-07 09:47:12,无截图
拼多多,https://mobile.yangkeduo.com/goods.html?goods_id=661859626284,云米电热水器40升洗澡家用租房储水式速热抑菌节能省电安全卫生间,661859626284,661859626284,599,,正常,2026-05-07 09:47:12,无截图
拼多多,https://mobile.yangkeduo.com/goods.html?goods_id=661859626284,云米电热水器40升洗澡家用租房储水式速热抑菌节能省电安全卫生间,661859626284,661859626284,599,,正常,2026-05-07 09:47:12,无截图
拼多多,https://mobile.yangkeduo.com/goods.html?goods_id=657344402006,云米顶侧大吸力蓝调油烟机家用厨房节能自清洁一级能效可挥手智控,657344402006,657344402006,859,,限时折扣,2026-05-07 09:47:12,无截图
拼多多,https://mobile.yangkeduo.com/goods.html?goods_id=635152751061,【全域烘干】云米全自动升降式智能室内嵌入式折叠晾衣机Super2Y,635152751061,635152751061,1699,,正常,2026-05-07 09:47:12,无截图
拼多多,https://mobile.yangkeduo.com/goods.html?goods_id=620077061933,云米嵌入式冰洗套装500升超薄十字四门冰箱&12KG大容量洗烘一体,620077061933,620077061933,6499,,正常,2026-05-07 09:47:12,无截图
拼多多,https://mobile.yangkeduo.com/goods.html?goods_id=620029199628,云米冰洗套装510升嵌入式风冷冰箱&12公斤大容量洗烘一体洗衣机,620029199628,620029199628,5899,,正常,2026-05-07 09:47:12,无截图
拼多多,https://mobile.yangkeduo.com/goods.html?goods_id=618360171773,云米超薄烟灶热套装飓风吸力抽油烟机5.2KW聚能灶超薄双胆热水器,618360171773,618360171773,4999,,正常,2026-05-07 09:47:12,无截图
拼多多,https://mobile.yangkeduo.com/goods.html?goods_id=618360171773,云米超薄烟灶热套装飓风吸力抽油烟机5.2KW聚能灶超薄双胆热水器,618360171773,618360171773,5999,,正常,2026-05-07 09:47:12,无截图
拼多多,https://mobile.yangkeduo.com/goods.html?goods_id=615426357041,云米空调1.5匹一级能效变频冷暖两用节能家用挂机 AI全域风Super3,615426357041,615426357041,3099,,正常,2026-05-07 09:47:12,无截图
拼多多,https://mobile.yangkeduo.com/goods.html?goods_id=614821960857,云米大容量冰洗套装603升独立制冰冰箱&10KG全自动洗烘一体洗衣机,614821960857,614821960857,4468,,大促搜索池,2026-05-07 09:47:12,无截图
拼多多,https://mobile.yangkeduo.com/goods.html?goods_id=614813745328,云米超薄嵌入式冰洗套餐500升风冷无霜冰箱&10公斤洗烘一体洗衣机,614813745328,614813745328,5566,,大促搜索池,2026-05-07 09:47:12,无截图
拼多多,https://mobile.yangkeduo.com/goods.html?goods_id=604410073495,VIOMI云米冷热管线机饮水机壁挂式双出水台式管线机UV杀菌,604410073495,604410073495,2499,,正常,2026-05-07 09:47:12,无截图
拼多多,https://mobile.yangkeduo.com/goods.html?goods_id=602716906408,【升级】云米空调1.5匹智能变频冷暖新一级舒适风空调挂机 Smart3,602716906408,602716906408,2199,,正常,2026-05-07 09:47:12,无截图
拼多多,https://mobile.yangkeduo.com/goods.html?goods_id=600491440603,【新品】云米空调1.5匹智能变频冷暖新三级舒适风空调挂机 Smart3,600491440603,600491440603,2099,,正常,2026-05-07 09:47:12,无截图
拼多多,https://mobile.yangkeduo.com/goods.html?goods_id=600131174099,【美妆超薄零嵌】云米510升嵌入式双开门一级风冷无霜银离子冰箱,600131174099,600131174099,2798,,大促搜索池,2026-05-07 09:47:12,无截图
拼多多,https://mobile.yangkeduo.com/goods.html?goods_id=583103526676,【新品上市】云米嵌入式母婴冰箱十字四开门家用变频风冷无霜513L,583103526676,583103526676,4499,,正常,2026-05-07 09:47:12,无截图
拼多多,https://mobile.yangkeduo.com/goods.html?goods_id=573873753845,云米前置过滤器Super智能自动冲洗全屋前置净水器家用自来水冲洗,573873753845,573873753845,599,,正常,2026-05-07 09:47:12,无截图
拼多多,https://mobile.yangkeduo.com/goods.html?goods_id=551388417367,【田曦薇推荐】云米扫地机器人扫拖一体语音全自动智能吸尘器Pro,551388417367,551388417367,999,,正常,2026-05-07 09:47:12,无截图
拼多多,https://mobile.yangkeduo.com/goods.html?goods_id=540840221349,云米净水器家用厨下式直饮水过滤器RO反渗透无陈水母婴直饮1200G,540840221349,540840221349,2599,,正常,2026-05-07 09:47:12,无截图
拼多多,https://mobile.yangkeduo.com/goods.html?goods_id=539854309519,云米12KG滚筒洗衣机家用全自动大容量洗烘一体机防抖动超薄全嵌,539854309519,539854309519,3699,,正常,2026-05-07 09:47:12,无截图
拼多多,https://mobile.yangkeduo.com/goods.html?goods_id=539850688350,【美妆超薄零嵌】云米冰箱609mm嵌入式风冷无霜AI双变频一级510升,539850688350,539850688350,3499,,正常,2026-05-07 09:47:12,无截图
拼多多,https://mobile.yangkeduo.com/goods.html?goods_id=535675329481,云米石墨烯踢脚线电暖器加湿家用速热取暖器节能室内暖风机电暖气,535675329481,535675329481,499,,正常,2026-05-07 09:47:12,无截图
拼多多,https://mobile.yangkeduo.com/goods.html?goods_id=534931901352,云米净水器家用直饮ro反渗透SuperY 1200G管线机前置过滤器套装,534931901352,534931901352,3799,,正常,2026-05-07 09:47:12,无截图
拼多多,https://mobile.yangkeduo.com/goods.html?goods_id=525667451666,【大屏冰箱】云米超薄全嵌入式T型冰箱三门一级变频风冷无霜412升,525667451666,525667451666,5999,,正常,2026-05-07 09:47:12,无截图
拼多多,https://mobile.yangkeduo.com/goods.html?goods_id=521949122103,云米一体智能马桶座圈加热一键清洗虹吸离座自动冲水小金龙增压版,521949122103,521949122103,2999,,正常,2026-05-07 09:47:12,无截图
拼多多,https://mobile.yangkeduo.com/goods.html?goods_id=521949122103,云米一体智能马桶座圈加热一键清洗虹吸离座自动冲水小金龙增压版,521949122103,521949122103,2999,,正常,2026-05-07 09:47:12,无截图
拼多多,https://mobile.yangkeduo.com/goods.html?goods_id=516748248645,云米电热水器8L小厨宝家用厨房速热储水式节能厨房神器VEW0831,516748248645,516748248645,499,,正常,2026-05-07 09:47:12,无截图
拼多多,https://mobile.yangkeduo.com/goods.html?goods_id=515237643272,云米电热水器AI美肤洗 780mm超薄 1级能效双胆三管速热 Super2Pro,515237643272,515237643272,1699,,正常,2026-05-07 09:47:12,无截图
拼多多,https://mobile.yangkeduo.com/goods.html?goods_id=495274606168,【田曦薇推荐】云米智能洗地机超薄双贴边大吸力超长续航 Smart2,495274606168,495274606168,1799,,正常,2026-05-07 09:47:12,无截图
拼多多,https://mobile.yangkeduo.com/goods.html?goods_id=490426355421,【超薄零平嵌】云米500升十字四门全域养鲜一级变频风冷无霜冰箱,490426355421,490426355421,3199,,大促搜索池,2026-05-07 09:47:12,无截图
拼多多,https://mobile.yangkeduo.com/goods.html?goods_id=490150938954,【安享王空调3匹】云米柜机变频冷暖家用商用智能自清洁节能三级,490150938954,490150938954,4999,,正常,2026-05-07 09:47:12,无截图
拼多多,https://mobile.yangkeduo.com/goods.html?goods_id=490111298360,云米家用空调1.5匹变频冷暖自清洁手机联网AI静音节能挂机新三级,490111298360,490111298360,2199,,正常,2026-05-07 09:47:12,无截图
拼多多,https://mobile.yangkeduo.com/goods.html?goods_id=490081202590,云米即热恒温4档烘干 9重安全防护 智能低压系统 Nano2E,490081202590,490081202590,1999,,正常,2026-05-07 09:47:12,无截图
拼多多,https://mobile.yangkeduo.com/goods.html?goods_id=490081202590,云米即热恒温4档烘干 9重安全防护 智能低压系统 Nano2E,490081202590,490081202590,1999,,正常,2026-05-07 09:47:12,无截图
拼多多,https://mobile.yangkeduo.com/goods.html?goods_id=484037745334,【劲猛火力】云米家用燃气灶液化气天然气5.0KW猛火灶大火力厨房,484037745334,484037745334,1099,,正常,2026-05-07 09:47:12,无截图
拼多多,https://mobile.yangkeduo.com/goods.html?goods_id=480070620581,【冷热直饮套装】云米净水器家用厨下管线机套装一键即热制冷直饮,480070620581,480070620581,2399,,正常,2026-05-07 09:47:12,无截图
拼多多,https://mobile.yangkeduo.com/goods.html?goods_id=480070620581,【冷热直饮套装】云米净水器家用厨下管线机套装一键即热制冷直饮,480070620581,480070620581,2599,,正常,2026-05-07 09:47:12,无截图
拼多多,https://mobile.yangkeduo.com/goods.html?goods_id=472256690941,云米智能马桶即热活水清洗家用卫生间恒温烘干抗菌低压系统Nano2E,472256690941,472256690941,2499,,正常,2026-05-07 09:47:12,无截图
拼多多,https://mobile.yangkeduo.com/goods.html?goods_id=472256690941,云米智能马桶即热活水清洗家用卫生间恒温烘干抗菌低压系统Nano2E,472256690941,472256690941,2499,,正常,2026-05-07 09:47:12,无截图
拼多多,https://mobile.yangkeduo.com/goods.html?goods_id=466437108089,云米TDS水质检测笔测水质仪饮用水检测器家用自来水水质测试仪器,466437108089,466437108089,99,,正常,2026-05-07 09:47:12,无截图
拼多多,https://mobile.yangkeduo.com/goods.html?goods_id=463332030781,【吸扫拖3合1】云米全自动集尘扫地吸尘机器人alpha2pro清洁一体,463332030781,463332030781,1799,,正常,2026-05-07 09:47:12,无截图
拼多多,https://mobile.yangkeduo.com/goods.html?goods_id=452924828720,云米净饮一体机台式净水器即热型饮水机家用免安装X2minimango,452924828720,452924828720,899,,正常,2026-05-07 09:47:12,无截图
拼多多,https://mobile.yangkeduo.com/goods.html?goods_id=431395946988,云米侧吸烟灶套装大吸力抽油烟机5.0KW燃气灶厨房家用智能wingS1,431395946988,431395946988,1399,,正常,2026-05-07 09:47:12,无截图
拼多多,https://mobile.yangkeduo.com/goods.html?goods_id=427349642190,（有）云米净饮一体机台式净水器即热型饮水机净水器水过滤机,427349642190,427349642190,1089,,正常,2026-05-07 09:47:12,无截图
拼多多,https://mobile.yangkeduo.com/goods.html?goods_id=423988590355,云米净水器super Y 1200G滤芯复合滤芯RO滤芯,423988590355,423988590355,100,,正常,2026-05-07 09:47:12,无截图
拼多多,https://mobile.yangkeduo.com/goods.html?goods_id=423724952357,云米燃气热水器即热零冷水双增压 3重防冻 4段燃烧 5重净化 Super,423724952357,423724952357,1999,,正常,2026-05-07 09:47:12,无截图
拼多多,https://mobile.yangkeduo.com/goods.html?goods_id=414747194884,云米净饮一体机台式净水器即热型饮水机家用免安装X2加一支滤芯套,414747194884,414747194884,1199,,正常,2026-05-07 09:47:12,无截图
拼多多,https://mobile.yangkeduo.com/goods.html?goods_id=414747194884,云米净饮一体机台式净水器即热型饮水机家用免安装X2加一支滤芯套,414747194884,414747194884,1399,,正常,2026-05-07 09:47:12,无截图
拼多多,https://mobile.yangkeduo.com/goods.html?goods_id=414747194884,云米净饮一体机台式净水器即热型饮水机家用免安装X2加一支滤芯套,414747194884,414747194884,1399,,正常,2026-05-07 09:47:12,无截图
拼多多,https://mobile.yangkeduo.com/goods.html?goods_id=408451368894,云米智能全自动一体马桶恒温座圈臀部清洗虹吸自动冲水家用小金龙,408451368894,408451368894,2399,,正常,2026-05-07 09:47:12,无截图
拼多多,https://mobile.yangkeduo.com/goods.html?goods_id=407741710364,云米25m³顶侧爆吸大吸力智目吸烟机 5.2KW聚能猛火灶烟灶套装家用,407741710364,407741710364,3699,,正常,2026-05-07 09:47:12,无截图
拼多多,https://mobile.yangkeduo.com/goods.html?goods_id=407741710364,云米25m³顶侧爆吸大吸力智目吸烟机 5.2KW聚能猛火灶烟灶套装家用,407741710364,407741710364,3699,,正常,2026-05-07 09:47:12,无截图
拼多多,https://mobile.yangkeduo.com/goods.html?goods_id=407741710364,云米25m³顶侧爆吸大吸力智目吸烟机 5.2KW聚能猛火灶烟灶套装家用,407741710364,407741710364,3999,,正常,2026-05-07 09:47:12,无截图
拼多多,https://mobile.yangkeduo.com/goods.html?goods_id=407741710364,云米25m³顶侧爆吸大吸力智目吸烟机 5.2KW聚能猛火灶烟灶套装家用,407741710364,407741710364,3999,,正常,2026-05-07 09:47:12,无截图
拼多多,https://mobile.yangkeduo.com/goods.html?goods_id=405167616548,云米净水器家用直饮厨下式RO反渗透超滤净水机无桶小白龙800G,405167616548,405167616548,1599,,正常,2026-05-07 09:47:12,无截图
拼多多,https://mobile.yangkeduo.com/goods.html?goods_id=405069782417,【升级小海豚】云米净水器800G通量&竹炭滤芯厨下式RO反渗透家用,405069782417,405069782417,1099,,正常,2026-05-07 09:47:12,无截图
拼多多,https://mobile.yangkeduo.com/goods.html?goods_id=405069782417,【升级小海豚】云米净水器800G通量&竹炭滤芯厨下式RO反渗透家用,405069782417,405069782417,1399,,正常,2026-05-07 09:47:12,无截图
拼多多,https://mobile.yangkeduo.com/goods.html?goods_id=405069782417,【升级小海豚】云米净水器800G通量&竹炭滤芯厨下式RO反渗透家用,405069782417,405069782417,1699,,正常,2026-05-07 09:47:12,无截图
拼多多,https://mobile.yangkeduo.com/goods.html?goods_id=405069782417,【升级小海豚】云米净水器800G通量&竹炭滤芯厨下式RO反渗透家用,405069782417,405069782417,1999,,正常,2026-05-07 09:47:12,无截图
拼多多,https://mobile.yangkeduo.com/goods.html?goods_id=405069782417,【升级小海豚】云米净水器800G通量&竹炭滤芯厨下式RO反渗透家用,405069782417,405069782417,1999,,正常,2026-05-07 09:47:12,无截图
拼多多,https://mobile.yangkeduo.com/goods.html?goods_id=405069782417,【升级小海豚】云米净水器800G通量&竹炭滤芯厨下式RO反渗透家用,405069782417,405069782417,1999,,正常,2026-05-07 09:47:12,无截图
拼多多,https://mobile.yangkeduo.com/goods.html?goods_id=405069782417,【升级小海豚】云米净水器800G通量&竹炭滤芯厨下式RO反渗透家用,405069782417,405069782417,2199,,正常,2026-05-07 09:47:12,无截图
拼多多,https://mobile.yangkeduo.com/goods.html?goods_id=403868159413,云米蒸烤一体机厨房家用嵌入式蒸烤箱45L大蒸汽电烤箱VSO4501-B,403868159413,403868159413,1999,,正常,2026-05-07 09:47:12,无截图
拼多多,https://mobile.yangkeduo.com/goods.html?goods_id=391465779831,云米热水器13L家用智能洗澡燃气热水器水气双调恒温液化气,391465779831,391465779831,999,,正常,2026-05-07 09:47:12,无截图
拼多多,https://mobile.yangkeduo.com/goods.html?goods_id=391465779831,云米热水器13L家用智能洗澡燃气热水器水气双调恒温液化气,391465779831,391465779831,1199,,正常,2026-05-07 09:47:12,无截图
拼多多,https://mobile.yangkeduo.com/goods.html?goods_id=383502560587,【田曦薇推荐】云米落地扇直流变频台立两用无极调速小爱语音联网,383502560587,383502560587,329,,正常,2026-05-07 09:47:12,无截图
拼多多,https://mobile.yangkeduo.com/goods.html?goods_id=383400493031,云米智能即热式家用饮水机1键即热电热水壶Tee mini 1.8L水吧,383400493031,383400493031,269,,正常,2026-05-07 09:47:12,无截图
拼多多,https://mobile.yangkeduo.com/goods.html?goods_id=382839923175,云米顶侧双吸烟灶套装22m³大吸力抽油烟机聚能猛火灶节能燃气家用,382839923175,382839923175,1899,,正常,2026-05-07 09:47:12,无截图
拼多多,https://mobile.yangkeduo.com/goods.html?goods_id=382839923175,云米顶侧双吸烟灶套装22m³大吸力抽油烟机聚能猛火灶节能燃气家用,382839923175,382839923175,1999,,正常,2026-05-07 09:47:12,无截图
拼多多,https://mobile.yangkeduo.com/goods.html?goods_id=382544460689,【杀毒王2匹】云米家用空调变频冷暖柜机立式客厅智能节能 新三级,382544460689,382544460689,3999,,正常,2026-05-07 09:47:12,无截图
拼多多,https://mobile.yangkeduo.com/goods.html?goods_id=376344667102,云米1.5匹家用新风语音空调变频冷暖新一级能效智能恒温免孔安装,376344667102,376344667102,3099,,正常,2026-05-07 09:47:12,无截图
拼多多,https://mobile.yangkeduo.com/goods.html?goods_id=375507459489,云米管线机家用直饮机壁挂式UV杀菌加热一体机厨房加热饮水机MG2B,375507459489,375507459489,899,,正常,2026-05-07 09:47:12,无截图
拼多多,https://mobile.yangkeduo.com/goods.html?goods_id=369184383310,【吸扫拖三合一】云米全自动扫地机器人鲸吸扫地拖地吸尘 Alpha3,369184383310,369184383310,3699,,正常,2026-05-07 09:47:12,无截图
拼多多,https://mobile.yangkeduo.com/goods.html?goods_id=366671128859,【干湿分储】云米冰箱超薄变频一级风冷无霜十字冰箱四开门 546升,366671128859,366671128859,3499,,正常,2026-05-07 09:47:12,无截图
拼多多,https://mobile.yangkeduo.com/goods.html?goods_id=365033069371,云米全自动智能门锁密码锁家用电子锁防盗指纹锁超长续航eLink 2C,365033069371,365033069371,899,,正常,2026-05-07 09:47:12,无截图
拼多多,https://mobile.yangkeduo.com/goods.html?goods_id=365007215970,云米Super Y1200G大通量厨下净水器RO反渗透管线机前置过滤器套装,365007215970,365007215970,3099,,正常,2026-05-07 09:47:12,无截图
拼多多,https://mobile.yangkeduo.com/goods.html?goods_id=365007215970,云米Super Y1200G大通量厨下净水器RO反渗透管线机前置过滤器套装,365007215970,365007215970,3999,,正常,2026-05-07 09:47:12,无截图
拼多多,https://mobile.yangkeduo.com/goods.html?goods_id=364990106384,云米即热净水器厨房家用直饮RO反渗透加热净饮一体机1000G,364990106384,364990106384,1358,,大促搜索池,2026-05-07 09:47:12,无截图
拼多多,https://mobile.yangkeduo.com/goods.html?goods_id=356164755389,【全屋净水三件套装】云米净水器管线机前置过滤器即热小海豚600G,356164755389,356164755389,2299,,正常,2026-05-07 09:47:12,无截图
拼多多,https://mobile.yangkeduo.com/goods.html?goods_id=356164755389,【全屋净水三件套装】云米净水器管线机前置过滤器即热小海豚600G,356164755389,356164755389,2599,,正常,2026-05-07 09:47:12,无截图
拼多多,https://mobile.yangkeduo.com/goods.html?goods_id=355550841910,【鲜活营养守护先锋奖】云米延鲜AI冰箱一级双变频风冷无霜636升,355550841910,355550841910,3499,,正常,2026-05-07 09:47:12,无截图
拼多多,https://mobile.yangkeduo.com/goods.html?goods_id=339737903336,【智能声控】云米家用晾衣架电动晾衣机阳台全自动升降Smart S,339737903336,339737903336,999,,正常,2026-05-07 09:47:12,无截图
拼多多,https://mobile.yangkeduo.com/goods.html?goods_id=338636261947,【1键智洗】云米洗衣机全自动8公斤波轮租房家用防缠绕洗脱一体,338636261947,338636261947,999,,正常,2026-05-07 09:47:12,无截图
拼多多,https://mobile.yangkeduo.com/goods.html?goods_id=325803370945,【杀菌】云米空调大3匹柜机一级家用变频冷暖客厅变频冷暖自清洁,325803370945,325803370945,5299,,正常,2026-05-07 09:47:12,无截图
拼多多,https://mobile.yangkeduo.com/goods.html?goods_id=325232192898,【独立制冰】云米603升冰箱变频一级风冷无霜双开对开门大容量,325232192898,325232192898,2459,,限量折扣,2026-05-07 09:47:12,无截图
拼多多,https://mobile.yangkeduo.com/goods.html?goods_id=309984364103,云米智能烘干晾衣架语音声控离线全自动升降阳台LED照明Smart超薄,309984364103,309984364103,1299,,正常,2026-05-07 09:47:12,无截图
拼多多,https://mobile.yangkeduo.com/goods.html?goods_id=296957182528,云米净水器滤芯1234号滤芯厨上厨下通用RO反渗透家用400G/600G,296957182528,296957182528,999,,正常,2026-05-07 09:47:12,无截图
拼多多,https://mobile.yangkeduo.com/goods.html?goods_id=293928589058,云米大吸力侧吸烟灶套装抽油烟机猛火燃气灶装嵌入式节能家用厨房,293928589058,293928589058,1399,,正常,2026-05-07 09:47:12,无截图
拼多多,https://mobile.yangkeduo.com/goods.html?goods_id=291146640482,云米净水器滤芯家用通用系列厨下1A1号2号滤芯RO反渗透滤芯复合,291146640482,291146640482,499,,正常,2026-05-07 09:47:12,无截图
拼多多,https://mobile.yangkeduo.com/goods.html?goods_id=291141614396,云米F3 1000G尼莫蓝/S2/Q5/X2系列净水器净饮机滤芯家用通用系列,291141614396,291141614396,499,,正常,2026-05-07 09:47:12,无截图
拼多多,https://mobile.yangkeduo.com/goods.html?goods_id=291141614396,云米F3 1000G尼莫蓝/S2/Q5/X2系列净水器净饮机滤芯家用通用系列,291141614396,291141614396,899,,正常,2026-05-07 09:47:12,无截图
拼多多,https://mobile.yangkeduo.com/goods.html?goods_id=291141614396,云米F3 1000G尼莫蓝/S2/Q5/X2系列净水器净饮机滤芯家用通用系列,291141614396,291141614396,999,,正常,2026-05-07 09:47:12,无截图
拼多多,https://mobile.yangkeduo.com/goods.html?goods_id=290543633215,X2 X2-Face X2-Pro  云米净水器滤芯家用通用适用系列,290543633215,290543633215,199,,正常,2026-05-07 09:47:12,无截图
拼多多,https://mobile.yangkeduo.com/goods.html?goods_id=290543633215,X2 X2-Face X2-Pro  云米净水器滤芯家用通用适用系列,290543633215,290543633215,199,,正常,2026-05-07 09:47:12,无截图
拼多多,https://mobile.yangkeduo.com/goods.html?goods_id=289678345008,【内衣母婴专属】云米1KG迷你洗衣机家用全自动洗脱一体除菌波轮,289678345008,289678345008,1299,,正常,2026-05-07 09:47:12,无截图
拼多多,https://mobile.yangkeduo.com/goods.html?goods_id=289613839419,【智能双投放】云米洗衣机10公斤洗烘一体变频一级能效全自动滚筒,289613839419,289613839419,2399,,正常,2026-05-07 09:47:12,无截图
拼多多,https://mobile.yangkeduo.com/goods.html?goods_id=289608993802,【超薄洗衣机】云米洗衣机全自动10公斤滚筒47CM超薄洗脱一体,289608993802,289608993802,2499,,正常,2026-05-07 09:47:12,无截图
拼多多,https://mobile.yangkeduo.com/goods.html?goods_id=289729238975,【杀毒王3匹】云米家用空调变频冷暖柜机立式客厅智能节能新三级,289729238975,289729238975,3899,,正常,2026-05-07 09:47:12,无截图
拼多多,https://mobile.yangkeduo.com/goods.html?goods_id=289729238975,【杀毒王3匹】云米家用空调变频冷暖柜机立式客厅智能节能新三级,289729238975,289729238975,4899,,正常,2026-05-07 09:47:12,无截图
拼多多,https://mobile.yangkeduo.com/goods.html?goods_id=283191769057,云米互联网洗碗机4套台面式免安装智能语音控制高温消毒杀菌烘干,283191769057,283191769057,699,,正常,2026-05-07 09:47:12,无截图
拼多多,https://mobile.yangkeduo.com/goods.html?goods_id=276965357470,云米598升双开门对开门变频一级能效风冷无霜超薄嵌入式智能冰箱,276965357470,276965357470,2799,,正常,2026-05-07 09:47:12,无截图
拼多多,https://mobile.yangkeduo.com/goods.html?goods_id=276658474666,【全屋智能】云米净饮一体机X2Pro台式免安装净水器即热式饮水机,276658474666,276658474666,1099,,正常,2026-05-07 09:47:12,无截图
拼多多,https://mobile.yangkeduo.com/goods.html?goods_id=268591343924,云米顶侧大吸力抽油烟机聚能猛火灶智能家用厨房烟灶套装flash2,268591343924,268591343924,2899,,正常,2026-05-07 09:47:12,无截图
拼多多,https://mobile.yangkeduo.com/goods.html?goods_id=268591343924,云米顶侧大吸力抽油烟机聚能猛火灶智能家用厨房烟灶套装flash2,268591343924,268591343924,2899,,正常,2026-05-07 09:47:12,无截图
拼多多,https://mobile.yangkeduo.com/goods.html?goods_id=259795065484,【杀毒王】云米空调1.5匹变频冷暖1级能效杀病毒循环除菌 Super2s,259795065484,259795065484,2499,,正常,2026-05-07 09:47:12,无截图
拼多多,https://mobile.yangkeduo.com/goods.html?goods_id=258855020077,云米456升超薄嵌入式对开门双开门变频风冷无霜智能家用电冰箱,258855020077,258855020077,1899,,正常,2026-05-07 09:47:12,无截图
拼多多,https://mobile.yangkeduo.com/goods.html?goods_id=258855020077,云米456升超薄嵌入式对开门双开门变频风冷无霜智能家用电冰箱,258855020077,258855020077,2299,,正常,2026-05-07 09:47:12,无截图
拼多多,https://mobile.yangkeduo.com/goods.html?goods_id=251420900843,【田曦薇推荐】云米负离子空气循环扇大学生宿舍家用直流变频风扇,251420900843,251420900843,529,,正常,2026-05-07 09:47:12,无截图
拼多多,https://mobile.yangkeduo.com/goods.html?goods_id=249751266813,【DD直驱超薄】云米洗衣机洗烘一体全自动一级能效智能滚筒10公斤,249751266813,249751266813,2999,,正常,2026-05-07 09:47:12,无截图
拼多多,https://mobile.yangkeduo.com/goods.html?goods_id=247862575297,【DD直驱智能双投放】云米洗衣机全自动10KG一级能效洗脱一体滚筒,247862575297,247862575297,2499,,正常,2026-05-07 09:47:12,无截图
拼多多,https://mobile.yangkeduo.com/goods.html?goods_id=247228990842,云米智能马桶抗菌座圈恒温即热双增压自动冲水烘干坐便器Nano2,247228990842,247228990842,2699,,正常,2026-05-07 09:47:12,无截图
拼多多,https://mobile.yangkeduo.com/goods.html?goods_id=246986456918,【小海豚1000G管线机套装】云米净水器家用厨下一键即热制冷直饮,246986456918,246986456918,2199,,正常,2026-05-07 09:47:12,无截图
拼多多,https://mobile.yangkeduo.com/goods.html?goods_id=246986456918,【小海豚1000G管线机套装】云米净水器家用厨下一键即热制冷直饮,246986456918,246986456918,2299,,正常,2026-05-07 09:47:12,无截图
拼多多,https://mobile.yangkeduo.com/goods.html?goods_id=246986456918,【小海豚1000G管线机套装】云米净水器家用厨下一键即热制冷直饮,246986456918,246986456918,2399,,正常,2026-05-07 09:47:12,无截图
拼多多,https://mobile.yangkeduo.com/goods.html?goods_id=246986456918,【小海豚1000G管线机套装】云米净水器家用厨下一键即热制冷直饮,246986456918,246986456918,2399,,正常,2026-05-07 09:47:12,无截图
拼多多,https://mobile.yangkeduo.com/goods.html?goods_id=246986456918,【小海豚1000G管线机套装】云米净水器家用厨下一键即热制冷直饮,246986456918,246986456918,2399,,正常,2026-05-07 09:47:12,无截图
拼多多,https://mobile.yangkeduo.com/goods.html?goods_id=246986456918,【小海豚1000G管线机套装】云米净水器家用厨下一键即热制冷直饮,246986456918,246986456918,2499,,正常,2026-05-07 09:47:12,无截图
拼多多,https://mobile.yangkeduo.com/goods.html?goods_id=246986456918,【小海豚1000G管线机套装】云米净水器家用厨下一键即热制冷直饮,246986456918,246986456918,2599,,正常,2026-05-07 09:47:12,无截图
拼多多,https://mobile.yangkeduo.com/goods.html?goods_id=246986456918,【小海豚1000G管线机套装】云米净水器家用厨下一键即热制冷直饮,246986456918,246986456918,2599,,正常,2026-05-07 09:47:12,无截图
拼多多,https://mobile.yangkeduo.com/goods.html?goods_id=245465996610,云米管线机壁挂台式两用冷热开水机家用调温即热饮水机带uv杀菌,245465996610,245465996610,1999,,正常,2026-05-07 09:47:12,无截图
拼多多,https://mobile.yangkeduo.com/goods.html?goods_id=245015637978,云米电热水器蓝调3200W安全速热卫生间洗澡8倍大水量抑菌水质可视,245015637978,245015637978,1099,,正常,2026-05-07 09:47:12,无截图
拼多多,https://mobile.yangkeduo.com/goods.html?goods_id=245015637978,云米电热水器蓝调3200W安全速热卫生间洗澡8倍大水量抑菌水质可视,245015637978,245015637978,1299,,正常,2026-05-07 09:47:12,无截图
拼多多,https://mobile.yangkeduo.com/goods.html?goods_id=245015637978,云米电热水器蓝调3200W安全速热卫生间洗澡8倍大水量抑菌水质可视,245015637978,245015637978,1299,,正常,2026-05-07 09:47:12,无截图
拼多多,https://mobile.yangkeduo.com/goods.html?goods_id=245015637978,云米电热水器蓝调3200W安全速热卫生间洗澡8倍大水量抑菌水质可视,245015637978,245015637978,1399,,正常,2026-05-07 09:47:12,无截图
拼多多,https://mobile.yangkeduo.com/goods.html?goods_id=245015637978,云米电热水器蓝调3200W安全速热卫生间洗澡8倍大水量抑菌水质可视,245015637978,245015637978,1499,,正常,2026-05-07 09:47:12,无截图
拼多多,https://mobile.yangkeduo.com/goods.html?goods_id=245008294548,云米大容量洗碗机10套家用嵌入式智目洗全自动热风烘干除菌消毒,245008294548,245008294548,2098,,正常,2026-05-07 09:47:12,无截图
拼多多,https://mobile.yangkeduo.com/goods.html?goods_id=243153009643,云米净饮机X2系列滤芯X2mini mango复合滤芯5in1/6in1 RO反渗透,243153009643,243153009643,288,,正常,2026-05-07 09:47:12,无截图
拼多多,https://mobile.yangkeduo.com/goods.html?goods_id=243153009643,云米净饮机X2系列滤芯X2mini mango复合滤芯5in1/6in1 RO反渗透,243153009643,243153009643,288,,正常,2026-05-07 09:47:12,无截图
拼多多,https://mobile.yangkeduo.com/goods.html?goods_id=243153009643,云米净饮机X2系列滤芯X2mini mango复合滤芯5in1/6in1 RO反渗透,243153009643,243153009643,319,,正常,2026-05-07 09:47:12,无截图
拼多多,https://mobile.yangkeduo.com/goods.html?goods_id=241667411785,云米即热式饮水机1键即热水吧3档控温4L大容量台式免安装,241667411785,241667411785,589,,正常,2026-05-07 09:47:12,无截图
拼多多,https://mobile.yangkeduo.com/goods.html?goods_id=237591380789,云米全自动智能马桶水箱泡沫盾抗菌即热恒温座圈离座冲水小鲸鱼2,237591380789,237591380789,1999,,正常,2026-05-07 09:47:12,无截图
拼多多,https://mobile.yangkeduo.com/goods.html?goods_id=237591380789,云米全自动智能马桶水箱泡沫盾抗菌即热恒温座圈离座冲水小鲸鱼2,237591380789,237591380789,1999,,正常,2026-05-07 09:47:12,无截图
拼多多,https://mobile.yangkeduo.com/goods.html?goods_id=237590247709,【1小时洗烘】云米全自动洗衣机1级能效10公斤洗烘一体烘干机滚筒,237590247709,237590247709,2399,,正常,2026-05-07 09:47:12,无截图
拼多多,https://mobile.yangkeduo.com/goods.html?goods_id=231833573024,云米智能电器多功能电烤箱家用烘焙小型蛋糕烤鸡翅披萨全自动16L,231833573024,231833573024,199,,正常,2026-05-07 09:47:12,无截图
拼多多,https://mobile.yangkeduo.com/goods.html?goods_id=228907185185,云米16L零冷水燃气热水器家用智能变频即热水气双调恒温安全防冻,228907185185,228907185185,1699,,正常,2026-05-07 09:47:12,无截图
拼多多,https://mobile.yangkeduo.com/goods.html?goods_id=227970049599,云米净水器水龙头过滤器自来水家用厨房超滤滤水器前置净化器,227970049599,227970049599,159,,正常,2026-05-07 09:47:12,无截图
拼多多,https://mobile.yangkeduo.com/goods.html?goods_id=226771358169,1云米净水器家用厨房农村水龙头过滤器自来水净化器MT1/2,226771358169,226771358169,128,,正常,2026-05-07 09:47:12,无截图
拼多多,https://mobile.yangkeduo.com/goods.html?goods_id=226771358169,1云米净水器家用厨房农村水龙头过滤器自来水净化器MT1/2,226771358169,226771358169,168,,正常,2026-05-07 09:47:12,无截图
拼多多,https://mobile.yangkeduo.com/goods.html?goods_id=223485946991,云米智能洗碗机10套热风烘干消毒嵌入式洗烘存一体家用IronA1,223485946991,223485946991,2299,,正常,2026-05-07 09:47:12,无截图
拼多多,https://mobile.yangkeduo.com/goods.html?goods_id=225501370546,VIOMI 云米净水器小海豚600 厨下式RO反渗透直饮家用 无罐一体式,225501370546,225501370546,999,,正常,2026-05-07 09:47:12,无截图
拼多多,https://mobile.yangkeduo.com/goods.html?goods_id=225501370546,VIOMI 云米净水器小海豚600 厨下式RO反渗透直饮家用 无罐一体式,225501370546,225501370546,1099,,正常,2026-05-07 09:47:12,无截图
拼多多,https://mobile.yangkeduo.com/goods.html?goods_id=225501370546,VIOMI 云米净水器小海豚600 厨下式RO反渗透直饮家用 无罐一体式,225501370546,225501370546,1398,,正常,2026-05-07 09:47:12,无截图
拼多多,https://mobile.yangkeduo.com/goods.html?goods_id=224216987554,云米净水器滤芯S2、Fast厨下1A400G600G 1号复合滤芯RO反渗透滤芯,224216987554,224216987554,499,,正常,2026-05-07 09:47:12,无截图
拼多多,https://mobile.yangkeduo.com/goods.html?goods_id=224216987554,云米净水器滤芯S2、Fast厨下1A400G600G 1号复合滤芯RO反渗透滤芯,224216987554,224216987554,699,,正常,2026-05-07 09:47:12,无截图
拼多多,https://mobile.yangkeduo.com/goods.html?goods_id=224216987554,云米净水器滤芯S2、Fast厨下1A400G600G 1号复合滤芯RO反渗透滤芯,224216987554,224216987554,699,,正常,2026-05-07 09:47:12,无截图
拼多多,https://mobile.yangkeduo.com/goods.html?goods_id=223686266452,云米全自动滚筒洗衣机10KG洗烘一体除菌家用智能投放超薄嵌入M2,223686266452,223686266452,3299,,正常,2026-05-07 09:47:12,无截图
拼多多,https://mobile.yangkeduo.com/goods.html?goods_id=223486025603,云米互联网洗碗机全自动家用8套热风烘干消毒嵌入式Iron X1,223486025603,223486025603,1799,,正常,2026-05-07 09:47:12,无截图
拼多多,https://mobile.yangkeduo.com/goods.html?goods_id=222446512832,【冷酷王】云米大一匹单冷空调独立除湿秒速制冷家用卧室节能变频,222446512832,222446512832,1699,,正常,2026-05-07 09:47:12,无截图
拼多多,https://mobile.yangkeduo.com/goods.html?goods_id=221876010591,云米净水器家用直饮RO反渗透净饮一体净水机滤芯1200GSuper2max,221876010591,221876010591,4299,,正常,2026-05-07 09:47:12,无截图
拼多多,https://mobile.yangkeduo.com/goods.html?goods_id=221876010591,云米净水器家用直饮RO反渗透净饮一体净水机滤芯1200GSuper2max,221876010591,221876010591,4299,,正常,2026-05-07 09:47:12,无截图
拼多多,https://mobile.yangkeduo.com/goods.html?goods_id=221842463604,1小米云米净水器RO反渗透纯水机厨下家用直饮过滤器饮水机600加仑,221842463604,221842463604,1300,,正常,2026-05-07 09:47:12,无截图
拼多多,https://mobile.yangkeduo.com/goods.html?goods_id=221686401936,【空调套装】云米空调3室1厅组合 新1级能效3P柜机+新1级1.5P挂机,221686401936,221686401936,10999,,正常,2026-05-07 09:47:12,无截图
拼多多,https://mobile.yangkeduo.com/goods.html?goods_id=221565163539,【语音柔风王】云米空调柜机冷暖双变频一级能效客厅立式智能空调,221565163539,221565163539,6499,,正常,2026-05-07 09:47:12,无截图
拼多多,https://mobile.yangkeduo.com/goods.html?goods_id=220936223742,云米燃气热水器变频恒温8大安全防护 家用节能防冻速热FireC113L,220936223742,220936223742,1399,,正常,2026-05-07 09:47:12,无截图
拼多多,https://mobile.yangkeduo.com/goods.html?goods_id=220867531419,"(X2Pro链接,少量差评可做备选)云米净饮一体机X2mini Mango",220867531419,220867531419,1099,,正常,2026-05-07 09:47:12,无截图
拼多多,https://mobile.yangkeduo.com/goods.html?goods_id=220820325711,云米100L消毒柜家用超薄嵌入式大容量厨房独立消毒烘干ZTD100A-1,220820325711,220820325711,899,,限时折扣,2026-05-07 09:47:12,无截图
拼多多,https://mobile.yangkeduo.com/goods.html?goods_id=219691919640,【阳光暖烘】云米智能晾衣架全自动升降联网烘干电动晾衣机阳台,219691919640,219691919640,1599,,正常,2026-05-07 09:47:12,无截图
拼多多,https://mobile.yangkeduo.com/goods.html?goods_id=219492848549,云米家用门锁智能锁指纹密码锁防盗门电子门锁全自动推拉门锁,219492848549,219492848549,1299,,正常,2026-05-07 09:47:12,无截图
拼多多,https://mobile.yangkeduo.com/goods.html?goods_id=219492848549,云米家用门锁智能锁指纹密码锁防盗门电子门锁全自动推拉门锁,219492848549,219492848549,1299,,正常,2026-05-07 09:47:12,无截图
拼多多,https://mobile.yangkeduo.com/goods.html?goods_id=219486126363,云米23m³顶侧大吸力智能油烟机厨房app挥手智控易清洁一级flash,219486126363,219486126363,899,,限时折扣,2026-05-07 09:47:12,无截图
拼多多,https://mobile.yangkeduo.com/goods.html?goods_id=217541928957,云米真空保温杯轻便携不锈钢大学生自习室茶杯300ml,217541928957,217541928957,89,,正常,2026-05-07 09:47:12,无截图
拼多多,https://mobile.yangkeduo.com/goods.html?goods_id=217105737391,云米智能马桶浴霸套装 即热全自动座便器  小爱语音浴霸 卫浴套装,217105737391,217105737391,3499,,正常,2026-05-07 09:47:12,无截图
拼多多,https://mobile.yangkeduo.com/goods.html?goods_id=217105737391,云米智能马桶浴霸套装 即热全自动座便器  小爱语音浴霸 卫浴套装,217105737391,217105737391,3499,,正常,2026-05-07 09:47:12,无截图
拼多多,https://mobile.yangkeduo.com/goods.html?goods_id=215991927819,【烟灶联动】云米顶侧3吸大吸力抽油烟机聚能燃气灶烟灶套装Super,215991927819,215991927819,2699,,正常,2026-05-07 09:47:12,无截图
拼多多,https://mobile.yangkeduo.com/goods.html?goods_id=215505605173,【上门安装】云米电热水器安全速热家用洗澡储水式省电VEW605A,215505605173,215505605173,599,,正常,2026-05-07 09:47:12,无截图
拼多多,https://mobile.yangkeduo.com/goods.html?goods_id=215505605173,【上门安装】云米电热水器安全速热家用洗澡储水式省电VEW605A,215505605173,215505605173,799,,正常,2026-05-07 09:47:12,无截图
拼多多,https://mobile.yangkeduo.com/goods.html?goods_id=215505605173,【上门安装】云米电热水器安全速热家用洗澡储水式省电VEW605A,215505605173,215505605173,899,,正常,2026-05-07 09:47:12,无截图
拼多多,https://mobile.yangkeduo.com/goods.html?goods_id=215498018054,【空调套装】云米空调1室1厅组合 新1级能效2P柜机+新1级1.5P挂机,215498018054,215498018054,6199,,正常,2026-05-07 09:47:12,无截图
拼多多,https://mobile.yangkeduo.com/goods.html?goods_id=214448170082,云米即热水吧办公室台式免安装宿舍小型饮水机2.5L大容量烧热水壶,214448170082,214448170082,299,,正常,2026-05-07 09:47:12,无截图
拼多多,https://mobile.yangkeduo.com/goods.html?goods_id=214448170082,云米即热水吧办公室台式免安装宿舍小型饮水机2.5L大容量烧热水壶,214448170082,214448170082,299,,正常,2026-05-07 09:47:12,无截图
拼多多,https://mobile.yangkeduo.com/goods.html?goods_id=213946234221,云米无线手持吸尘器家用立式除螨大吸力吸尘机A9长续航宠物家庭,213946234221,213946234221,899,,正常,2026-05-07 09:47:12,无截图
拼多多,https://mobile.yangkeduo.com/goods.html?goods_id=212124982919,云米踢脚线电暖器家用客厅节能速热加湿取暖器语音控制智能定时,212124982919,212124982919,699,,正常,2026-05-07 09:47:12,无截图
拼多多,https://mobile.yangkeduo.com/goods.html?goods_id=212124982919,云米踢脚线电暖器家用客厅节能速热加湿取暖器语音控制智能定时,212124982919,212124982919,799,,正常,2026-05-07 09:47:12,无截图
拼多多,https://mobile.yangkeduo.com/goods.html?goods_id=211439538390,云米即热饮水机1键即热水吧4档控温4L大容量台式免安装,211439538390,211439538390,429,,正常,2026-05-07 09:47:12,无截图
拼多多,https://mobile.yangkeduo.com/goods.html?goods_id=209415771537,【声控晾衣架】云米智能电动晾衣架无线遥控大容量自动升降控制,209415771537,209415771537,899,,正常,2026-05-07 09:47:12,无截图
拼多多,https://mobile.yangkeduo.com/goods.html?goods_id=209415771537,【声控晾衣架】云米智能电动晾衣架无线遥控大容量自动升降控制,209415771537,209415771537,1149,,正常,2026-05-07 09:47:12,无截图
拼多多,https://mobile.yangkeduo.com/goods.html?goods_id=209406625494,云米120°超广角猫眼全自动智能门锁电池家用客厅安全室内高清大屏,209406625494,209406625494,999,,正常,2026-05-07 09:47:12,无截图
拼多多,https://mobile.yangkeduo.com/goods.html?goods_id=208077402678,【柔风王】云米空调1.5匹新1级能效变频冷暖超大导板挂机 Smart2S,208077402678,208077402678,2399,,正常,2026-05-07 09:47:12,无截图
拼多多,https://mobile.yangkeduo.com/goods.html?goods_id=208074025148,云米净水器600G小海豚厨下式RO反渗透直饮过滤器净饮机家用出租屋,208074025148,208074025148,1299,,正常,2026-05-07 09:47:12,无截图
拼多多,https://mobile.yangkeduo.com/goods.html?goods_id=208071231700,云米60L速热电热水器3000W一级节能变频增容租房安全已接入米家AP,208071231700,208071231700,749,,正常,2026-05-07 09:47:12,无截图
拼多多,https://mobile.yangkeduo.com/goods.html?goods_id=208069905615,【杀病毒空调】云米大1匹空调变频冷暖自动调温一级能效 Super2s,208069905615,208069905615,2099,,正常,2026-05-07 09:47:12,无截图
拼多多,https://mobile.yangkeduo.com/goods.html?goods_id=207799885384,【超薄除螨】云米家用全自动洗烘一体10公斤洗衣机滚筒 Master S,207799885384,207799885384,2699,,正常,2026-05-07 09:47:12,无截图
拼多多,https://mobile.yangkeduo.com/goods.html?goods_id=207783866280,【超窄冰箱】云米冰箱风冷无霜AI双变频78CM超窄对开门电冰箱436L,207783866280,207783866280,2199,,正常,2026-05-07 09:47:12,无截图
拼多多,https://mobile.yangkeduo.com/goods.html?goods_id=207250698147,400加仑智能净水器 RO反渗透纯水机无桶 MR432-D,207250698147,207250698147,899,,正常,2026-05-07 09:47:12,无截图
拼多多,https://mobile.yangkeduo.com/goods.html?goods_id=205628593157,云米滚筒10kg大容量家用全自动洗烘一体洗衣机除菌节能智能互联,205628593157,205628593157,1899,,正常,2026-05-07 09:47:12,无截图
拼多多,https://mobile.yangkeduo.com/goods.html?goods_id=205463909525,【十字冰箱】云米十字四开门冰箱精细分储AI双变频风冷无霜410升,205463909525,205463909525,2699,,正常,2026-05-07 09:47:12,无截图
拼多多,https://mobile.yangkeduo.com/goods.html?goods_id=205442655354,【超薄冰箱】云米冰箱嵌入式双开门变频风冷无霜大容量对开456升,205442655354,205442655354,2699,,正常,2026-05-07 09:47:12,无截图
拼多多,https://mobile.yangkeduo.com/goods.html?goods_id=205451808289,云米小厨宝6L即热式厨房台下洗碗热水宝上出水储水式小型电热水器,205451808289,205451808289,359,,正常,2026-05-07 09:47:12,无截图
拼多多,https://mobile.yangkeduo.com/goods.html?goods_id=205467667434,[新品上市]VIOMI 云米净水器600G小海豚3厨下式RO反渗透直饮家用,205467667434,205467667434,998,,正常,2026-05-07 09:47:12,无截图
拼多多,https://mobile.yangkeduo.com/goods.html?goods_id=205378217791,1级能效云米燃气灶 可联网 10重安保 厨房灶具 天然气猛火灶4500W,205378217791,205378217791,799,,正常,2026-05-07 09:47:12,无截图
拼多多,https://mobile.yangkeduo.com/goods.html?goods_id=205448553075,云米电热水器VEW605家用小型储水速热节能漏电保护60L,205448553075,205448553075,749,,正常,2026-05-07 09:47:12,无截图
拼多多,https://mobile.yangkeduo.com/goods.html?goods_id=205458105137,Viomi云米净水器1000G厨下式RO反渗透直饮过滤器净饮小海豚2,205458105137,205458105137,839,,百亿补贴,2026-05-07 09:47:12,无截图
拼多多2,https://mobile.yangkeduo.com/goods.html?goods_id=942754114793,云米AI燃气热水器 智控恒温防冻节能安全水质净化精准控温13L强排,942754114793,942754114793,999,,正常,2026-05-07 09:48:43,无截图
拼多多2,https://mobile.yangkeduo.com/goods.html?goods_id=942740482351,云米AI燃气热水器 智控恒温防冻节能安全水质净化精准控温13L强排,942740482351,942740482351,999,,正常,2026-05-07 09:48:43,无截图
拼多多2,https://mobile.yangkeduo.com/goods.html?goods_id=942656610557,云米即热净水器厨房家用直饮RO反渗透加热净饮一体机1000G,942656610557,942656610557,2999,,正常,2026-05-07 09:48:43,无截图
拼多多2,https://mobile.yangkeduo.com/goods.html?goods_id=939930331098,VIOMI云米 滤芯 反渗透滤芯RO膜,939930331098,939930331098,598,,正常,2026-05-07 09:48:43,无截图
拼多多2,https://mobile.yangkeduo.com/goods.html?goods_id=939930331098,VIOMI云米 滤芯 反渗透滤芯RO膜,939930331098,939930331098,598,,正常,2026-05-07 09:48:43,无截图
拼多多2,https://mobile.yangkeduo.com/goods.html?goods_id=939930331098,VIOMI云米 滤芯 反渗透滤芯RO膜,939930331098,939930331098,598,,正常,2026-05-07 09:48:43,无截图
拼多多2,https://mobile.yangkeduo.com/goods.html?goods_id=939930331098,VIOMI云米 滤芯 反渗透滤芯RO膜,939930331098,939930331098,698,,正常,2026-05-07 09:48:43,无截图
拼多多2,https://mobile.yangkeduo.com/goods.html?goods_id=939930331098,VIOMI云米 滤芯 反渗透滤芯RO膜,939930331098,939930331098,798,,正常,2026-05-07 09:48:43,无截图
拼多多2,https://mobile.yangkeduo.com/goods.html?goods_id=939930331098,VIOMI云米 滤芯 反渗透滤芯RO膜,939930331098,939930331098,799,,正常,2026-05-07 09:48:43,无截图
拼多多2,https://mobile.yangkeduo.com/goods.html?goods_id=939930331098,VIOMI云米 滤芯 反渗透滤芯RO膜,939930331098,939930331098,898,,正常,2026-05-07 09:48:43,无截图
拼多多2,https://mobile.yangkeduo.com/goods.html?goods_id=939930331098,VIOMI云米 滤芯 反渗透滤芯RO膜,939930331098,939930331098,898,,正常,2026-05-07 09:48:43,无截图
拼多多2,https://mobile.yangkeduo.com/goods.html?goods_id=939930331098,VIOMI云米 滤芯 反渗透滤芯RO膜,939930331098,939930331098,898,,正常,2026-05-07 09:48:43,无截图
拼多多2,https://mobile.yangkeduo.com/goods.html?goods_id=939930331098,VIOMI云米 滤芯 反渗透滤芯RO膜,939930331098,939930331098,899,,正常,2026-05-07 09:48:43,无截图
拼多多2,https://mobile.yangkeduo.com/goods.html?goods_id=939928309801,VIOMI云米 滤芯 反渗透滤芯RO膜,939928309801,939928309801,598,,正常,2026-05-07 09:48:43,无截图
拼多多2,https://mobile.yangkeduo.com/goods.html?goods_id=939928309801,VIOMI云米 滤芯 反渗透滤芯RO膜,939928309801,939928309801,598,,正常,2026-05-07 09:48:43,无截图
拼多多2,https://mobile.yangkeduo.com/goods.html?goods_id=939928309801,VIOMI云米 滤芯 反渗透滤芯RO膜,939928309801,939928309801,598,,正常,2026-05-07 09:48:43,无截图
拼多多2,https://mobile.yangkeduo.com/goods.html?goods_id=939928309801,VIOMI云米 滤芯 反渗透滤芯RO膜,939928309801,939928309801,698,,正常,2026-05-07 09:48:43,无截图
拼多多2,https://mobile.yangkeduo.com/goods.html?goods_id=939928309801,VIOMI云米 滤芯 反渗透滤芯RO膜,939928309801,939928309801,798,,正常,2026-05-07 09:48:43,无截图
拼多多2,https://mobile.yangkeduo.com/goods.html?goods_id=939928309801,VIOMI云米 滤芯 反渗透滤芯RO膜,939928309801,939928309801,799,,正常,2026-05-07 09:48:43,无截图
拼多多2,https://mobile.yangkeduo.com/goods.html?goods_id=939928309801,VIOMI云米 滤芯 反渗透滤芯RO膜,939928309801,939928309801,898,,正常,2026-05-07 09:48:43,无截图
拼多多2,https://mobile.yangkeduo.com/goods.html?goods_id=939928309801,VIOMI云米 滤芯 反渗透滤芯RO膜,939928309801,939928309801,898,,正常,2026-05-07 09:48:43,无截图
拼多多2,https://mobile.yangkeduo.com/goods.html?goods_id=939928309801,VIOMI云米 滤芯 反渗透滤芯RO膜,939928309801,939928309801,898,,正常,2026-05-07 09:48:43,无截图
拼多多2,https://mobile.yangkeduo.com/goods.html?goods_id=939928309801,VIOMI云米 滤芯 反渗透滤芯RO膜,939928309801,939928309801,899,,正常,2026-05-07 09:48:43,无截图
拼多多2,https://mobile.yangkeduo.com/goods.html?goods_id=939760939921,云米净水器Super2Y1200G家用直饮厨下式RO反渗透鲜活泉无陈水,939760939921,939760939921,999,,百亿补贴,2026-05-07 09:48:43,无截图
拼多多2,https://mobile.yangkeduo.com/goods.html?goods_id=932391238524,VIOMI 云米净水器小海豚3 厨下式RO反渗透直饮家用 无罐一体式,932391238524,932391238524,895.5,,正常,2026-05-07 09:48:43,无截图
拼多多2,https://mobile.yangkeduo.com/goods.html?goods_id=932391238524,VIOMI 云米净水器小海豚3 厨下式RO反渗透直饮家用 无罐一体式,932391238524,932391238524,895.5,,正常,2026-05-07 09:48:43,无截图
拼多多2,https://mobile.yangkeduo.com/goods.html?goods_id=926760918505,VIOMI云米净水器小海豚600G+升级版厨下式 RO 反渗透直饮家用,926760918505,926760918505,904,,正常,2026-05-07 09:48:43,无截图
拼多多2,https://mobile.yangkeduo.com/goods.html?goods_id=926574119933,云米(VIOMI) 家用昆仑4弱碱1400G 矿物质直饮反渗透厨下过滤器,926574119933,926574119933,2999,,限时折扣,2026-05-07 09:48:43,无截图
拼多多2,https://mobile.yangkeduo.com/goods.html?goods_id=926440536018,云米小厨宝6L电热水器厨房卫生间出水恒温储水式小型速热神器加热,926440536018,926440536018,399,,正常,2026-05-07 09:48:43,无截图
拼多多2,https://mobile.yangkeduo.com/goods.html?goods_id=925977908012,云米(VIOMI)家用净水机昆仑3 2SPRO矿泉1400G净水器 反渗透RO膜,925977908012,925977908012,2998,,正常,2026-05-07 09:48:43,无截图
拼多多2,https://mobile.yangkeduo.com/goods.html?goods_id=925958299439,云米(VIOMI) 家用昆仑4弱碱1200G 矿物质直饮反渗透厨下过滤器,925958299439,925958299439,3999,,正常,2026-05-07 09:48:43,无截图
拼多多2,https://mobile.yangkeduo.com/goods.html?goods_id=925904229459,VIOMI云米净水器600G小蓝调厨下式RO反渗透直饮家用6年长效,925904229459,925904229459,1299,,正常,2026-05-07 09:48:43,无截图
拼多多2,https://mobile.yangkeduo.com/goods.html?goods_id=925874862450,云米(VIOMI) 小海豚PRO 家用净水机 净水器 反渗透大通量 RO膜,925874862450,925874862450,799,,百亿补贴,2026-05-07 09:48:43,无截图
拼多多2,https://mobile.yangkeduo.com/goods.html?goods_id=916998985237,云米(VIOMI)净水机昆仑3 2E净矿1000G净水器 6年RO膜 接入米家,916998985237,916998985237,2599,,正常,2026-05-07 09:48:43,无截图
拼多多2,https://mobile.yangkeduo.com/goods.html?goods_id=925730122772,云米120°超广角猫眼全自动智能门锁电池家用客厅安全室内高清大屏,925730122772,925730122772,999,,正常,2026-05-07 09:48:43,无截图
拼多多2,https://mobile.yangkeduo.com/goods.html?goods_id=920795499656,VIOMI云米小海豚3净水器5年长效RO反渗透厨下一体机水过滤大通量,920795499656,920795499656,1299,,正常,2026-05-07 09:48:43,无截图
拼多多2,https://mobile.yangkeduo.com/goods.html?goods_id=920088070226,云米新品鲲鹏PRO油烟机28m³大吸力易清洁挥手智控烟灶联动小噪音,920088070226,920088070226,2399,,正常,2026-05-07 09:48:43,无截图
拼多多2,https://mobile.yangkeduo.com/goods.html?goods_id=918828889854,VIOMI云米净水器600G小蓝调厨下式RO反渗透直饮家用6年长效,918828889854,918828889854,1299,,正常,2026-05-07 09:48:43,无截图
拼多多2,https://mobile.yangkeduo.com/goods.html?goods_id=917044137245,云米前置过滤器家用自来水前置净水器自动反冲洗全屋净水机大流量,917044137245,917044137245,498,,正常,2026-05-07 09:48:43,无截图
拼多多2,https://mobile.yangkeduo.com/goods.html?goods_id=917042534932,云米前置过滤器家用自来水前置净水器自动反冲洗全屋净水机大流量,917042534932,917042534932,498,,正常,2026-05-07 09:48:43,无截图
拼多多2,https://mobile.yangkeduo.com/goods.html?goods_id=917038452382,【冷热直饮套装】云米净水器家用厨下管线机套装一键即热制冷直饮,917038452382,917038452382,1319,,百亿补贴,2026-05-07 09:48:43,无截图
拼多多2,https://mobile.yangkeduo.com/goods.html?goods_id=917038452382,【冷热直饮套装】云米净水器家用厨下管线机套装一键即热制冷直饮,917038452382,917038452382,1419,,百亿补贴,2026-05-07 09:48:43,无截图
拼多多2,https://mobile.yangkeduo.com/goods.html?goods_id=917034829515,Viomi云米制冷管线机壁挂式 直饮机 饮水机 UV全水路杀菌速热制冷,917034829515,917034829515,869,,百亿补贴,2026-05-07 09:48:43,无截图
拼多多2,https://mobile.yangkeduo.com/goods.html?goods_id=917032713009,VIOMI云米冷热管线机饮水机壁挂式双出水台式管线机UV杀菌,917032713009,917032713009,669,,百亿补贴,2026-05-07 09:48:43,无截图
拼多多2,https://mobile.yangkeduo.com/goods.html?goods_id=917031150770,VIOMI云米净水器600G小蓝调厨下式RO反渗透直饮家用6年长效,917031150770,917031150770,649,,限时折扣,2026-05-07 09:48:43,无截图
拼多多2,https://mobile.yangkeduo.com/goods.html?goods_id=917001945930,云米矿泉台式净饮机即热式饮水机直饮家用矿化加热一体机净水器,917001945930,917001945930,2199,,正常,2026-05-07 09:48:43,无截图
拼多多2,https://mobile.yangkeduo.com/goods.html?goods_id=916996455515,VIOMI/云米 新品管线机 冷热管线机Super2 Pro,916996455515,916996455515,1289,,限时折扣,2026-05-07 09:48:43,无截图
拼多多2,https://mobile.yangkeduo.com/goods.html?goods_id=916452280972,云米(VIOMI) 小海豚900G  家用净水机 净水器 反渗透6年长效 RO膜,916452280972,916452280972,799,,限时折扣,2026-05-07 09:48:43,无截图
拼多多2,https://mobile.yangkeduo.com/goods.html?goods_id=916441693850,云米(VIOMI) 小海豚PRO 家用净水机 净水器 反渗透大通量 RO膜,916441693850,916441693850,899,,限量折扣,2026-05-07 09:48:43,无截图
拼多多2,https://mobile.yangkeduo.com/goods.html?goods_id=916398420768,VIOMI云米 复合滤芯五合一,916398420768,916398420768,298,,正常,2026-05-07 09:48:43,无截图
拼多多2,https://mobile.yangkeduo.com/goods.html?goods_id=916398420768,VIOMI云米 复合滤芯五合一,916398420768,916398420768,298,,正常,2026-05-07 09:48:43,无截图
拼多多2,https://mobile.yangkeduo.com/goods.html?goods_id=916398420768,VIOMI云米 复合滤芯五合一,916398420768,916398420768,298,,正常,2026-05-07 09:48:43,无截图
拼多多2,https://mobile.yangkeduo.com/goods.html?goods_id=916398420768,VIOMI云米 复合滤芯五合一,916398420768,916398420768,298,,正常,2026-05-07 09:48:43,无截图
拼多多2,https://mobile.yangkeduo.com/goods.html?goods_id=916398420768,VIOMI云米 复合滤芯五合一,916398420768,916398420768,298,,正常,2026-05-07 09:48:43,无截图
拼多多2,https://mobile.yangkeduo.com/goods.html?goods_id=916398420768,VIOMI云米 复合滤芯五合一,916398420768,916398420768,298,,正常,2026-05-07 09:48:43,无截图
拼多多2,https://mobile.yangkeduo.com/goods.html?goods_id=916398420768,VIOMI云米 复合滤芯五合一,916398420768,916398420768,298,,正常,2026-05-07 09:48:43,无截图
拼多多2,https://mobile.yangkeduo.com/goods.html?goods_id=916398420768,VIOMI云米 复合滤芯五合一,916398420768,916398420768,298,,正常,2026-05-07 09:48:43,无截图
拼多多2,https://mobile.yangkeduo.com/goods.html?goods_id=916398420768,VIOMI云米 复合滤芯五合一,916398420768,916398420768,298,,正常,2026-05-07 09:48:43,无截图
拼多多2,https://mobile.yangkeduo.com/goods.html?goods_id=916398420768,VIOMI云米 复合滤芯五合一,916398420768,916398420768,298,,正常,2026-05-07 09:48:43,无截图
拼多多2,https://mobile.yangkeduo.com/goods.html?goods_id=916398420768,VIOMI云米 复合滤芯五合一,916398420768,916398420768,298,,正常,2026-05-07 09:48:43,无截图
拼多多2,https://mobile.yangkeduo.com/goods.html?goods_id=916398420768,VIOMI云米 复合滤芯五合一,916398420768,916398420768,298,,正常,2026-05-07 09:48:43,无截图
拼多多2,https://mobile.yangkeduo.com/goods.html?goods_id=916398420768,VIOMI云米 复合滤芯五合一,916398420768,916398420768,298,,正常,2026-05-07 09:48:43,无截图
拼多多2,https://mobile.yangkeduo.com/goods.html?goods_id=916398420768,VIOMI云米 复合滤芯五合一,916398420768,916398420768,298,,正常,2026-05-07 09:48:43,无截图
拼多多2,https://mobile.yangkeduo.com/goods.html?goods_id=916398420768,VIOMI云米 复合滤芯五合一,916398420768,916398420768,298,,正常,2026-05-07 09:48:43,无截图
拼多多2,https://mobile.yangkeduo.com/goods.html?goods_id=916398420768,VIOMI云米 复合滤芯五合一,916398420768,916398420768,299,,正常,2026-05-07 09:48:43,无截图
拼多多2,https://mobile.yangkeduo.com/goods.html?goods_id=916398420768,VIOMI云米 复合滤芯五合一,916398420768,916398420768,299,,正常,2026-05-07 09:48:43,无截图
拼多多2,https://mobile.yangkeduo.com/goods.html?goods_id=916398420768,VIOMI云米 复合滤芯五合一,916398420768,916398420768,299,,正常,2026-05-07 09:48:43,无截图
拼多多2,https://mobile.yangkeduo.com/goods.html?goods_id=916398420768,VIOMI云米 复合滤芯五合一,916398420768,916398420768,398,,正常,2026-05-07 09:48:43,无截图
拼多多2,https://mobile.yangkeduo.com/goods.html?goods_id=916398420768,VIOMI云米 复合滤芯五合一,916398420768,916398420768,398,,正常,2026-05-07 09:48:43,无截图
拼多多2,https://mobile.yangkeduo.com/goods.html?goods_id=916398420768,VIOMI云米 复合滤芯五合一,916398420768,916398420768,398,,正常,2026-05-07 09:48:43,无截图
拼多多2,https://mobile.yangkeduo.com/goods.html?goods_id=916398420768,VIOMI云米 复合滤芯五合一,916398420768,916398420768,399,,正常,2026-05-07 09:48:43,无截图
拼多多2,https://mobile.yangkeduo.com/goods.html?goods_id=916398420768,VIOMI云米 复合滤芯五合一,916398420768,916398420768,399,,正常,2026-05-07 09:48:43,无截图
拼多多2,https://mobile.yangkeduo.com/goods.html?goods_id=915797572693,VIOMI云米净水器小海豚600G+升级版厨下式 RO 反渗透直饮家用,915797572693,915797572693,699,,百亿补贴,2026-05-07 09:48:43,无截图
拼多多2,https://mobile.yangkeduo.com/goods.html?goods_id=885690465484,VIOMI云米净水器小海豚600G+升级版厨下式RO反渗透直饮家用,885690465484,885690465484,559,,百亿补贴,2026-05-07 09:48:43,无截图
拼多多2,https://mobile.yangkeduo.com/goods.html?goods_id=882919216767,VIOMI云米净水器 800G 厨下净饮一体机水过滤 长效RO膜小米app,882919216767,882919216767,1199,,正常,2026-05-07 09:48:43,无截图
拼多多2,https://mobile.yangkeduo.com/goods.html?goods_id=879245702873,VIOMI云米小海豚3净水器5年长效RO反渗透厨下一体机水过滤大通量,879245702873,879245702873,1299,,正常,2026-05-07 09:48:43,无截图
拼多多2,https://mobile.yangkeduo.com/goods.html?goods_id=874350558652,VIOMI云米滤芯 小海豚3适用,874350558652,874350558652,239,,正常,2026-05-07 09:48:43,无截图
拼多多2,https://mobile.yangkeduo.com/goods.html?goods_id=874350558652,VIOMI云米滤芯 小海豚3适用,874350558652,874350558652,499,,正常,2026-05-07 09:48:43,无截图
拼多多2,https://mobile.yangkeduo.com/goods.html?goods_id=873053402073,VIOMI云米小海豚3净水器5年长效RO反渗透厨下一体机水过滤大通量,873053402073,873053402073,1199,,正常,2026-05-07 09:48:43,无截图
拼多多2,https://mobile.yangkeduo.com/goods.html?goods_id=530950162370,云米小海豚2 1000G净水器净水机管线机即热饮水机前置过滤器套装,530950162370,530950162370,2699,,正常,2026-05-07 09:48:43,无截图
拼多多2,https://mobile.yangkeduo.com/goods.html?goods_id=530950162370,云米小海豚2 1000G净水器净水机管线机即热饮水机前置过滤器套装,530950162370,530950162370,2999,,正常,2026-05-07 09:48:43,无截图
拼多多2,https://mobile.yangkeduo.com/goods.html?goods_id=500282125061,云米1.5匹变频冷暖Milano2ProAI语音UVC除菌新一级智能电器挂机,500282125061,500282125061,2799,,正常,2026-05-07 09:48:43,无截图
拼多多2,https://mobile.yangkeduo.com/goods.html?goods_id=497869228081,云米521升风冷无霜一级变频十字四开门对开门大容量智能电器冰箱,497869228081,497869228081,2799,,正常,2026-05-07 09:48:43,无截图
拼多多2,https://mobile.yangkeduo.com/goods.html?goods_id=491420502929,云米1.5匹AI智能电器变频空调冷暖两用新一级省电家用杀菌挂机,491420502929,491420502929,2599,,正常,2026-05-07 09:48:43,无截图
拼多多2,https://mobile.yangkeduo.com/goods.html?goods_id=489538266025,云米TDS水质检测笔测水质仪饮用水检测器家用自来水水质测试仪器,489538266025,489538266025,99,,正常,2026-05-07 09:48:43,无截图
拼多多2,https://mobile.yangkeduo.com/goods.html?goods_id=6120759451,云米VO1602电烤箱多功能烤箱家用烘焙小型蛋糕电烤鸡翅披萨16L,6120759451,6120759451,149,,正常,2026-05-07 09:48:43,无截图
京东,https://item.jd.com/100248509179.html,,6923185678328,,999.01,,价格正常,2026-05-07 11:52:27,d:\WorkSpace\01_自动化开发\App1_Price_Monitor品牌价格\price_screenshots\2026-05-07_JD_6923185678328_undefined.jpg
京东,https://item.jd.com/100251742015.html,,6923185657798,,3580.74,,价格正常,2026-05-07 11:52:35,d:\WorkSpace\01_自动化开发\App1_Price_Monitor品牌价格\price_screenshots\2026-05-07_JD_6923185657798_undefined.jpg
拼多多,https://mobile.yangkeduo.com/goods.html?goods_id=912927521784,云米(VIOMI) 小海豚  家用净水机 1200G净水器 反渗透RO膜,1864587243207,912927521784,1273,,百亿补贴,2026-05-07 11:59:30,无截图
拼多多,https://mobile.yangkeduo.com/goods.html?goods_id=908884844099,VIOMI云米冷热管线机饮水机壁挂式双出水台式管线机UV杀菌,1862394696942,908884844099,709,,限时折扣,2026-05-07 11:59:30,无截图
拼多多,https://mobile.yangkeduo.com/goods.html?goods_id=908879495872,云米前置过滤器家用自来水前置净水器自动反冲洗全屋净水机大流量,1862392314609,908879495872,498,,正常,2026-05-07 11:59:30,无截图
拼多多,https://mobile.yangkeduo.com/goods.html?goods_id=907974025123,Viomi云米净水器1000G厨下式RO反渗透直饮过滤器净饮小海豚2,1861974706422,907974025123,899,,限量折扣,2026-05-07 11:59:30,无截图
拼多多,https://mobile.yangkeduo.com/goods.html?goods_id=907033710117,云米(VIOMI)家用净水机昆仑3 2SPRO矿泉1400G净水器 反渗透RO膜,1861478781426,907033710117,2998,,正常,2026-05-07 11:59:30,无截图
拼多多,https://mobile.yangkeduo.com/goods.html?goods_id=873065157674,VIOMI云米 滤芯 反渗透滤芯RO膜,1865203281275,873065157674,598,,正常,2026-05-07 11:59:30,无截图
拼多多,https://mobile.yangkeduo.com/goods.html?goods_id=873065157674,VIOMI云米 滤芯 反渗透滤芯RO膜,1865203281275,873065157674,598,,正常,2026-05-07 11:59:30,无截图
拼多多,https://mobile.yangkeduo.com/goods.html?goods_id=873065157674,VIOMI云米 滤芯 反渗透滤芯RO膜,1865203281275,873065157674,598,,正常,2026-05-07 11:59:30,无截图
拼多多,https://mobile.yangkeduo.com/goods.html?goods_id=873065157674,VIOMI云米 滤芯 反渗透滤芯RO膜,1865203281275,873065157674,698,,正常,2026-05-07 11:59:30,无截图
拼多多,https://mobile.yangkeduo.com/goods.html?goods_id=873065157674,VIOMI云米 滤芯 反渗透滤芯RO膜,1865203281275,873065157674,798,,正常,2026-05-07 11:59:30,无截图
拼多多,https://mobile.yangkeduo.com/goods.html?goods_id=873065157674,VIOMI云米 滤芯 反渗透滤芯RO膜,1865203281275,873065157674,799,,正常,2026-05-07 11:59:30,无截图
拼多多,https://mobile.yangkeduo.com/goods.html?goods_id=873065157674,VIOMI云米 滤芯 反渗透滤芯RO膜,1865203281275,873065157674,898,,正常,2026-05-07 11:59:30,无截图
拼多多,https://mobile.yangkeduo.com/goods.html?goods_id=873065157674,VIOMI云米 滤芯 反渗透滤芯RO膜,1865203281275,873065157674,898,,正常,2026-05-07 11:59:30,无截图
拼多多,https://mobile.yangkeduo.com/goods.html?goods_id=873065157674,VIOMI云米 滤芯 反渗透滤芯RO膜,1865203281275,873065157674,898,,正常,2026-05-07 11:59:30,无截图
拼多多,https://mobile.yangkeduo.com/goods.html?goods_id=873065157674,VIOMI云米 滤芯 反渗透滤芯RO膜,1865203281275,873065157674,899,,正常,2026-05-07 11:59:30,无截图
拼多多,https://mobile.yangkeduo.com/goods.html?goods_id=872941778883,VIOMI云米 复合滤芯五合一,1875948639548,872941778883,288,,正常,2026-05-07 11:59:30,无截图
拼多多,https://mobile.yangkeduo.com/goods.html?goods_id=872941778883,VIOMI云米 复合滤芯五合一,1875948639548,872941778883,288,,正常,2026-05-07 11:59:30,无截图
拼多多,https://mobile.yangkeduo.com/goods.html?goods_id=872941778883,VIOMI云米 复合滤芯五合一,1875948639548,872941778883,288,,正常,2026-05-07 11:59:30,无截图
拼多多,https://mobile.yangkeduo.com/goods.html?goods_id=872941778883,VIOMI云米 复合滤芯五合一,1875948639548,872941778883,288,,正常,2026-05-07 11:59:30,无截图
拼多多,https://mobile.yangkeduo.com/goods.html?goods_id=872941778883,VIOMI云米 复合滤芯五合一,1875948639548,872941778883,288,,正常,2026-05-07 11:59:30,无截图
拼多多,https://mobile.yangkeduo.com/goods.html?goods_id=872941778883,VIOMI云米 复合滤芯五合一,1875948639548,872941778883,288,,正常,2026-05-07 11:59:30,无截图
拼多多,https://mobile.yangkeduo.com/goods.html?goods_id=872941778883,VIOMI云米 复合滤芯五合一,1875948639548,872941778883,288,,正常,2026-05-07 11:59:30,无截图
拼多多,https://mobile.yangkeduo.com/goods.html?goods_id=872941778883,VIOMI云米 复合滤芯五合一,1875948639548,872941778883,288,,正常,2026-05-07 11:59:30,无截图
拼多多,https://mobile.yangkeduo.com/goods.html?goods_id=872941778883,VIOMI云米 复合滤芯五合一,1875948639548,872941778883,288,,正常,2026-05-07 11:59:30,无截图
拼多多,https://mobile.yangkeduo.com/goods.html?goods_id=872941778883,VIOMI云米 复合滤芯五合一,1875948639548,872941778883,289,,正常,2026-05-07 11:59:30,无截图
拼多多,https://mobile.yangkeduo.com/goods.html?goods_id=872941778883,VIOMI云米 复合滤芯五合一,1875948639548,872941778883,289,,正常,2026-05-07 11:59:30,无截图
拼多多,https://mobile.yangkeduo.com/goods.html?goods_id=872941778883,VIOMI云米 复合滤芯五合一,1875948639548,872941778883,289,,正常,2026-05-07 11:59:30,无截图
拼多多,https://mobile.yangkeduo.com/goods.html?goods_id=872941778883,VIOMI云米 复合滤芯五合一,1875948639548,872941778883,289,,正常,2026-05-07 11:59:30,无截图
拼多多,https://mobile.yangkeduo.com/goods.html?goods_id=872941778883,VIOMI云米 复合滤芯五合一,1875948639548,872941778883,289,,正常,2026-05-07 11:59:30,无截图
拼多多,https://mobile.yangkeduo.com/goods.html?goods_id=872941778883,VIOMI云米 复合滤芯五合一,1875948639548,872941778883,289,,正常,2026-05-07 11:59:30,无截图
拼多多,https://mobile.yangkeduo.com/goods.html?goods_id=872941778883,VIOMI云米 复合滤芯五合一,1875948639548,872941778883,289,,正常,2026-05-07 11:59:30,无截图
拼多多,https://mobile.yangkeduo.com/goods.html?goods_id=872941778883,VIOMI云米 复合滤芯五合一,1875948639548,872941778883,299,,正常,2026-05-07 11:59:30,无截图
拼多多,https://mobile.yangkeduo.com/goods.html?goods_id=872941778883,VIOMI云米 复合滤芯五合一,1875948639548,872941778883,299,,正常,2026-05-07 11:59:30,无截图
拼多多,https://mobile.yangkeduo.com/goods.html?goods_id=872941778883,VIOMI云米 复合滤芯五合一,1875948639548,872941778883,398,,正常,2026-05-07 11:59:30,无截图
拼多多,https://mobile.yangkeduo.com/goods.html?goods_id=872941778883,VIOMI云米 复合滤芯五合一,1875948639548,872941778883,398,,正常,2026-05-07 11:59:30,无截图
拼多多,https://mobile.yangkeduo.com/goods.html?goods_id=872941778883,VIOMI云米 复合滤芯五合一,1875948639548,872941778883,398,,正常,2026-05-07 11:59:30,无截图
拼多多,https://mobile.yangkeduo.com/goods.html?goods_id=872941778883,VIOMI云米 复合滤芯五合一,1875948639548,872941778883,399,,正常,2026-05-07 11:59:30,无截图
拼多多,https://mobile.yangkeduo.com/goods.html?goods_id=872941778883,VIOMI云米 复合滤芯五合一,1875948639548,872941778883,399,,正常,2026-05-07 11:59:30,无截图
拼多多,https://mobile.yangkeduo.com/goods.html?goods_id=870799733097,云米smart2油烟机 跨界顶侧联动超薄平嵌式自清洁挥手智控大吸力,1828599083618,870799733097,1599,,正常,2026-05-07 11:59:30,无截图
拼多多,https://mobile.yangkeduo.com/goods.html?goods_id=868834124642,云米Super油烟机升级版大吸力大静压顶侧双吸超薄自清洁烟灶联动,1826850326109,868834124642,1499,,限时折扣,2026-05-07 11:59:30,无截图
拼多多,https://mobile.yangkeduo.com/goods.html?goods_id=868851073714,Viomi云米小海豚3 厨下净水器5年长效 600G RO反渗透纯水机,1862048381595,868851073714,499,,百亿补贴,2026-05-07 11:59:30,无截图
拼多多,https://mobile.yangkeduo.com/goods.html?goods_id=862873034610,Viomi云米 小海豚3新品5年长效RO净水器反渗透纯水机 超滤升级,1861725209613,862873034610,618.6,,百亿补贴,2026-05-07 11:59:30,无截图
拼多多,https://mobile.yangkeduo.com/goods.html?goods_id=862873034610,Viomi云米 小海豚3新品5年长效RO净水器反渗透纯水机 超滤升级,1861725209613,862873034610,728.6,,百亿补贴,2026-05-07 11:59:30,无截图
拼多多,https://mobile.yangkeduo.com/goods.html?goods_id=861508688697,Viomi云米制冷管线机壁挂式 直饮机 饮水机 UV全水路杀菌速热制冷,1820266900714,861508688697,1998,,正常,2026-05-07 11:59:30,无截图
拼多多,https://mobile.yangkeduo.com/goods.html?goods_id=852932116812,云米净水器600G小海豚升级版厨下式RO反渗透直饮家用,1812983769340,852932116812,772,,百亿补贴,2026-05-07 11:59:30,无截图
拼多多,https://mobile.yangkeduo.com/goods.html?goods_id=852614628903,云米水槽下水器垃圾处理器粉碎机下水道厨余搅碎机抑菌厨房家用,1812695452997,852614628903,889,,百亿补贴同价上首页,2026-05-07 11:59:30,无截图
拼多多,https://mobile.yangkeduo.com/goods.html?goods_id=852161740747,VIOMI云米净水器小海豚600G+升级版厨下式RO反渗透直饮家用,1835709207960,852161740747,899,,正常,2026-05-07 11:59:30,无截图
拼多多,https://mobile.yangkeduo.com/goods.html?goods_id=852010588191,云米蓝调2PRO燃气热水器静音节能水伺服恒温语音控制智控节能变频,1812265470712,852010588191,1099,,正常,2026-05-07 11:59:30,无截图
拼多多,https://mobile.yangkeduo.com/goods.html?goods_id=850883552953,VIOMI云米净水器600G小蓝调厨下式RO反渗透直饮家用6年长效,1811278299045,850883552953,649,,限时折扣,2026-05-07 11:59:30,无截图
拼多多,https://mobile.yangkeduo.com/goods.html?goods_id=850344043841,云米矿泉台式净饮机即热式饮水机直饮家用矿化加热一体机净水器,1810740228115,850344043841,1039,,限时折扣,2026-05-07 11:59:30,无截图
拼多多,https://mobile.yangkeduo.com/goods.html?goods_id=849648457333,云米(VIOMI)净水机昆仑3 2E净矿1000G净水器 6年RO膜 接入米家,1810108178225,849648457333,1519,,限时折扣,2026-05-07 11:59:30,无截图
拼多多,https://mobile.yangkeduo.com/goods.html?goods_id=849000374681,云米净水器Super2Y1200G家用直饮厨下式RO反渗透鲜活泉无陈水,1809523164736,849000374681,1149,,限时折扣,2026-05-07 11:59:30,无截图
拼多多,https://mobile.yangkeduo.com/goods.html?goods_id=846212481564,云米蓝调2双胆电热水器60L超短超薄速热增容大水量3000W杀菌安全,1807140932949,846212481564,1199,,正常,2026-05-07 11:59:30,无截图
拼多多,https://mobile.yangkeduo.com/goods.html?goods_id=837301408995,VIOMI/云米 新品管线机 冷热管线机Super2 Pro,1813015099169,837301408995,1289,,限时折扣,2026-05-07 11:59:30,无截图
拼多多,https://mobile.yangkeduo.com/goods.html?goods_id=819506595979,云米净水器  600G+ 新升级厨下式RO反渗透直饮家用,1787046011387,819506595979,1099,,正常,2026-05-07 11:59:30,无截图
拼多多,https://mobile.yangkeduo.com/goods.html?goods_id=795732084979,云米燃气热水器增压水伺服恒温省气抗风节能排气16L已接入米家APP,1772272965242,795732084979,1599,,正常,2026-05-07 11:59:30,无截图
拼多多,https://mobile.yangkeduo.com/goods.html?goods_id=791519887797,云米超薄零嵌510L大容量冰箱美妆舱底部散热一级变频双开门风冷,1769160148095,791519887797,2789,,百亿补贴同价上首页,2026-05-07 11:59:30,无截图
拼多多,https://mobile.yangkeduo.com/goods.html?goods_id=784230725200,云米鲲鹏PRO烟机28m³大吸力聚能猛火灶一级能效烟灶联动厨电套装,1763233003377,784230725200,3099,,正常,2026-05-07 11:59:30,无截图
拼多多,https://mobile.yangkeduo.com/goods.html?goods_id=784230725200,云米鲲鹏PRO烟机28m³大吸力聚能猛火灶一级能效烟灶联动厨电套装,1763233003377,784230725200,3099,,正常,2026-05-07 11:59:30,无截图
拼多多,https://mobile.yangkeduo.com/goods.html?goods_id=774960777953,云米AI燃气热水器 智控恒温防冻节能安全水质净化精准控温13L强排,1756760299679,774960777953,679,,限时折扣,2026-05-07 11:59:30,无截图
拼多多,https://mobile.yangkeduo.com/goods.html?goods_id=765112154467,云米智能小鲸鱼马桶盖全自动即热恒温带烘干坐垫圈抗菌除臭自清洗,1749961522912,765112154467,1199,,正常,2026-05-07 11:59:30,无截图
拼多多,https://mobile.yangkeduo.com/goods.html?goods_id=763759392708,云米新品鲲鹏PRO油烟机28m³大吸力易清洁挥手智控烟灶联动小噪音,1748828925108,763759392708,2499,,正常,2026-05-07 11:59:30,无截图
拼多多,https://mobile.yangkeduo.com/goods.html?goods_id=761822913595,云米全自动智能马桶一体式脚踢感应翻盖抗菌座圈带水箱泡沫盾家用,1747209123260,761822913595,3229,,限时折扣,2026-05-07 11:59:30,无截图
拼多多,https://mobile.yangkeduo.com/goods.html?goods_id=761822913595,云米全自动智能马桶一体式脚踢感应翻盖抗菌座圈带水箱泡沫盾家用,1747209123260,761822913595,3229,,限时折扣,2026-05-07 11:59:30,无截图
拼多多,https://mobile.yangkeduo.com/goods.html?goods_id=739863611562,云米鲲鹏抽油烟机家用顶侧双吸26大吸力变频一级能效smart2 pro,1728642200071,739863611562,1499,,正常,2026-05-07 11:59:30,无截图
拼多多,https://mobile.yangkeduo.com/goods.html?goods_id=691819698413,云米电热水器50/60升洗澡家用浴室速热大容量省电防漏电警示安全,1683563098526,691819698413,799,,正常,2026-05-07 11:59:30,无截图
拼多多,https://mobile.yangkeduo.com/goods.html?goods_id=691819698413,云米电热水器50/60升洗澡家用浴室速热大容量省电防漏电警示安全,1683563098526,691819698413,899,,正常,2026-05-07 11:59:30,无截图
拼多多,https://mobile.yangkeduo.com/goods.html?goods_id=661859626284,云米电热水器40升洗澡家用租房储水式速热抑菌节能省电安全卫生间,1750073590150,661859626284,599,,正常,2026-05-07 11:59:30,无截图
拼多多,https://mobile.yangkeduo.com/goods.html?goods_id=661859626284,云米电热水器40升洗澡家用租房储水式速热抑菌节能省电安全卫生间,1750073590150,661859626284,599,,正常,2026-05-07 11:59:30,无截图
拼多多,https://mobile.yangkeduo.com/goods.html?goods_id=657344402006,云米顶侧大吸力蓝调油烟机家用厨房节能自清洁一级能效可挥手智控,1832827639759,657344402006,859,,限时折扣,2026-05-07 11:59:30,无截图
拼多多,https://mobile.yangkeduo.com/goods.html?goods_id=614821960857,云米大容量冰洗套装603升独立制冰冰箱&10KG全自动洗烘一体洗衣机,1629791484667,614821960857,4468,,大促搜索池,2026-05-07 11:59:30,无截图
拼多多,https://mobile.yangkeduo.com/goods.html?goods_id=614813745328,云米超薄嵌入式冰洗套餐500升风冷无霜冰箱&10公斤洗烘一体洗衣机,1598252832997,614813745328,5566,,大促搜索池,2026-05-07 11:59:30,无截图
拼多多,https://mobile.yangkeduo.com/goods.html?goods_id=604410073495,VIOMI云米冷热管线机饮水机壁挂式双出水台式管线机UV杀菌,1633858930719,604410073495,2499,,正常,2026-05-07 11:59:30,无截图
拼多多,https://mobile.yangkeduo.com/goods.html?goods_id=600131174099,【美妆超薄零嵌】云米510升嵌入式双开门一级风冷无霜银离子冰箱,1671601868429,600131174099,2798,,大促搜索池,2026-05-07 11:59:30,无截图
拼多多,https://mobile.yangkeduo.com/goods.html?goods_id=573873753845,云米前置过滤器Super智能自动冲洗全屋前置净水器家用自来水冲洗,1537803249260,573873753845,599,,正常,2026-05-07 11:59:30,无截图
拼多多,https://mobile.yangkeduo.com/goods.html?goods_id=539854309519,云米12KG滚筒洗衣机家用全自动大容量洗烘一体机防抖动超薄全嵌,1647704544068,539854309519,3699,,正常,2026-05-07 11:59:30,无截图
拼多多,https://mobile.yangkeduo.com/goods.html?goods_id=515237643272,云米电热水器AI美肤洗 780mm超薄 1级能效双胆三管速热 Super2Pro,1684187330469,515237643272,1699,,正常,2026-05-07 11:59:30,无截图
拼多多,https://mobile.yangkeduo.com/goods.html?goods_id=490426355421,【超薄零平嵌】云米500升十字四门全域养鲜一级变频风冷无霜冰箱,1723315555072,490426355421,3199,,大促搜索池,2026-05-07 11:59:30,无截图
拼多多,https://mobile.yangkeduo.com/goods.html?goods_id=480070620581,【冷热直饮套装】云米净水器家用厨下管线机套装一键即热制冷直饮,1620106386127,480070620581,2399,,正常,2026-05-07 11:59:30,无截图
拼多多,https://mobile.yangkeduo.com/goods.html?goods_id=480070620581,【冷热直饮套装】云米净水器家用厨下管线机套装一键即热制冷直饮,1620106386127,480070620581,2599,,正常,2026-05-07 11:59:30,无截图
拼多多,https://mobile.yangkeduo.com/goods.html?goods_id=407741710364,云米25m³顶侧爆吸大吸力智目吸烟机 5.2KW聚能猛火灶烟灶套装家用,1593545644117,407741710364,3699,,正常,2026-05-07 11:59:30,无截图
拼多多,https://mobile.yangkeduo.com/goods.html?goods_id=407741710364,云米25m³顶侧爆吸大吸力智目吸烟机 5.2KW聚能猛火灶烟灶套装家用,1593545644117,407741710364,3699,,正常,2026-05-07 11:59:30,无截图
拼多多,https://mobile.yangkeduo.com/goods.html?goods_id=407741710364,云米25m³顶侧爆吸大吸力智目吸烟机 5.2KW聚能猛火灶烟灶套装家用,1593545644117,407741710364,3999,,正常,2026-05-07 11:59:30,无截图
拼多多,https://mobile.yangkeduo.com/goods.html?goods_id=407741710364,云米25m³顶侧爆吸大吸力智目吸烟机 5.2KW聚能猛火灶烟灶套装家用,1593545644117,407741710364,3999,,正常,2026-05-07 11:59:30,无截图
拼多多,https://mobile.yangkeduo.com/goods.html?goods_id=382839923175,云米顶侧双吸烟灶套装22m³大吸力抽油烟机聚能猛火灶节能燃气家用,1743705224006,382839923175,1899,,正常,2026-05-07 11:59:30,无截图
拼多多,https://mobile.yangkeduo.com/goods.html?goods_id=382839923175,云米顶侧双吸烟灶套装22m³大吸力抽油烟机聚能猛火灶节能燃气家用,1743705224006,382839923175,1999,,正常,2026-05-07 11:59:30,无截图
拼多多,https://mobile.yangkeduo.com/goods.html?goods_id=364990106384,云米即热净水器厨房家用直饮RO反渗透加热净饮一体机1000G,1514046961240,364990106384,1358,,大促搜索池,2026-05-07 11:59:30,无截图
拼多多,https://mobile.yangkeduo.com/goods.html?goods_id=325232192898,【独立制冰】云米603升冰箱变频一级风冷无霜双开对开门大容量,1719974083300,325232192898,2459,,限量折扣,2026-05-07 11:59:30,无截图
拼多多,https://mobile.yangkeduo.com/goods.html?goods_id=296957182528,云米净水器滤芯1234号滤芯厨上厨下通用RO反渗透家用400G/600G,1600683136687,296957182528,999,,正常,2026-05-07 11:59:30,无截图
拼多多,https://mobile.yangkeduo.com/goods.html?goods_id=291141614396,云米F3 1000G尼莫蓝/S2/Q5/X2系列净水器净饮机滤芯家用通用系列,1561689343461,291141614396,499,,正常,2026-05-07 11:59:30,无截图
拼多多,https://mobile.yangkeduo.com/goods.html?goods_id=291141614396,云米F3 1000G尼莫蓝/S2/Q5/X2系列净水器净饮机滤芯家用通用系列,1561689343461,291141614396,899,,正常,2026-05-07 11:59:30,无截图
拼多多,https://mobile.yangkeduo.com/goods.html?goods_id=291141614396,云米F3 1000G尼莫蓝/S2/Q5/X2系列净水器净饮机滤芯家用通用系列,1561689343461,291141614396,999,,正常,2026-05-07 11:59:30,无截图
拼多多,https://mobile.yangkeduo.com/goods.html?goods_id=290543633215,X2 X2-Face X2-Pro  云米净水器滤芯家用通用适用系列,970656404670,290543633215,199,,正常,2026-05-07 11:59:30,无截图
拼多多,https://mobile.yangkeduo.com/goods.html?goods_id=290543633215,X2 X2-Face X2-Pro  云米净水器滤芯家用通用适用系列,970656404670,290543633215,199,,正常,2026-05-07 11:59:30,无截图
拼多多,https://mobile.yangkeduo.com/goods.html?goods_id=243153009643,云米净饮机X2系列滤芯X2mini mango复合滤芯5in1/6in1 RO反渗透,1874217090821,243153009643,288,,正常,2026-05-07 11:59:30,无截图
拼多多,https://mobile.yangkeduo.com/goods.html?goods_id=243153009643,云米净饮机X2系列滤芯X2mini mango复合滤芯5in1/6in1 RO反渗透,1874217090821,243153009643,288,,正常,2026-05-07 11:59:30,无截图
拼多多,https://mobile.yangkeduo.com/goods.html?goods_id=243153009643,云米净饮机X2系列滤芯X2mini mango复合滤芯5in1/6in1 RO反渗透,1874217090821,243153009643,319,,正常,2026-05-07 11:59:30,无截图
拼多多,https://mobile.yangkeduo.com/goods.html?goods_id=237591380789,云米全自动智能马桶水箱泡沫盾抗菌即热恒温座圈离座冲水小鲸鱼2,1771263282620,237591380789,1999,,正常,2026-05-07 11:59:30,无截图
拼多多,https://mobile.yangkeduo.com/goods.html?goods_id=237591380789,云米全自动智能马桶水箱泡沫盾抗菌即热恒温座圈离座冲水小鲸鱼2,1771263282620,237591380789,1999,,正常,2026-05-07 11:59:30,无截图
拼多多,https://mobile.yangkeduo.com/goods.html?goods_id=225501370546,VIOMI 云米净水器小海豚600 厨下式RO反渗透直饮家用 无罐一体式,1883746094989,225501370546,999,,正常,2026-05-07 11:59:30,无截图
拼多多,https://mobile.yangkeduo.com/goods.html?goods_id=225501370546,VIOMI 云米净水器小海豚600 厨下式RO反渗透直饮家用 无罐一体式,1883746094989,225501370546,1099,,正常,2026-05-07 11:59:30,无截图
拼多多,https://mobile.yangkeduo.com/goods.html?goods_id=225501370546,VIOMI 云米净水器小海豚600 厨下式RO反渗透直饮家用 无罐一体式,1883746094989,225501370546,1398,,正常,2026-05-07 11:59:30,无截图
拼多多,https://mobile.yangkeduo.com/goods.html?goods_id=224216987554,云米净水器滤芯S2、Fast厨下1A400G600G 1号复合滤芯RO反渗透滤芯,1734513752412,224216987554,499,,正常,2026-05-07 11:59:30,无截图
拼多多,https://mobile.yangkeduo.com/goods.html?goods_id=224216987554,云米净水器滤芯S2、Fast厨下1A400G600G 1号复合滤芯RO反渗透滤芯,1734513752412,224216987554,699,,正常,2026-05-07 11:59:30,无截图
拼多多,https://mobile.yangkeduo.com/goods.html?goods_id=224216987554,云米净水器滤芯S2、Fast厨下1A400G600G 1号复合滤芯RO反渗透滤芯,1734513752412,224216987554,699,,正常,2026-05-07 11:59:30,无截图
拼多多,https://mobile.yangkeduo.com/goods.html?goods_id=220820325711,云米100L消毒柜家用超薄嵌入式大容量厨房独立消毒烘干ZTD100A-1,1644782695193,220820325711,899,,限时折扣,2026-05-07 11:59:30,无截图
拼多多,https://mobile.yangkeduo.com/goods.html?goods_id=219486126363,云米23m³顶侧大吸力智能油烟机厨房app挥手智控易清洁一级flash,1689355640209,219486126363,899,,限时折扣,2026-05-07 11:59:30,无截图
拼多多,https://mobile.yangkeduo.com/goods.html?goods_id=208071231700,云米60L速热电热水器3000W一级节能变频增容租房安全已接入米家AP,1660917678582,208071231700,749,,正常,2026-05-07 11:59:30,无截图
拼多多,https://mobile.yangkeduo.com/goods.html?goods_id=205451808289,云米小厨宝6L即热式厨房台下洗碗热水宝上出水储水式小型电热水器,1752480784258,205451808289,359,,正常,2026-05-07 11:59:30,无截图
拼多多,https://mobile.yangkeduo.com/goods.html?goods_id=205467667434,[新品上市]VIOMI 云米净水器600G小海豚3厨下式RO反渗透直饮家用,1861994533288,205467667434,998,,正常,2026-05-07 11:59:30,无截图
拼多多,https://mobile.yangkeduo.com/goods.html?goods_id=205458105137,Viomi云米净水器1000G厨下式RO反渗透直饮过滤器净饮小海豚2,1802849942800,205458105137,839,,百亿补贴,2026-05-07 11:59:30,无截图
拼多多2,https://mobile.yangkeduo.com/goods.html?goods_id=942754114793,云米AI燃气热水器 智控恒温防冻节能安全水质净化精准控温13L强排,1889138625755,942754114793,999,,正常,2026-05-07 12:01:18,无截图
拼多多2,https://mobile.yangkeduo.com/goods.html?goods_id=942740482351,云米AI燃气热水器 智控恒温防冻节能安全水质净化精准控温13L强排,1889127475814,942740482351,999,,正常,2026-05-07 12:01:18,无截图
拼多多2,https://mobile.yangkeduo.com/goods.html?goods_id=942656610557,云米即热净水器厨房家用直饮RO反渗透加热净饮一体机1000G,1889055244730,942656610557,2999,,正常,2026-05-07 12:01:18,无截图
拼多多2,https://mobile.yangkeduo.com/goods.html?goods_id=939930331098,VIOMI云米 滤芯 反渗透滤芯RO膜,1886802596916,939930331098,598,,正常,2026-05-07 12:01:18,无截图
拼多多2,https://mobile.yangkeduo.com/goods.html?goods_id=939930331098,VIOMI云米 滤芯 反渗透滤芯RO膜,1886802596916,939930331098,598,,正常,2026-05-07 12:01:18,无截图
拼多多2,https://mobile.yangkeduo.com/goods.html?goods_id=939930331098,VIOMI云米 滤芯 反渗透滤芯RO膜,1886802596916,939930331098,598,,正常,2026-05-07 12:01:18,无截图
拼多多2,https://mobile.yangkeduo.com/goods.html?goods_id=939930331098,VIOMI云米 滤芯 反渗透滤芯RO膜,1886802596916,939930331098,698,,正常,2026-05-07 12:01:18,无截图
拼多多2,https://mobile.yangkeduo.com/goods.html?goods_id=939930331098,VIOMI云米 滤芯 反渗透滤芯RO膜,1886802596916,939930331098,798,,正常,2026-05-07 12:01:18,无截图
拼多多2,https://mobile.yangkeduo.com/goods.html?goods_id=939930331098,VIOMI云米 滤芯 反渗透滤芯RO膜,1886802596916,939930331098,799,,正常,2026-05-07 12:01:18,无截图
拼多多2,https://mobile.yangkeduo.com/goods.html?goods_id=939930331098,VIOMI云米 滤芯 反渗透滤芯RO膜,1886802596916,939930331098,898,,正常,2026-05-07 12:01:18,无截图
拼多多2,https://mobile.yangkeduo.com/goods.html?goods_id=939930331098,VIOMI云米 滤芯 反渗透滤芯RO膜,1886802596916,939930331098,898,,正常,2026-05-07 12:01:18,无截图
拼多多2,https://mobile.yangkeduo.com/goods.html?goods_id=939930331098,VIOMI云米 滤芯 反渗透滤芯RO膜,1886802596916,939930331098,898,,正常,2026-05-07 12:01:18,无截图
拼多多2,https://mobile.yangkeduo.com/goods.html?goods_id=939930331098,VIOMI云米 滤芯 反渗透滤芯RO膜,1886802596916,939930331098,899,,正常,2026-05-07 12:01:18,无截图
拼多多2,https://mobile.yangkeduo.com/goods.html?goods_id=939928309801,VIOMI云米 滤芯 反渗透滤芯RO膜,1886801480219,939928309801,598,,正常,2026-05-07 12:01:18,无截图
拼多多2,https://mobile.yangkeduo.com/goods.html?goods_id=939928309801,VIOMI云米 滤芯 反渗透滤芯RO膜,1886801480219,939928309801,598,,正常,2026-05-07 12:01:18,无截图
拼多多2,https://mobile.yangkeduo.com/goods.html?goods_id=939928309801,VIOMI云米 滤芯 反渗透滤芯RO膜,1886801480219,939928309801,598,,正常,2026-05-07 12:01:18,无截图
拼多多2,https://mobile.yangkeduo.com/goods.html?goods_id=939928309801,VIOMI云米 滤芯 反渗透滤芯RO膜,1886801480219,939928309801,698,,正常,2026-05-07 12:01:18,无截图
拼多多2,https://mobile.yangkeduo.com/goods.html?goods_id=939928309801,VIOMI云米 滤芯 反渗透滤芯RO膜,1886801480219,939928309801,798,,正常,2026-05-07 12:01:18,无截图
拼多多2,https://mobile.yangkeduo.com/goods.html?goods_id=939928309801,VIOMI云米 滤芯 反渗透滤芯RO膜,1886801480219,939928309801,799,,正常,2026-05-07 12:01:18,无截图
拼多多2,https://mobile.yangkeduo.com/goods.html?goods_id=939928309801,VIOMI云米 滤芯 反渗透滤芯RO膜,1886801480219,939928309801,898,,正常,2026-05-07 12:01:18,无截图
拼多多2,https://mobile.yangkeduo.com/goods.html?goods_id=939928309801,VIOMI云米 滤芯 反渗透滤芯RO膜,1886801480219,939928309801,898,,正常,2026-05-07 12:01:18,无截图
拼多多2,https://mobile.yangkeduo.com/goods.html?goods_id=939928309801,VIOMI云米 滤芯 反渗透滤芯RO膜,1886801480219,939928309801,898,,正常,2026-05-07 12:01:18,无截图
拼多多2,https://mobile.yangkeduo.com/goods.html?goods_id=939928309801,VIOMI云米 滤芯 反渗透滤芯RO膜,1886801480219,939928309801,899,,正常,2026-05-07 12:01:18,无截图
拼多多2,https://mobile.yangkeduo.com/goods.html?goods_id=939760939921,云米净水器Super2Y1200G家用直饮厨下式RO反渗透鲜活泉无陈水,1886667204864,939760939921,999,,百亿补贴,2026-05-07 12:01:18,无截图
拼多多2,https://mobile.yangkeduo.com/goods.html?goods_id=932391238524,VIOMI 云米净水器小海豚3 厨下式RO反渗透直饮家用 无罐一体式,1880290308556,932391238524,895.5,,正常,2026-05-07 12:01:18,无截图
拼多多2,https://mobile.yangkeduo.com/goods.html?goods_id=932391238524,VIOMI 云米净水器小海豚3 厨下式RO反渗透直饮家用 无罐一体式,1880290308556,932391238524,895.5,,正常,2026-05-07 12:01:18,无截图
拼多多2,https://mobile.yangkeduo.com/goods.html?goods_id=926760918505,VIOMI云米净水器小海豚600G+升级版厨下式 RO 反渗透直饮家用,1875601991935,926760918505,904,,正常,2026-05-07 12:01:18,无截图
拼多多2,https://mobile.yangkeduo.com/goods.html?goods_id=926574119933,云米(VIOMI) 家用昆仑4弱碱1400G 矿物质直饮反渗透厨下过滤器,1875446186226,926574119933,2999,,限时折扣,2026-05-07 12:01:18,无截图
拼多多2,https://mobile.yangkeduo.com/goods.html?goods_id=926440536018,云米小厨宝6L电热水器厨房卫生间出水恒温储水式小型速热神器加热,1875316300427,926440536018,399,,正常,2026-05-07 12:01:18,无截图
拼多多2,https://mobile.yangkeduo.com/goods.html?goods_id=925977908012,云米(VIOMI)家用净水机昆仑3 2SPRO矿泉1400G净水器 反渗透RO膜,1874908970864,925977908012,2998,,正常,2026-05-07 12:01:18,无截图
拼多多2,https://mobile.yangkeduo.com/goods.html?goods_id=925958299439,云米(VIOMI) 家用昆仑4弱碱1200G 矿物质直饮反渗透厨下过滤器,1875485942533,925958299439,3999,,正常,2026-05-07 12:01:18,无截图
拼多多2,https://mobile.yangkeduo.com/goods.html?goods_id=925904229459,VIOMI云米净水器600G小蓝调厨下式RO反渗透直饮家用6年长效,1874824580625,925904229459,1299,,正常,2026-05-07 12:01:18,无截图
拼多多2,https://mobile.yangkeduo.com/goods.html?goods_id=925874862450,云米(VIOMI) 小海豚PRO 家用净水机 净水器 反渗透大通量 RO膜,1874796217489,925874862450,799,,百亿补贴,2026-05-07 12:01:18,无截图
拼多多2,https://mobile.yangkeduo.com/goods.html?goods_id=916998985237,云米(VIOMI)净水机昆仑3 2E净矿1000G净水器 6年RO膜 接入米家,1867534811674,916998985237,2599,,正常,2026-05-07 12:01:18,无截图
拼多多2,https://mobile.yangkeduo.com/goods.html?goods_id=925730122772,云米120°超广角猫眼全自动智能门锁电池家用客厅安全室内高清大屏,1874677049550,925730122772,999,,正常,2026-05-07 12:01:18,无截图
拼多多2,https://mobile.yangkeduo.com/goods.html?goods_id=920795499656,VIOMI云米小海豚3净水器5年长效RO反渗透厨下一体机水过滤大通量,1870520350487,920795499656,1299,,正常,2026-05-07 12:01:18,无截图
拼多多2,https://mobile.yangkeduo.com/goods.html?goods_id=920088070226,云米新品鲲鹏PRO油烟机28m³大吸力易清洁挥手智控烟灶联动小噪音,1870002479149,920088070226,2399,,正常,2026-05-07 12:01:18,无截图
拼多多2,https://mobile.yangkeduo.com/goods.html?goods_id=918828889854,VIOMI云米净水器600G小蓝调厨下式RO反渗透直饮家用6年长效,1874820305053,918828889854,1299,,正常,2026-05-07 12:01:18,无截图
拼多多2,https://mobile.yangkeduo.com/goods.html?goods_id=917044137245,云米前置过滤器家用自来水前置净水器自动反冲洗全屋净水机大流量,1867571324157,917044137245,498,,正常,2026-05-07 12:01:18,无截图
拼多多2,https://mobile.yangkeduo.com/goods.html?goods_id=917042534932,云米前置过滤器家用自来水前置净水器自动反冲洗全屋净水机大流量,1867569989442,917042534932,498,,正常,2026-05-07 12:01:18,无截图
拼多多2,https://mobile.yangkeduo.com/goods.html?goods_id=917038452382,【冷热直饮套装】云米净水器家用厨下管线机套装一键即热制冷直饮,1867566328081,917038452382,1319,,百亿补贴,2026-05-07 12:01:18,无截图
拼多多2,https://mobile.yangkeduo.com/goods.html?goods_id=917038452382,【冷热直饮套装】云米净水器家用厨下管线机套装一键即热制冷直饮,1867566328081,917038452382,1419,,百亿补贴,2026-05-07 12:01:18,无截图
拼多多2,https://mobile.yangkeduo.com/goods.html?goods_id=917034829515,Viomi云米制冷管线机壁挂式 直饮机 饮水机 UV全水路杀菌速热制冷,1867563659923,917034829515,869,,百亿补贴,2026-05-07 12:01:18,无截图
拼多多2,https://mobile.yangkeduo.com/goods.html?goods_id=917032713009,VIOMI云米冷热管线机饮水机壁挂式双出水台式管线机UV杀菌,1867561954006,917032713009,669,,百亿补贴,2026-05-07 12:01:18,无截图
拼多多2,https://mobile.yangkeduo.com/goods.html?goods_id=917031150770,VIOMI云米净水器600G小蓝调厨下式RO反渗透直饮家用6年长效,1867560908909,917031150770,649,,限时折扣,2026-05-07 12:01:18,无截图
拼多多2,https://mobile.yangkeduo.com/goods.html?goods_id=917001945930,云米矿泉台式净饮机即热式饮水机直饮家用矿化加热一体机净水器,1867536984302,917001945930,2199,,正常,2026-05-07 12:01:18,无截图
拼多多2,https://mobile.yangkeduo.com/goods.html?goods_id=916996455515,VIOMI/云米 新品管线机 冷热管线机Super2 Pro,1867532355741,916996455515,1289,,限时折扣,2026-05-07 12:01:18,无截图
拼多多2,https://mobile.yangkeduo.com/goods.html?goods_id=916452280972,云米(VIOMI) 小海豚900G  家用净水机 净水器 反渗透6年长效 RO膜,1867093178373,916452280972,799,,限时折扣,2026-05-07 12:01:18,无截图
拼多多2,https://mobile.yangkeduo.com/goods.html?goods_id=916441693850,云米(VIOMI) 小海豚PRO 家用净水机 净水器 反渗透大通量 RO膜,1871839640760,916441693850,899,,限量折扣,2026-05-07 12:01:18,无截图
拼多多2,https://mobile.yangkeduo.com/goods.html?goods_id=916398420768,VIOMI云米 复合滤芯五合一,1875946260769,916398420768,298,,正常,2026-05-07 12:01:18,无截图
拼多多2,https://mobile.yangkeduo.com/goods.html?goods_id=916398420768,VIOMI云米 复合滤芯五合一,1875946260769,916398420768,298,,正常,2026-05-07 12:01:18,无截图
拼多多2,https://mobile.yangkeduo.com/goods.html?goods_id=916398420768,VIOMI云米 复合滤芯五合一,1875946260769,916398420768,298,,正常,2026-05-07 12:01:18,无截图
拼多多2,https://mobile.yangkeduo.com/goods.html?goods_id=916398420768,VIOMI云米 复合滤芯五合一,1875946260769,916398420768,298,,正常,2026-05-07 12:01:18,无截图
拼多多2,https://mobile.yangkeduo.com/goods.html?goods_id=916398420768,VIOMI云米 复合滤芯五合一,1875946260769,916398420768,298,,正常,2026-05-07 12:01:18,无截图
拼多多2,https://mobile.yangkeduo.com/goods.html?goods_id=916398420768,VIOMI云米 复合滤芯五合一,1875946260769,916398420768,298,,正常,2026-05-07 12:01:18,无截图
拼多多2,https://mobile.yangkeduo.com/goods.html?goods_id=916398420768,VIOMI云米 复合滤芯五合一,1875946260769,916398420768,298,,正常,2026-05-07 12:01:18,无截图
拼多多2,https://mobile.yangkeduo.com/goods.html?goods_id=916398420768,VIOMI云米 复合滤芯五合一,1875946260769,916398420768,298,,正常,2026-05-07 12:01:18,无截图
拼多多2,https://mobile.yangkeduo.com/goods.html?goods_id=916398420768,VIOMI云米 复合滤芯五合一,1875946260769,916398420768,298,,正常,2026-05-07 12:01:18,无截图
拼多多2,https://mobile.yangkeduo.com/goods.html?goods_id=916398420768,VIOMI云米 复合滤芯五合一,1875946260769,916398420768,298,,正常,2026-05-07 12:01:18,无截图
拼多多2,https://mobile.yangkeduo.com/goods.html?goods_id=916398420768,VIOMI云米 复合滤芯五合一,1875946260769,916398420768,298,,正常,2026-05-07 12:01:18,无截图
拼多多2,https://mobile.yangkeduo.com/goods.html?goods_id=916398420768,VIOMI云米 复合滤芯五合一,1875946260769,916398420768,298,,正常,2026-05-07 12:01:18,无截图
拼多多2,https://mobile.yangkeduo.com/goods.html?goods_id=916398420768,VIOMI云米 复合滤芯五合一,1875946260769,916398420768,298,,正常,2026-05-07 12:01:18,无截图
拼多多2,https://mobile.yangkeduo.com/goods.html?goods_id=916398420768,VIOMI云米 复合滤芯五合一,1875946260769,916398420768,298,,正常,2026-05-07 12:01:18,无截图
拼多多2,https://mobile.yangkeduo.com/goods.html?goods_id=916398420768,VIOMI云米 复合滤芯五合一,1875946260769,916398420768,298,,正常,2026-05-07 12:01:18,无截图
拼多多2,https://mobile.yangkeduo.com/goods.html?goods_id=916398420768,VIOMI云米 复合滤芯五合一,1875946260769,916398420768,299,,正常,2026-05-07 12:01:18,无截图
拼多多2,https://mobile.yangkeduo.com/goods.html?goods_id=916398420768,VIOMI云米 复合滤芯五合一,1875946260769,916398420768,299,,正常,2026-05-07 12:01:18,无截图
拼多多2,https://mobile.yangkeduo.com/goods.html?goods_id=916398420768,VIOMI云米 复合滤芯五合一,1875946260769,916398420768,299,,正常,2026-05-07 12:01:18,无截图
拼多多2,https://mobile.yangkeduo.com/goods.html?goods_id=916398420768,VIOMI云米 复合滤芯五合一,1875946260769,916398420768,398,,正常,2026-05-07 12:01:18,无截图
拼多多2,https://mobile.yangkeduo.com/goods.html?goods_id=916398420768,VIOMI云米 复合滤芯五合一,1875946260769,916398420768,398,,正常,2026-05-07 12:01:18,无截图
拼多多2,https://mobile.yangkeduo.com/goods.html?goods_id=916398420768,VIOMI云米 复合滤芯五合一,1875946260769,916398420768,398,,正常,2026-05-07 12:01:18,无截图
拼多多2,https://mobile.yangkeduo.com/goods.html?goods_id=916398420768,VIOMI云米 复合滤芯五合一,1875946260769,916398420768,399,,正常,2026-05-07 12:01:18,无截图
拼多多2,https://mobile.yangkeduo.com/goods.html?goods_id=916398420768,VIOMI云米 复合滤芯五合一,1875946260769,916398420768,399,,正常,2026-05-07 12:01:18,无截图
拼多多2,https://mobile.yangkeduo.com/goods.html?goods_id=915797572693,VIOMI云米净水器小海豚600G+升级版厨下式 RO 反渗透直饮家用,1866932503532,915797572693,699,,百亿补贴,2026-05-07 12:01:18,无截图
拼多多2,https://mobile.yangkeduo.com/goods.html?goods_id=885690465484,VIOMI云米净水器小海豚600G+升级版厨下式RO反渗透直饮家用,1842069528864,885690465484,559,,百亿补贴,2026-05-07 12:01:18,无截图
拼多多2,https://mobile.yangkeduo.com/goods.html?goods_id=882919216767,VIOMI云米净水器 800G 厨下净饮一体机水过滤 长效RO膜小米app,1839646092681,882919216767,1199,,正常,2026-05-07 12:01:18,无截图
拼多多2,https://mobile.yangkeduo.com/goods.html?goods_id=879245702873,VIOMI云米小海豚3净水器5年长效RO反渗透厨下一体机水过滤大通量,1866937772739,879245702873,1299,,正常,2026-05-07 12:01:18,无截图
拼多多2,https://mobile.yangkeduo.com/goods.html?goods_id=874350558652,VIOMI云米滤芯 小海豚3适用,1831839489210,874350558652,239,,正常,2026-05-07 12:01:18,无截图
拼多多2,https://mobile.yangkeduo.com/goods.html?goods_id=874350558652,VIOMI云米滤芯 小海豚3适用,1831839489210,874350558652,499,,正常,2026-05-07 12:01:18,无截图
拼多多2,https://mobile.yangkeduo.com/goods.html?goods_id=873053402073,VIOMI云米小海豚3净水器5年长效RO反渗透厨下一体机水过滤大通量,1866934719768,873053402073,1199,,正常,2026-05-07 12:01:18,无截图
拼多多2,https://mobile.yangkeduo.com/goods.html?goods_id=530950162370,云米小海豚2 1000G净水器净水机管线机即热饮水机前置过滤器套装,1463741497780,530950162370,2699,,正常,2026-05-07 12:01:18,无截图
拼多多2,https://mobile.yangkeduo.com/goods.html?goods_id=530950162370,云米小海豚2 1000G净水器净水机管线机即热饮水机前置过滤器套装,1463741497780,530950162370,2999,,正常,2026-05-07 12:01:18,无截图
拼多多2,https://mobile.yangkeduo.com/goods.html?goods_id=500282125061,云米1.5匹变频冷暖Milano2ProAI语音UVC除菌新一级智能电器挂机,1417720049840,500282125061,2799,,正常,2026-05-07 12:01:18,无截图
拼多多2,https://mobile.yangkeduo.com/goods.html?goods_id=497869228081,云米521升风冷无霜一级变频十字四开门对开门大容量智能电器冰箱,1413820085426,497869228081,2799,,正常,2026-05-07 12:01:18,无截图
拼多多2,https://mobile.yangkeduo.com/goods.html?goods_id=491420502929,云米1.5匹AI智能电器变频空调冷暖两用新一级省电家用杀菌挂机,1403896214280,491420502929,2599,,正常,2026-05-07 12:01:18,无截图
拼多多2,https://mobile.yangkeduo.com/goods.html?goods_id=489538266025,云米TDS水质检测笔测水质仪饮用水检测器家用自来水水质测试仪器,1400830389938,489538266025,99,,正常,2026-05-07 12:01:18,无截图
拼多多2,https://mobile.yangkeduo.com/goods.html?goods_id=6120759451,云米VO1602电烤箱多功能烤箱家用烘焙小型蛋糕电烤鸡翅披萨16L,159952002094,6120759451,149,,正常,2026-05-07 12:01:18,无截图
